Shipment_ID,Order_ID,Supplier_ID,Product_ID,Origin_ID,Destination_ID,Ship_Date,Expected_Date,Actual_Delivery_Date,Shipping_Mode,Quantity,Freight_Cost_USD,Port_Dwell_Days,Customs_Delay_Days,Transit_Time_Days,Supplier_Risk_Score,Priority_Level,Shipment_Status,Revenue_Exposure_USD,Delivery_Performance
SHP00001,ORD100000,SUP032,SKU011,LOC05,LOC23,2025-03-26,2025-04-16,2025-05-01,Ocean,385,2626.28,10,1.0,36,85.7,Normal,Delivered,644054.95,late
SHP00002,ORD100001,SUP010,SKU055,LOC07,LOC17,2025-03-26,2025-04-10,2025-04-23,Rail,500,14755.42,5,3.0,28,22.4,Normal,Delivered,342080.0,late
SHP00003,ORD100002,SUP017,SKU011,LOC07,LOC20,2025-11-26,2025-12-09,2025-12-12,Rail,290,3073.81,1,3.0,16,27.0,Normal,Delivered,485132.3,late
SHP00004,ORD100003,SUP002,SKU052,LOC14,LOC25,2026-02-10,2026-03-01,2026-03-03,Ocean,371,17989.84,4,0.0,21,46.2,Normal,Delivered,94653.23,late
SHP00005,ORD100004,SUP014,SKU024,LOC05,LOC16,2025-01-23,2025-02-14,2025-02-12,Ocean,348,4490.58,0,0.0,20,28.8,Normal,Delivered,103530.0,on_time
SHP00006,ORD100005,SUP039,SKU058,LOC04,LOC22,2026-04-19,2026-05-17,2026-05-25,Ocean,281,13252.01,8,3.0,36,31.2,Normal,Delivered,397454.83,late
SHP00007,ORD100006,SUP018,SKU008,LOC13,LOC16,2026-01-11,2026-02-10,2026-02-22,Ocean,12,61.82,8,5.0,42,54.4,Normal,Delivered,14811.48,late
SHP00008,ORD100007,SUP029,SKU028,LOC13,LOC18,2025-01-09,2025-02-11,2025-02-13,Ocean,333,5213.05,2,4.0,35,66.2,Normal,Delivered,309836.52,late
SHP00009,ORD100008,SUP005,SKU055,LOC12,LOC17,2025-03-08,2025-03-27,2025-04-05,Ocean,267,3023.75,5,4.0,28,63.1,Normal,Delivered,182670.72,late
SHP00010,ORD100009,SUP026,SKU003,LOC12,LOC20,2025-11-10,2025-11-25,2025-11-27,Rail,106,2675.83,0,7.0,17,32.5,Normal,Delivered,179045.66,late
SHP00011,ORD100010,SUP015,SKU016,LOC12,LOC23,2026-05-14,2026-05-26,2026-06-03,Rail,355,24761.05,6,4.0,20,60.7,Normal,Delivered,517110.75,late
SHP00012,ORD100011,SUP030,SKU006,LOC13,LOC22,2026-07-24,2026-07-31,2026-08-02,Air,429,32323.54,0,3.0,9,50.3,Priority,Delivered,604611.15,late
SHP00013,ORD100012,SUP038,SKU020,LOC06,LOC25,2025-10-25,2025-11-03,2025-11-06,Air,278,22384.2,5,2.0,12,54.5,Priority,Delivered,220292.76,late
SHP00014,ORD100013,SUP022,SKU024,LOC08,LOC21,2025-07-23,2025-08-13,2025-08-17,Ocean,20,298.81,6,0.0,25,16.0,Normal,Delivered,5950.0,late
SHP00015,ORD100014,SUP005,SKU038,LOC05,LOC21,2026-10-31,2026-11-28,2026-12-04,Ocean,87,1336.52,4,3.0,34,56.9,Normal,Delivered,39424.92,late
SHP00016,ORD100015,SUP020,SKU016,LOC09,LOC24,2025-11-13,2025-12-01,2025-12-07,Ocean,417,13675.81,5,3.0,24,60.3,Normal,Delivered,607423.05,late
SHP00017,ORD100016,SUP005,SKU010,LOC11,LOC16,2025-08-06,2025-08-14,2025-08-21,Air,441,78983.66,6,2.0,15,50.2,Normal,Delivered,573538.14,late
SHP00018,ORD100017,SUP018,SKU011,LOC01,LOC20,2025-11-02,2025-11-24,2025-11-28,Ocean,207,1527.07,10,1.0,26,47.7,Normal,Delivered,346284.09,late
SHP00019,ORD100018,SUP003,SKU057,LOC02,LOC18,2025-01-09,2025-01-20,2025-01-29,Air,202,15256.47,4,6.0,20,71.9,Normal,Delivered,267771.2,late
SHP00020,ORD100019,SUP026,SKU058,LOC01,LOC16,2025-07-28,2025-08-20,2025-08-27,Ocean,187,7508.01,6,3.0,30,39.8,Normal,Delivered,264498.41,late
SHP00021,ORD100020,SUP013,SKU014,LOC08,LOC17,2025-12-22,2026-01-15,2026-01-26,Ocean,441,10606.97,6,4.0,35,42.4,Normal,Delivered,510514.83,late
SHP00022,ORD100021,SUP009,SKU012,LOC01,LOC18,2026-09-26,2026-10-22,2026-10-29,Ocean,477,5458.51,7,3.0,33,35.7,Normal,Delivered,430473.42,late
SHP00023,ORD100022,SUP001,SKU004,LOC07,LOC25,2026-05-25,2026-06-10,2026-06-17,Rail,450,6144.52,5,1.0,23,20.4,Normal,Delivered,676620.0,late
SHP00024,ORD100023,SUP036,SKU058,LOC06,LOC19,2026-06-24,2026-07-22,2026-08-01,Ocean,273,13229.31,8,2.0,38,74.9,Normal,Delivered,386139.39,late
SHP00025,ORD100024,SUP034,SKU043,LOC07,LOC15,2026-01-11,2026-02-05,2026-02-17,Ocean,473,5163.41,3,6.0,37,62.0,Normal,Delivered,631332.02,late
SHP00026,ORD100025,SUP033,SKU046,LOC09,LOC25,2025-03-18,2025-04-05,2025-04-05,Ocean,116,4309.48,1,0.0,18,56.0,Normal,Delivered,33193.4,on_time
SHP00027,ORD100026,SUP003,SKU018,LOC13,LOC21,2025-09-27,2025-10-03,2025-10-10,Air,167,27200.86,5,1.0,13,74.3,Priority,Delivered,75697.76,late
SHP00028,ORD100027,SUP014,SKU039,LOC10,LOC20,2026-11-19,2026-12-09,2026-12-12,Rail,56,1919.61,2,3.0,23,29.7,Normal,Delivered,39813.76,late
SHP00029,ORD100028,SUP039,SKU004,LOC05,LOC21,2025-01-31,2025-02-17,2025-02-18,Ocean,148,765.05,0,0.0,18,32.0,Priority,Delivered,222532.8,late
SHP00030,ORD100029,SUP024,SKU041,LOC02,LOC17,2026-08-30,2026-09-18,2026-09-22,Rail,361,9976.43,5,3.0,23,55.7,Priority,Delivered,355473.09,late
SHP00031,ORD100030,SUP006,SKU035,LOC09,LOC20,2026-04-18,2026-05-17,2026-05-23,Ocean,360,2229.18,3,3.0,35,45.9,Normal,Delivered,354888.0,late
SHP00032,ORD100031,SUP006,SKU020,LOC12,LOC16,2025-07-15,2025-07-22,2025-07-29,Air,215,18592.55,6,0.0,14,39.0,Normal,Delivered,170370.3,late
SHP00033,ORD100032,SUP011,SKU043,LOC14,LOC23,2026-06-21,2026-07-16,2026-07-25,Ocean,28,313.94,3,5.0,34,64.3,Normal,Delivered,37372.72,late
SHP00034,ORD100033,SUP039,SKU039,LOC05,LOC19,2026-08-01,2026-08-21,2026-08-26,Ocean,183,2424.2,2,2.0,25,34.0,Normal,Delivered,130105.68,late
SHP00035,ORD100034,SUP007,SKU027,LOC07,LOC16,2025-01-30,2025-02-05,2025-02-09,Air,280,26073.72,5,1.0,10,60.6,Critical,Delivered,347102.0,late
SHP00036,ORD100035,SUP037,SKU012,LOC08,LOC22,2025-03-15,2025-04-07,2025-04-05,Ocean,384,5220.95,2,1.0,21,31.1,Normal,Delivered,346544.64,on_time
SHP00037,ORD100036,SUP028,SKU002,LOC11,LOC21,2026-04-05,2026-04-29,2026-05-02,Ocean,102,3385.34,2,2.0,27,63.6,Normal,Delivered,71478.54,late
SHP00038,ORD100037,SUP037,SKU057,LOC13,LOC18,2026-11-21,2026-12-04,2026-12-04,Air,39,3270.85,1,4.0,13,33.7,Normal,Delivered,51698.4,on_time
SHP00039,ORD100038,SUP034,SKU017,LOC11,LOC19,2025-01-17,2025-02-01,2025-02-02,Rail,236,870.93,4,1.0,16,75.4,Normal,Delivered,55825.8,late
SHP00040,ORD100039,SUP014,SKU019,LOC02,LOC16,2026-04-05,2026-04-24,2026-05-04,Ocean,202,8642.15,5,3.0,29,33.6,Critical,Delivered,222896.9,late
SHP00041,ORD100040,SUP034,SKU041,LOC04,LOC16,2025-04-05,2025-04-13,2025-04-18,Air,328,17777.95,2,4.0,13,70.7,Priority,Delivered,322978.32,late
SHP00042,ORD100041,SUP007,SKU016,LOC09,LOC24,2026-03-25,2026-04-03,2026-04-15,Air,156,26439.98,8,4.0,21,56.4,Priority,Delivered,227237.4,late
SHP00043,ORD100042,SUP012,SKU023,LOC02,LOC24,2026-03-07,2026-03-23,2026-03-26,Ocean,69,1896.09,1,2.0,19,59.7,Normal,Delivered,20805.57,late
SHP00044,ORD100043,SUP009,SKU043,LOC11,LOC15,2025-03-04,2025-03-23,2025-03-23,Rail,47,972.04,0,2.0,19,22.3,Normal,Delivered,62732.78,on_time
SHP00045,ORD100044,SUP006,SKU036,LOC11,LOC21,2026-04-15,2026-05-11,2026-05-16,Ocean,88,3972.4,6,1.0,31,33.7,Normal,Delivered,75434.48,late
SHP00046,ORD100045,SUP004,SKU040,LOC08,LOC19,2026-09-11,2026-09-21,2026-09-20,Air,413,27584.69,2,0.0,9,39.4,Critical,Delivered,706333.25,on_time
SHP00047,ORD100046,SUP008,SKU001,LOC06,LOC18,2026-08-19,2026-09-05,2026-09-05,Ocean,261,4808.16,2,1.0,17,34.6,Priority,Delivered,156459.06,on_time
SHP00048,ORD100047,SUP005,SKU028,LOC03,LOC22,2025-01-21,2025-02-06,2025-02-14,Ocean,337,5210.59,4,2.0,24,55.0,Normal,Delivered,313558.28,late
SHP00049,ORD100048,SUP016,SKU029,LOC14,LOC15,2025-06-19,2025-07-11,2025-07-18,Ocean,62,199.08,4,1.0,29,31.1,Normal,Delivered,22538.86,late
SHP00050,ORD100049,SUP003,SKU038,LOC08,LOC21,2025-06-16,2025-07-15,2025-07-30,Ocean,445,9840.29,8,5.0,44,54.6,Normal,Delivered,201656.2,late
SHP00051,ORD100050,SUP003,SKU010,LOC14,LOC18,2025-11-09,2025-11-29,2025-12-04,Rail,170,11232.49,4,2.0,25,60.6,Priority,Delivered,221091.8,late
SHP00052,ORD100051,SUP040,SKU010,LOC03,LOC16,2025-04-09,2025-04-23,2025-04-29,Rail,269,20990.33,4,4.0,20,47.9,Normal,Delivered,349845.26,late
SHP00053,ORD100052,SUP004,SKU046,LOC06,LOC21,2026-08-13,2026-09-12,2026-09-13,Ocean,331,12580.93,1,2.0,31,32.9,Critical,Delivered,94715.65,late
SHP00054,ORD100053,SUP003,SKU041,LOC03,LOC25,2026-06-20,2026-07-18,2026-07-28,Ocean,469,8319.23,6,5.0,38,56.9,Critical,Delivered,461819.61,late
SHP00055,ORD100054,SUP002,SKU049,LOC10,LOC19,2026-07-12,2026-08-04,2026-08-11,Ocean,231,6679.0,4,3.0,30,47.6,Normal,Delivered,79838.22,late
SHP00056,ORD100055,SUP006,SKU017,LOC03,LOC16,2025-05-17,2025-06-09,2025-06-10,Ocean,210,396.45,2,0.0,24,31.3,Normal,Delivered,49675.5,late
SHP00057,ORD100056,SUP022,SKU060,LOC09,LOC19,2025-01-11,2025-02-12,2025-02-15,Ocean,281,1628.5,3,3.0,35,16.0,Normal,Delivered,432090.89,late
SHP00058,ORD100057,SUP034,SKU017,LOC11,LOC23,2026-09-21,2026-10-09,2026-10-20,Rail,219,827.09,9,2.0,29,65.8,Normal,Delivered,51804.45,late
SHP00059,ORD100058,SUP030,SKU040,LOC13,LOC21,2025-07-19,2025-07-26,2025-08-09,Air,37,2035.31,5,8.0,21,38.8,Normal,Delivered,63279.25,late
SHP00060,ORD100059,SUP024,SKU010,LOC04,LOC16,2026-03-29,2026-04-18,2026-04-27,Ocean,174,5895.52,9,3.0,29,69.5,Normal,Delivered,226293.96,late
SHP00061,ORD100060,SUP004,SKU056,LOC01,LOC18,2026-09-20,2026-10-15,2026-10-22,Ocean,410,3287.92,4,1.0,32,27.1,Priority,Delivered,124787.6,late
SHP00062,ORD100061,SUP031,SKU020,LOC05,LOC18,2025-01-25,2025-02-05,2025-02-02,Air,453,27367.58,0,0.0,8,25.1,Normal,Delivered,358966.26,on_time
SHP00063,ORD100062,SUP002,SKU049,LOC04,LOC25,2025-01-04,2025-02-03,2025-02-05,Ocean,135,3432.32,4,2.0,32,59.5,Normal,Delivered,46658.7,late
SHP00064,ORD100063,SUP026,SKU020,LOC10,LOC17,2025-01-04,2025-01-31,2025-02-06,Ocean,53,1028.44,3,4.0,33,47.2,Priority,Delivered,41998.26,late
SHP00065,ORD100064,SUP017,SKU048,LOC10,LOC20,2025-04-18,2025-05-10,2025-05-10,Ocean,257,12073.76,0,2.0,22,27.0,Normal,Delivered,125850.33,on_time
SHP00066,ORD100065,SUP036,SKU028,LOC01,LOC19,2025-02-05,2025-03-09,2025-03-14,Ocean,96,1599.55,7,3.0,37,65.8,Normal,Delivered,89322.24,late
SHP00067,ORD100066,SUP013,SKU004,LOC05,LOC25,2026-07-20,2026-08-19,2026-08-28,Ocean,183,1032.75,3,5.0,39,40.9,Normal,Delivered,275158.8,late
SHP00068,ORD100067,SUP026,SKU012,LOC06,LOC25,2026-02-23,2026-03-05,2026-03-10,Air,354,23518.1,4,3.0,15,23.2,Normal,Delivered,319470.84,late
SHP00069,ORD100068,SUP018,SKU042,LOC06,LOC23,2026-11-08,2026-12-08,2026-12-18,Ocean,165,3959.7,4,6.0,40,47.9,Critical,Delivered,240357.15,late
SHP00070,ORD100069,SUP021,SKU012,LOC05,LOC23,2026-07-08,2026-07-15,2026-07-25,Air,54,3674.99,8,0.0,17,45.8,Priority,Delivered,48732.84,late
SHP00071,ORD100070,SUP038,SKU017,LOC07,LOC17,2026-10-27,2026-11-24,2026-11-27,Ocean,44,65.74,4,1.0,31,75.2,Normal,Delivered,10408.2,late
SHP00072,ORD100071,SUP029,SKU033,LOC11,LOC24,2025-06-14,2025-07-04,2025-07-09,Rail,295,19075.0,7,2.0,25,66.9,Normal,Delivered,480602.2,late
SHP00073,ORD100072,SUP017,SKU016,LOC13,LOC15,2025-07-18,2025-08-14,2025-08-13,Ocean,72,3143.28,0,1.0,26,27.0,Normal,Delivered,104878.8,on_time
SHP00074,ORD100073,SUP018,SKU008,LOC02,LOC18,2026-08-10,2026-09-03,2026-09-05,Ocean,276,2131.83,0,3.0,26,37.2,Normal,Delivered,340664.04,late
SHP00075,ORD100074,SUP029,SKU038,LOC02,LOC20,2025-06-18,2025-07-05,2025-07-15,Ocean,39,770.65,7,1.0,27,55.2,Normal,Delivered,17673.24,late
SHP00076,ORD100075,SUP014,SKU042,LOC06,LOC18,2025-02-09,2025-03-11,2025-03-17,Ocean,198,5142.95,3,5.0,36,40.3,Critical,Delivered,288428.58,late
SHP00077,ORD100076,SUP007,SKU044,LOC14,LOC25,2026-04-07,2026-05-01,2026-05-10,Ocean,478,13555.32,2,5.0,33,59.4,Normal,Delivered,743557.68,late
SHP00078,ORD100077,SUP019,SKU057,LOC09,LOC22,2026-07-07,2026-07-15,2026-07-28,Air,452,34129.1,9,2.0,21,58.0,Priority,Delivered,599171.2,late
SHP00079,ORD100078,SUP003,SKU008,LOC12,LOC18,2026-10-31,2026-11-17,2026-11-24,Ocean,425,2974.98,3,5.0,24,71.5,Normal,Delivered,524573.25,late
SHP00080,ORD100079,SUP007,SKU026,LOC14,LOC16,2026-10-03,2026-10-22,2026-11-01,Ocean,315,593.72,4,4.0,29,59.5,Normal,Delivered,44799.3,late
SHP00081,ORD100080,SUP017,SKU015,LOC04,LOC24,2025-03-24,2025-04-20,2025-04-25,Ocean,467,9103.01,3,3.0,32,27.0,Priority,Delivered,812925.58,late
SHP00082,ORD100081,SUP032,SKU055,LOC04,LOC22,2026-06-17,2026-06-27,2026-07-05,Air,186,9354.59,6,5.0,18,90.7,Normal,Delivered,127253.76,late
SHP00083,ORD100082,SUP032,SKU033,LOC07,LOC20,2026-08-07,2026-08-25,2026-09-05,Rail,260,16044.47,4,9.0,29,93.5,Priority,Delivered,423581.6,late
SHP00084,ORD100083,SUP011,SKU006,LOC07,LOC25,2026-04-27,2026-05-06,2026-05-19,Air,421,31580.73,10,2.0,22,39.6,Priority,Delivered,593336.35,late
SHP00085,ORD100084,SUP017,SKU042,LOC08,LOC15,2026-07-20,2026-08-21,2026-08-18,Ocean,473,15582.68,1,1.0,29,27.0,Normal,Delivered,689023.83,on_time
SHP00086,ORD100085,SUP007,SKU003,LOC12,LOC23,2026-08-02,2026-08-10,2026-08-16,Air,124,5368.89,7,0.0,14,50.5,Normal,Delivered,209449.64,late
SHP00087,ORD100086,SUP031,SKU017,LOC04,LOC15,2025-11-05,2025-11-12,2025-11-12,Air,422,2987.28,0,3.0,7,28.0,Priority,Delivered,99824.1,on_time
SHP00088,ORD100087,SUP010,SKU044,LOC07,LOC17,2025-01-28,2025-02-19,2025-02-22,Ocean,172,4993.91,4,3.0,25,43.0,Normal,Delivered,267556.32,late
SHP00089,ORD100088,SUP032,SKU031,LOC07,LOC15,2025-11-11,2025-12-03,2025-12-09,Ocean,482,7386.97,3,1.0,28,75.9,Normal,Delivered,464739.58,late
SHP00090,ORD100089,SUP034,SKU046,LOC06,LOC25,2025-05-20,2025-05-23,2025-06-07,Air,50,9051.85,8,4.0,18,81.0,Normal,Delivered,14307.5,late
SHP00091,ORD100090,SUP028,SKU035,LOC11,LOC25,2025-03-20,2025-04-09,2025-04-14,Ocean,279,1996.05,3,3.0,25,44.7,Normal,Delivered,275038.2,late
SHP00092,ORD100091,SUP014,SKU051,LOC07,LOC25,2025-03-28,2025-04-06,2025-04-08,Air,358,62965.1,4,2.0,11,30.4,Normal,Delivered,325325.34,late
SHP00093,ORD100092,SUP039,SKU034,LOC12,LOC25,2026-04-27,2026-05-25,2026-06-02,Ocean,71,2409.0,6,1.0,36,42.8,Normal,Delivered,100321.58,late
SHP00094,ORD100093,SUP028,SKU004,LOC11,LOC16,2025-12-15,2026-01-06,2026-01-08,Ocean,490,3076.17,1,1.0,24,49.2,Critical,Delivered,736764.0,late
SHP00095,ORD100094,SUP026,SKU005,LOC07,LOC15,2026-01-08,2026-02-02,2026-02-05,Ocean,237,7535.01,2,0.0,28,44.8,Normal,Delivered,374426.82,late
SHP00096,ORD100095,SUP035,SKU047,LOC04,LOC22,2026-05-30,2026-06-08,2026-06-15,Air,231,30086.91,5,3.0,16,16.0,Normal,Delivered,327675.81,late
SHP00097,ORD100096,SUP036,SKU003,LOC14,LOC16,2026-01-14,2026-02-02,2026-02-07,Rail,305,8025.33,4,2.0,24,77.9,Normal,Delivered,515178.55,late
SHP00098,ORD100097,SUP004,SKU023,LOC14,LOC25,2026-03-11,2026-03-28,2026-03-30,Ocean,204,4586.55,0,2.0,19,18.9,Normal,Delivered,61512.12,late
SHP00099,ORD100098,SUP036,SKU001,LOC12,LOC17,2025-03-01,2025-03-21,2025-03-26,Ocean,308,8010.98,3,2.0,25,73.2,Normal,Delivered,184633.68,late
SHP00100,ORD100099,SUP031,SKU019,LOC11,LOC21,2026-08-11,2026-09-02,2026-09-03,Ocean,387,13471.33,0,3.0,23,33.2,Normal,Delivered,427035.15,late
SHP00101,ORD100100,SUP009,SKU036,LOC04,LOC21,2025-11-06,2025-11-26,2025-11-25,Ocean,415,17977.23,0,2.0,19,20.7,Priority,Delivered,355742.15,on_time
SHP00102,ORD100101,SUP013,SKU011,LOC13,LOC19,2025-04-18,2025-04-29,2025-05-04,Rail,128,1374.27,2,2.0,16,46.7,Normal,Delivered,214127.36,late
SHP00103,ORD100102,SUP031,SKU028,LOC03,LOC15,2026-07-16,2026-08-17,2026-08-21,Ocean,109,1585.96,3,5.0,36,21.7,Normal,Delivered,101417.96,late
SHP00104,ORD100103,SUP009,SKU060,LOC08,LOC19,2026-05-22,2026-06-18,2026-06-22,Ocean,274,1283.87,4,2.0,31,27.8,Normal,Delivered,421327.06,late
SHP00105,ORD100104,SUP019,SKU005,LOC12,LOC24,2025-02-06,2025-02-28,2025-03-10,Ocean,316,9808.46,3,2.0,32,61.7,Normal,Delivered,499235.76,late
SHP00106,ORD100105,SUP028,SKU004,LOC13,LOC18,2025-05-14,2025-05-27,2025-05-30,Rail,229,2894.41,3,3.0,16,39.5,Normal,Delivered,344324.4,late
SHP00107,ORD100106,SUP027,SKU017,LOC04,LOC17,2025-01-11,2025-02-10,2025-02-14,Ocean,322,555.89,2,1.0,34,47.8,Priority,Delivered,76169.1,late
SHP00108,ORD100107,SUP037,SKU050,LOC03,LOC17,2025-07-06,2025-07-13,2025-07-14,Air,213,28871.73,3,0.0,8,36.1,Normal,Delivered,183776.4,late
SHP00109,ORD100108,SUP005,SKU025,LOC13,LOC24,2025-03-10,2025-03-26,2025-04-02,Ocean,476,6430.59,5,4.0,23,62.1,Critical,Delivered,149744.84,late
SHP00110,ORD100109,SUP012,SKU039,LOC01,LOC25,2026-05-05,2026-05-28,2026-05-31,Ocean,338,4673.75,0,1.0,26,59.0,Normal,Delivered,240304.48,late
SHP00111,ORD100110,SUP040,SKU003,LOC01,LOC22,2025-12-27,2026-01-05,2026-01-13,Air,202,12660.96,6,2.0,17,64.0,Priority,Delivered,341200.22,late
SHP00112,ORD100111,SUP023,SKU045,LOC13,LOC22,2026-11-08,2026-12-05,2026-12-12,Ocean,382,2235.62,2,5.0,34,48.3,Critical,Delivered,503716.66,late
SHP00113,ORD100112,SUP010,SKU005,LOC13,LOC17,2026-06-02,2026-06-16,2026-06-16,Air,369,48513.97,5,0.0,14,37.3,Normal,Delivered,582968.34,on_time
SHP00114,ORD100113,SUP012,SKU043,LOC09,LOC16,2026-02-26,2026-03-26,2026-03-31,Ocean,464,6063.26,2,5.0,33,55.9,Normal,Delivered,619319.36,late
SHP00115,ORD100114,SUP014,SKU009,LOC13,LOC22,2025-12-18,2025-12-24,2026-01-10,Air,181,24026.46,14,3.0,23,27.7,Normal,Delivered,192739.66,late
SHP00116,ORD100115,SUP023,SKU052,LOC07,LOC22,2025-02-07,2025-02-12,2025-02-18,Air,356,54425.92,4,0.0,11,65.2,Normal,Delivered,90826.28,late
SHP00117,ORD100116,SUP012,SKU018,LOC06,LOC25,2025-02-18,2025-02-25,2025-02-28,Air,449,72251.72,6,1.0,10,42.1,Normal,Delivered,203522.72,late
SHP00118,ORD100117,SUP025,SKU012,LOC12,LOC22,2026-03-02,2026-04-05,2026-04-08,Ocean,27,320.71,7,1.0,37,53.6,Priority,Delivered,24366.42,late
SHP00119,ORD100118,SUP018,SKU021,LOC05,LOC24,2025-01-04,2025-01-14,2025-01-15,Air,104,10296.05,4,0.0,11,46.4,Normal,Delivered,49915.84,late
SHP00120,ORD100119,SUP025,SKU001,LOC05,LOC21,2025-01-30,2025-02-15,2025-02-27,Rail,90,4117.49,7,3.0,28,41.1,Normal,Delivered,53951.4,late
SHP00121,ORD100120,SUP007,SKU010,LOC02,LOC22,2025-06-01,2025-06-29,2025-07-05,Ocean,453,17810.42,4,1.0,34,44.1,Priority,Delivered,589144.62,late
SHP00122,ORD100121,SUP025,SKU036,LOC13,LOC16,2026-09-03,2026-10-03,2026-10-07,Ocean,94,4218.33,3,5.0,34,42.7,Normal,Delivered,80577.74,late
SHP00123,ORD100122,SUP037,SKU019,LOC04,LOC22,2025-11-13,2025-11-19,2025-11-20,Air,217,38422.55,2,1.0,7,29.5,Normal,Delivered,239448.65,late
SHP00124,ORD100123,SUP006,SKU022,LOC02,LOC25,2026-05-05,2026-06-01,2026-06-05,Ocean,253,7772.91,5,0.0,31,55.1,Normal,Delivered,373954.24,late
SHP00125,ORD100124,SUP014,SKU049,LOC10,LOC21,2025-10-11,2025-10-19,2025-10-29,Air,338,42248.58,5,5.0,18,33.3,Critical,Delivered,116819.56,late
SHP00126,ORD100125,SUP028,SKU008,LOC05,LOC17,2025-04-30,2025-05-09,2025-05-16,Air,257,8664.86,6,0.0,16,44.0,Priority,Delivered,317212.53,late
SHP00127,ORD100126,SUP025,SKU024,LOC10,LOC25,2025-09-14,2025-10-14,2025-10-21,Ocean,346,5532.36,4,2.0,37,34.2,Normal,Delivered,102935.0,late
SHP00128,ORD100127,SUP027,SKU012,LOC08,LOC23,2025-03-05,2025-03-27,2025-03-25,Ocean,147,2041.77,2,1.0,20,58.6,Critical,Delivered,132661.62,on_time
SHP00129,ORD100128,SUP023,SKU029,LOC04,LOC19,2026-06-16,2026-07-05,2026-07-12,Ocean,13,39.91,6,2.0,26,53.6,Critical,Delivered,4725.89,late
SHP00130,ORD100129,SUP028,SKU020,LOC02,LOC19,2025-05-07,2025-06-06,2025-06-06,Ocean,385,5071.29,2,1.0,30,54.8,Normal,Delivered,305081.7,on_time
SHP00131,ORD100130,SUP025,SKU003,LOC05,LOC25,2025-09-17,2025-10-04,2025-10-12,Rail,472,9203.46,7,3.0,25,41.4,Normal,Delivered,797259.92,late
SHP00132,ORD100131,SUP003,SKU005,LOC01,LOC19,2026-11-08,2026-11-25,2026-12-01,Ocean,461,12080.41,6,3.0,23,67.3,Normal,Delivered,728315.46,late
SHP00133,ORD100132,SUP031,SKU052,LOC08,LOC23,2026-02-13,2026-03-06,2026-03-09,Ocean,230,8147.2,2,3.0,24,29.0,Normal,Delivered,58679.9,late
SHP00134,ORD100133,SUP018,SKU004,LOC08,LOC25,2025-11-13,2025-12-01,2025-12-10,Rail,19,264.97,6,3.0,27,46.8,Priority,Delivered,28568.4,late
SHP00135,ORD100134,SUP003,SKU047,LOC01,LOC16,2026-01-10,2026-02-03,2026-02-07,Ocean,111,2911.19,4,4.0,28,71.9,Normal,Delivered,157454.61,late
SHP00136,ORD100135,SUP017,SKU055,LOC05,LOC21,2026-06-26,2026-07-03,2026-07-07,Air,18,914.14,2,1.0,11,27.0,Critical,Delivered,12314.88,late
SHP00137,ORD100136,SUP018,SKU028,LOC09,LOC25,2025-06-25,2025-07-17,2025-07-19,Ocean,151,2218.48,3,2.0,24,36.1,Normal,Delivered,140496.44,late
SHP00138,ORD100137,SUP004,SKU019,LOC01,LOC24,2026-03-16,2026-04-08,2026-04-20,Ocean,313,13449.53,9,3.0,35,27.5,Priority,Delivered,345379.85,late
SHP00139,ORD100138,SUP040,SKU047,LOC12,LOC16,2026-08-26,2026-09-19,2026-09-27,Ocean,325,7428.67,5,1.0,32,66.1,Normal,Delivered,461015.75,late
SHP00140,ORD100139,SUP009,SKU059,LOC13,LOC23,2026-01-30,2026-02-06,2026-02-10,Air,99,19264.47,4,0.0,11,28.3,Priority,Delivered,129162.33,late
SHP00141,ORD100140,SUP014,SKU008,LOC05,LOC22,2025-11-05,2025-11-15,2025-11-16,Air,308,7672.81,4,0.0,11,21.9,Normal,Delivered,380161.32,late
SHP00142,ORD100141,SUP018,SKU058,LOC10,LOC24,2025-04-11,2025-04-30,2025-05-08,Rail,159,12089.65,0,6.0,27,48.0,Normal,Delivered,224894.37,late
SHP00143,ORD100142,SUP034,SKU057,LOC10,LOC15,2025-06-21,2025-07-07,2025-07-15,Rail,318,10963.99,4,2.0,24,72.0,Normal,Delivered,421540.8,late
SHP00144,ORD100143,SUP030,SKU009,LOC07,LOC16,2026-10-15,2026-10-23,2026-10-20,Air,296,38339.8,0,1.0,5,53.7,Normal,Delivered,315198.56,on_time
SHP00145,ORD100144,SUP031,SKU004,LOC14,LOC22,2026-01-09,2026-01-21,2026-01-27,Air,267,8298.32,4,5.0,18,18.2,Normal,Delivered,401461.2,late
SHP00146,ORD100145,SUP010,SKU043,LOC14,LOC17,2025-07-27,2025-08-27,2025-08-28,Ocean,273,3434.13,2,3.0,32,22.9,Normal,Delivered,364384.02,late
SHP00147,ORD100146,SUP034,SKU005,LOC06,LOC22,2025-10-16,2025-10-27,2025-11-04,Rail,368,19856.84,6,0.0,19,64.8,Priority,Delivered,581388.48,late
SHP00148,ORD100147,SUP034,SKU037,LOC09,LOC24,2026-02-03,2026-02-09,2026-02-21,Air,305,15443.73,8,3.0,18,72.9,Priority,Delivered,88538.45,late
SHP00149,ORD100148,SUP019,SKU004,LOC11,LOC19,2026-01-06,2026-01-23,2026-02-01,Rail,263,2857.55,5,3.0,26,53.4,Normal,Delivered,395446.8,late
SHP00150,ORD100149,SUP022,SKU042,LOC02,LOC17,2026-04-28,2026-05-22,2026-05-27,Ocean,495,15201.36,5,0.0,29,16.0,Normal,Delivered,721071.45,late
SHP00151,ORD100150,SUP002,SKU014,LOC10,LOC20,2025-06-27,2025-07-26,2025-08-01,Ocean,475,9955.44,8,4.0,35,43.8,Normal,Delivered,549874.25,late
SHP00152,ORD100151,SUP031,SKU006,LOC07,LOC22,2026-03-24,2026-03-31,2026-04-02,Air,146,9152.68,5,0.0,9,9.3,Priority,Delivered,205765.1,late
SHP00153,ORD100152,SUP039,SKU004,LOC04,LOC22,2025-11-02,2025-11-19,2025-11-19,Ocean,181,1232.79,2,0.0,17,38.4,Normal,Delivered,272151.6,on_time
SHP00154,ORD100153,SUP019,SKU012,LOC11,LOC17,2026-10-12,2026-11-04,2026-11-13,Ocean,308,4699.71,5,7.0,32,60.6,Priority,Delivered,277957.68,late
SHP00155,ORD100154,SUP022,SKU033,LOC07,LOC18,2025-04-19,2025-05-02,2025-05-06,Rail,170,10488.97,3,1.0,17,16.0,Normal,Delivered,276957.2,late
SHP00156,ORD100155,SUP020,SKU005,LOC08,LOC15,2025-04-13,2025-05-04,2025-05-19,Ocean,279,6109.26,7,7.0,36,53.0,Normal,Delivered,440780.94,late
SHP00157,ORD100156,SUP004,SKU049,LOC09,LOC15,2025-11-15,2025-12-08,2025-12-09,Ocean,74,1722.16,3,0.0,24,29.4,Normal,Delivered,25575.88,late
SHP00158,ORD100157,SUP025,SKU037,LOC10,LOC18,2025-12-17,2026-01-07,2026-01-07,Ocean,252,3714.35,0,2.0,21,42.9,Normal,Delivered,73153.08,on_time
SHP00159,ORD100158,SUP029,SKU018,LOC11,LOC18,2026-04-22,2026-05-09,2026-05-20,Ocean,270,9464.19,5,8.0,28,59.3,Normal,Delivered,122385.6,late
SHP00160,ORD100159,SUP038,SKU060,LOC11,LOC24,2025-10-06,2025-10-14,2025-10-28,Air,334,9761.12,6,7.0,22,65.9,Normal,Delivered,513588.46,late
SHP00161,ORD100160,SUP038,SKU040,LOC07,LOC16,2026-09-23,2026-10-13,2026-10-21,Rail,213,5136.23,4,7.0,28,65.6,Normal,Delivered,364283.25,late
SHP00162,ORD100161,SUP020,SKU041,LOC13,LOC25,2025-11-24,2025-12-09,2025-12-17,Rail,59,1966.57,4,5.0,23,55.4,Normal,Delivered,58096.71,late
SHP00163,ORD100162,SUP039,SKU011,LOC03,LOC23,2025-03-31,2025-04-09,2025-04-14,Air,485,13247.13,4,2.0,14,20.3,Normal,Delivered,811341.95,late
SHP00164,ORD100163,SUP022,SKU043,LOC02,LOC22,2025-03-24,2025-04-02,2025-04-03,Air,87,5451.87,0,2.0,10,16.0,Priority,Delivered,116122.38,late
SHP00165,ORD100164,SUP026,SKU034,LOC09,LOC21,2026-11-03,2026-11-20,2026-11-29,Ocean,429,14740.78,6,1.0,26,38.6,Normal,Delivered,606168.42,late
SHP00166,ORD100165,SUP025,SKU060,LOC01,LOC23,2025-04-03,2025-04-14,2025-04-20,Rail,147,1369.75,4,3.0,17,38.6,Priority,Delivered,226040.43,late
SHP00167,ORD100166,SUP040,SKU029,LOC08,LOC23,2026-10-17,2026-11-07,2026-11-16,Ocean,497,1572.93,9,0.0,30,49.0,Priority,Delivered,180674.41,late
SHP00168,ORD100167,SUP030,SKU041,LOC08,LOC25,2025-07-11,2025-07-29,2025-07-31,Ocean,206,3331.09,4,0.0,20,40.5,Critical,Delivered,202846.14,late
SHP00169,ORD100168,SUP005,SKU021,LOC04,LOC23,2025-03-06,2025-03-19,2025-03-18,Rail,282,12031.58,3,0.0,12,43.0,Normal,Delivered,135348.72,on_time
SHP00170,ORD100169,SUP003,SKU003,LOC04,LOC21,2025-07-30,2025-08-09,2025-08-20,Rail,77,2092.05,6,4.0,21,62.3,Critical,Delivered,130061.47,late
SHP00171,ORD100170,SUP017,SKU008,LOC01,LOC25,2026-03-01,2026-03-20,2026-03-24,Ocean,83,625.5,3,3.0,23,27.0,Normal,Delivered,102446.07,late
SHP00172,ORD100171,SUP021,SKU053,LOC12,LOC19,2025-10-23,2025-11-02,2025-11-03,Air,200,21466.55,2,0.0,11,59.5,Normal,Delivered,155932.0,late
SHP00173,ORD100172,SUP027,SKU045,LOC01,LOC22,2026-06-27,2026-07-15,2026-07-21,Ocean,439,2512.49,4,2.0,24,54.6,Priority,Delivered,578878.57,late
SHP00174,ORD100173,SUP020,SKU022,LOC08,LOC15,2026-02-26,2026-03-24,2026-03-29,Ocean,321,11644.61,4,0.0,31,64.6,Normal,Delivered,474463.68,late
SHP00175,ORD100174,SUP021,SKU042,LOC13,LOC16,2025-10-04,2025-10-23,2025-10-26,Ocean,130,3399.98,5,0.0,22,55.6,Priority,Delivered,189372.3,late
SHP00176,ORD100175,SUP037,SKU001,LOC10,LOC17,2026-03-14,2026-04-12,2026-04-18,Ocean,179,3973.36,6,4.0,35,25.3,Normal,Delivered,107303.34,late
SHP00177,ORD100176,SUP014,SKU003,LOC13,LOC23,2026-11-02,2026-11-29,2026-12-03,Ocean,209,2903.05,3,1.0,31,27.4,Priority,Delivered,353023.99,late
SHP00178,ORD100177,SUP020,SKU031,LOC10,LOC18,2025-10-12,2025-11-01,2025-11-11,Ocean,179,2822.65,8,2.0,30,77.3,Normal,Delivered,172590.01,late
SHP00179,ORD100178,SUP023,SKU038,LOC05,LOC25,2025-04-16,2025-05-11,2025-05-20,Ocean,482,8657.45,7,5.0,34,56.8,Normal,Delivered,218423.12,late
SHP00180,ORD100179,SUP019,SKU057,LOC04,LOC18,2025-10-10,2025-11-08,2025-11-18,Ocean,395,5724.91,3,4.0,39,59.1,Normal,Delivered,523612.0,late
SHP00181,ORD100180,SUP039,SKU046,LOC06,LOC17,2026-08-03,2026-08-22,2026-08-27,Rail,243,20629.92,0,5.0,24,36.0,Normal,Delivered,69534.45,late
SHP00182,ORD100181,SUP039,SKU016,LOC07,LOC24,2025-05-31,2025-06-07,2025-06-13,Air,191,35653.23,3,2.0,13,36.4,Priority,Delivered,278220.15,late
SHP00183,ORD100182,SUP021,SKU049,LOC11,LOC20,2026-10-17,2026-10-27,2026-11-06,Rail,156,8843.92,6,4.0,20,65.7,Normal,Delivered,53916.72,late
SHP00184,ORD100183,SUP019,SKU030,LOC03,LOC24,2026-02-10,2026-03-06,2026-03-08,Ocean,303,3284.88,1,4.0,26,62.5,Normal,Delivered,317395.53,late
SHP00185,ORD100184,SUP024,SKU050,LOC11,LOC24,2026-02-20,2026-02-27,2026-03-16,Air,220,26741.97,6,6.0,24,76.2,Normal,Delivered,189816.0,late
SHP00186,ORD100185,SUP008,SKU011,LOC10,LOC19,2025-08-07,2025-08-18,2025-08-29,Rail,14,136.02,7,4.0,22,39.5,Priority,Delivered,23420.18,late
SHP00187,ORD100186,SUP018,SKU002,LOC08,LOC18,2026-09-28,2026-10-18,2026-10-24,Ocean,488,15998.66,8,1.0,26,56.1,Priority,Delivered,341975.76,late
SHP00188,ORD100187,SUP009,SKU004,LOC06,LOC18,2025-01-25,2025-02-23,2025-02-26,Ocean,364,1801.67,3,2.0,32,36.4,Normal,Delivered,547310.4,late
SHP00189,ORD100188,SUP006,SKU060,LOC13,LOC16,2025-07-26,2025-08-14,2025-08-20,Ocean,237,1116.92,1,3.0,25,40.1,Normal,Delivered,364432.53,late
SHP00190,ORD100189,SUP004,SKU005,LOC07,LOC15,2025-10-16,2025-10-30,2025-11-01,Ocean,161,4014.28,0,2.0,16,23.7,Priority,Delivered,254357.46,late
SHP00191,ORD100190,SUP024,SKU057,LOC13,LOC24,2025-11-26,2025-12-17,2025-12-25,Ocean,420,8216.08,8,3.0,29,67.7,Normal,Delivered,556752.0,late
SHP00192,ORD100191,SUP001,SKU044,LOC10,LOC17,2025-11-24,2025-12-15,2025-12-16,Ocean,105,2956.61,0,0.0,22,32.7,Normal,Delivered,163333.8,late
SHP00193,ORD100192,SUP026,SKU009,LOC12,LOC20,2025-04-13,2025-05-02,2025-05-12,Ocean,373,10438.5,4,5.0,29,49.7,Normal,Delivered,397192.78,late
SHP00194,ORD100193,SUP018,SKU052,LOC13,LOC22,2025-06-05,2025-06-15,2025-06-18,Air,22,3904.22,2,3.0,13,40.4,Normal,Delivered,5612.86,late
SHP00195,ORD100194,SUP015,SKU009,LOC14,LOC20,2025-03-07,2025-04-08,2025-04-14,Ocean,304,8421.35,9,2.0,38,58.8,Normal,Delivered,323717.44,late
SHP00196,ORD100195,SUP031,SKU009,LOC01,LOC19,2026-01-30,2026-03-02,2026-03-12,Ocean,367,13422.94,6,3.0,41,7.8,Normal,Delivered,390803.62,late
SHP00197,ORD100196,SUP022,SKU035,LOC04,LOC25,2025-08-31,2025-09-05,2025-09-10,Air,425,13373.9,4,3.0,10,16.0,Normal,Delivered,418965.0,late
SHP00198,ORD100197,SUP030,SKU018,LOC01,LOC23,2026-01-26,2026-02-18,2026-02-25,Ocean,480,13599.85,4,3.0,30,46.9,Normal,Delivered,217574.4,late
SHP00199,ORD100198,SUP029,SKU018,LOC01,LOC25,2026-02-11,2026-03-05,2026-03-13,Ocean,351,11761.17,7,3.0,30,45.7,Normal,Delivered,159101.28,late
SHP00200,ORD100199,SUP002,SKU012,LOC06,LOC18,2026-04-30,2026-06-03,2026-06-09,Ocean,362,4583.58,7,0.0,40,51.4,Critical,Delivered,326690.52,late
SHP00201,ORD100200,SUP009,SKU037,LOC13,LOC24,2026-01-13,2026-01-29,2026-02-04,Ocean,458,5129.18,8,0.0,22,40.6,Normal,Delivered,132952.82,late
SHP00202,ORD100201,SUP023,SKU002,LOC06,LOC15,2026-03-24,2026-04-12,2026-04-15,Ocean,205,6360.37,1,0.0,22,59.9,Priority,Delivered,143657.85,late
SHP00203,ORD100202,SUP040,SKU015,LOC09,LOC19,2026-02-10,2026-02-28,2026-03-07,Ocean,249,3810.32,7,2.0,25,42.4,Priority,Delivered,433444.26,late
SHP00204,ORD100203,SUP007,SKU034,LOC14,LOC20,2026-03-27,2026-04-17,2026-05-01,Ocean,376,11860.52,9,3.0,35,59.6,Normal,Delivered,531280.48,late
SHP00205,ORD100204,SUP005,SKU030,LOC11,LOC19,2026-03-02,2026-03-12,2026-03-20,Rail,287,7878.36,8,1.0,18,27.3,Normal,Delivered,300635.37,late
SHP00206,ORD100205,SUP038,SKU042,LOC10,LOC16,2025-08-07,2025-08-28,2025-08-30,Rail,317,17066.7,7,0.0,23,59.1,Normal,Delivered,461777.07,late
SHP00207,ORD100206,SUP039,SKU013,LOC02,LOC18,2025-06-19,2025-07-17,2025-07-31,Ocean,491,5887.47,11,3.0,42,27.8,Normal,Delivered,819007.64,late
SHP00208,ORD100207,SUP007,SKU039,LOC12,LOC21,2026-06-28,2026-07-28,2026-08-03,Ocean,499,8278.89,4,2.0,36,59.5,Normal,Delivered,354769.04,late
SHP00209,ORD100208,SUP017,SKU046,LOC08,LOC15,2025-08-25,2025-09-16,2025-09-17,Ocean,187,7524.31,1,3.0,23,27.0,Normal,Delivered,53510.05,late
SHP00210,ORD100209,SUP026,SKU024,LOC09,LOC22,2026-01-14,2026-02-01,2026-02-08,Rail,241,6272.79,6,6.0,25,42.5,Priority,Delivered,71697.5,late
SHP00211,ORD100210,SUP008,SKU016,LOC11,LOC22,2025-05-16,2025-05-28,2025-05-28,Air,274,41827.07,4,2.0,12,22.6,Normal,Delivered,399122.1,on_time
SHP00212,ORD100211,SUP014,SKU034,LOC13,LOC25,2025-10-25,2025-11-12,2025-11-22,Ocean,240,9268.38,5,1.0,28,39.1,Normal,Delivered,339115.2,late
SHP00213,ORD100212,SUP016,SKU035,LOC07,LOC20,2026-01-01,2026-01-30,2026-02-03,Ocean,430,3434.53,2,4.0,33,46.6,Normal,Delivered,423894.0,late
SHP00214,ORD100213,SUP026,SKU006,LOC12,LOC22,2026-03-08,2026-04-02,2026-04-04,Ocean,438,7106.63,3,1.0,27,32.1,Normal,Delivered,617295.3,late
SHP00215,ORD100214,SUP013,SKU034,LOC02,LOC17,2025-12-30,2026-01-12,2026-01-16,Rail,59,3858.57,3,3.0,17,33.3,Normal,Delivered,83365.82,late
SHP00216,ORD100215,SUP017,SKU010,LOC02,LOC17,2025-09-06,2025-09-22,2025-09-20,Rail,424,30284.74,2,0.0,14,27.0,Normal,Delivered,551428.96,on_time
SHP00217,ORD100216,SUP012,SKU035,LOC07,LOC16,2026-10-26,2026-11-15,2026-11-22,Ocean,445,2643.91,2,3.0,27,55.4,Normal,Delivered,438681.0,late
SHP00218,ORD100217,SUP031,SKU056,LOC01,LOC21,2025-12-20,2026-01-10,2026-01-16,Ocean,265,1891.61,6,0.0,27,23.2,Priority,Delivered,80655.4,late
SHP00219,ORD100218,SUP007,SKU033,LOC05,LOC17,2026-07-12,2026-08-09,2026-08-12,Ocean,279,11672.22,2,3.0,31,58.7,Normal,Delivered,454535.64,late
SHP00220,ORD100219,SUP010,SKU046,LOC10,LOC22,2026-05-24,2026-05-29,2026-05-29,Air,419,72096.18,1,1.0,5,30.2,Normal,Delivered,119896.85,on_time
SHP00221,ORD100220,SUP010,SKU019,LOC08,LOC20,2026-01-21,2026-02-08,2026-02-16,Rail,328,25993.19,6,3.0,26,26.8,Normal,Delivered,361931.6,late
SHP00222,ORD100221,SUP037,SKU056,LOC03,LOC25,2026-09-04,2026-09-29,2026-10-02,Ocean,410,3359.28,5,2.0,28,29.1,Normal,Delivered,124787.6,late
SHP00223,ORD100222,SUP038,SKU049,LOC07,LOC25,2025-03-30,2025-04-15,2025-04-26,Ocean,95,2542.84,9,4.0,27,59.5,Normal,Delivered,32833.9,late
SHP00224,ORD100223,SUP021,SKU056,LOC02,LOC17,2026-09-28,2026-10-21,2026-11-01,Ocean,411,3171.08,11,3.0,34,44.7,Normal,Delivered,125091.96,late
SHP00225,ORD100224,SUP007,SKU045,LOC10,LOC20,2026-08-10,2026-09-08,2026-09-13,Ocean,433,2147.57,3,1.0,34,53.6,Normal,Delivered,570966.79,late
SHP00226,ORD100225,SUP031,SKU039,LOC09,LOC25,2025-12-14,2025-12-26,2025-12-22,Air,72,4300.96,0,1.0,8,11.4,Normal,Delivered,51189.12,on_time
SHP00227,ORD100226,SUP020,SKU032,LOC06,LOC17,2026-05-22,2026-06-14,2026-06-22,Ocean,371,13769.63,4,6.0,31,32.9,Priority,Delivered,50526.49,late
SHP00228,ORD100227,SUP034,SKU056,LOC10,LOC19,2025-12-25,2026-01-09,2026-01-15,Rail,226,3536.72,7,5.0,21,72.2,Normal,Delivered,68785.36,late
SHP00229,ORD100228,SUP015,SKU051,LOC06,LOC18,2025-07-05,2025-07-28,2025-08-03,Ocean,380,14329.1,5,1.0,29,43.8,Normal,Delivered,345317.4,late
SHP00230,ORD100229,SUP040,SKU026,LOC07,LOC22,2026-07-06,2026-08-02,2026-08-11,Ocean,268,542.62,10,0.0,36,51.7,Normal,Delivered,38114.96,late
SHP00231,ORD100230,SUP033,SKU006,LOC03,LOC16,2025-06-19,2025-07-05,2025-07-08,Ocean,97,1221.17,0,4.0,19,65.4,Normal,Delivered,136706.95,late
SHP00232,ORD100231,SUP009,SKU001,LOC12,LOC15,2025-08-05,2025-09-02,2025-09-09,Ocean,314,5640.72,5,3.0,35,20.1,Critical,Delivered,188230.44,late
SHP00233,ORD100232,SUP030,SKU015,LOC02,LOC22,2025-12-25,2026-01-22,2026-02-05,Ocean,380,8599.86,8,0.0,42,32.9,Normal,Delivered,661481.2,late
SHP00234,ORD100233,SUP012,SKU004,LOC06,LOC21,2026-08-01,2026-08-13,2026-08-15,Air,260,8435.55,2,3.0,14,37.5,Normal,Delivered,390936.0,late
SHP00235,ORD100234,SUP014,SKU013,LOC04,LOC17,2025-09-22,2025-10-18,2025-10-24,Ocean,63,864.24,5,0.0,32,38.1,Normal,Delivered,105086.52,late
SHP00236,ORD100235,SUP011,SKU007,LOC01,LOC23,2025-12-07,2026-01-04,2026-01-01,Ocean,101,626.13,0,0.0,25,44.6,Critical,Delivered,7015.46,on_time
SHP00237,ORD100236,SUP028,SKU059,LOC12,LOC20,2025-01-29,2025-02-21,2025-02-26,Ocean,187,6311.8,6,2.0,28,49.7,Normal,Delivered,243973.29,late
SHP00238,ORD100237,SUP011,SKU006,LOC05,LOC20,2025-03-21,2025-04-07,2025-04-11,Ocean,50,840.75,2,2.0,21,57.1,Normal,Delivered,70467.5,late
SHP00239,ORD100238,SUP026,SKU038,LOC07,LOC20,2025-02-08,2025-03-01,2025-03-03,Rail,125,4500.42,0,1.0,23,23.1,Normal,Delivered,56645.0,late
SHP00240,ORD100239,SUP024,SKU022,LOC01,LOC16,2025-02-19,2025-03-05,2025-03-16,Rail,352,24061.34,5,2.0,25,60.7,Normal,Delivered,520284.16,late
SHP00241,ORD100240,SUP031,SKU011,LOC07,LOC21,2026-08-23,2026-09-12,2026-09-13,Ocean,324,1595.82,3,0.0,21,17.8,Normal,Delivered,542009.88,late
SHP00242,ORD100241,SUP040,SKU043,LOC04,LOC22,2026-08-04,2026-08-11,2026-08-16,Air,408,23449.13,4,3.0,12,56.1,Normal,Delivered,544573.92,late
SHP00243,ORD100242,SUP001,SKU059,LOC08,LOC24,2026-07-22,2026-07-28,2026-08-09,Air,345,58903.44,11,1.0,18,23.5,Priority,Delivered,450111.15,late
SHP00244,ORD100243,SUP040,SKU048,LOC05,LOC22,2025-02-08,2025-02-22,2025-03-01,Rail,269,25916.78,4,3.0,21,68.9,Normal,Delivered,131726.61,late
SHP00245,ORD100244,SUP005,SKU059,LOC14,LOC19,2025-02-23,2025-03-25,2025-03-31,Ocean,179,8240.65,6,3.0,36,43.4,Critical,Delivered,233535.93,late
SHP00246,ORD100245,SUP022,SKU036,LOC06,LOC17,2025-07-13,2025-07-30,2025-08-10,Ocean,269,10547.76,10,0.0,28,16.0,Normal,Delivered,230589.49,late
SHP00247,ORD100246,SUP014,SKU041,LOC13,LOC23,2026-01-26,2026-02-23,2026-02-26,Ocean,44,776.52,2,4.0,31,30.2,Normal,Delivered,43326.36,late
SHP00248,ORD100247,SUP026,SKU009,LOC11,LOC18,2025-08-19,2025-08-29,2025-09-02,Rail,187,9950.63,1,3.0,14,36.4,Normal,Delivered,199128.82,late
SHP00249,ORD100248,SUP029,SKU052,LOC14,LOC16,2025-12-03,2025-12-13,2025-12-22,Air,407,87651.76,7,4.0,19,47.7,Normal,Delivered,103837.91,late
SHP00250,ORD100249,SUP035,SKU045,LOC08,LOC22,2025-04-30,2025-05-15,2025-05-14,Ocean,255,1065.87,0,0.0,14,16.0,Priority,Delivered,336250.65,on_time
SHP00251,ORD100250,SUP017,SKU016,LOC06,LOC24,2026-05-20,2026-06-13,2026-06-15,Ocean,33,1189.92,1,1.0,26,27.0,Priority,Delivered,48069.45,late
SHP00252,ORD100251,SUP038,SKU022,LOC08,LOC20,2025-08-05,2025-08-10,2025-08-17,Ocean,498,87465.51,6,1.0,12,65.7,Normal,Delivered,736083.84,late
SHP00253,ORD100252,SUP013,SKU037,LOC13,LOC18,2025-02-15,2025-03-02,2025-03-09,Rail,353,10284.36,6,1.0,22,45.1,Normal,Delivered,102472.37,late
SHP00254,ORD100253,SUP009,SKU001,LOC10,LOC15,2026-05-28,2026-06-23,2026-07-02,Ocean,433,10879.42,8,2.0,35,24.7,Normal,Delivered,259566.18,late
SHP00255,ORD100254,SUP016,SKU050,LOC01,LOC18,2026-09-15,2026-09-29,2026-09-26,Air,218,30173.75,3,0.0,11,35.1,Normal,Delivered,188090.4,on_time
SHP00256,ORD100255,SUP022,SKU017,LOC07,LOC23,2025-01-11,2025-02-06,2025-02-07,Ocean,463,883.89,4,0.0,27,16.0,Normal,Delivered,109522.65,late
SHP00257,ORD100256,SUP027,SKU005,LOC01,LOC19,2025-10-29,2025-11-26,2025-12-05,Ocean,52,1349.71,6,2.0,37,48.0,Priority,Delivered,82152.72,late
SHP00258,ORD100257,SUP034,SKU020,LOC06,LOC16,2026-07-25,2026-08-14,2026-08-23,Ocean,133,2697.31,8,2.0,29,62.5,Normal,Delivered,105391.86,late
SHP00259,ORD100258,SUP009,SKU051,LOC14,LOC22,2026-05-03,2026-05-12,2026-05-13,Air,98,16013.53,0,3.0,10,30.0,Priority,Delivered,89055.54,late
SHP00260,ORD100259,SUP013,SKU017,LOC12,LOC15,2026-08-15,2026-09-01,2026-09-07,Rail,449,1364.23,7,2.0,23,30.7,Normal,Delivered,106210.95,late
SHP00261,ORD100260,SUP038,SKU033,LOC14,LOC18,2025-10-14,2025-10-31,2025-11-10,Ocean,267,10745.18,5,6.0,27,61.9,Normal,Delivered,434985.72,late
SHP00262,ORD100261,SUP018,SKU049,LOC06,LOC20,2025-09-14,2025-10-13,2025-10-23,Ocean,330,9729.91,3,4.0,39,45.8,Normal,Delivered,114054.6,late
SHP00263,ORD100262,SUP010,SKU003,LOC11,LOC17,2026-05-05,2026-05-24,2026-05-28,Ocean,332,4251.22,3,3.0,23,27.0,Normal,Delivered,560784.52,late
SHP00264,ORD100263,SUP040,SKU046,LOC12,LOC15,2025-04-16,2025-05-10,2025-05-12,Ocean,194,6230.35,1,2.0,26,60.4,Normal,Delivered,55513.1,late
SHP00265,ORD100264,SUP018,SKU018,LOC01,LOC23,2025-06-15,2025-07-06,2025-07-14,Ocean,150,5600.69,7,4.0,29,32.6,Priority,Delivered,67992.0,late
SHP00266,ORD100265,SUP040,SKU042,LOC10,LOC15,2026-02-19,2026-03-10,2026-03-21,Ocean,37,1110.8,6,3.0,30,47.7,Normal,Delivered,53898.27,late
SHP00267,ORD100266,SUP037,SKU012,LOC10,LOC19,2026-04-07,2026-05-05,2026-05-12,Ocean,12,165.41,3,2.0,35,34.7,Normal,Delivered,10829.52,late
SHP00268,ORD100267,SUP037,SKU009,LOC14,LOC22,2025-03-24,2025-04-17,2025-04-26,Ocean,253,8334.27,8,2.0,33,47.6,Normal,Delivered,269409.58,late
SHP00269,ORD100268,SUP024,SKU048,LOC14,LOC22,2025-12-17,2026-01-11,2026-01-23,Ocean,241,8465.97,7,6.0,37,52.9,Normal,Delivered,118015.29,late
SHP00270,ORD100269,SUP032,SKU049,LOC11,LOC16,2025-09-09,2025-09-21,2025-09-30,Air,201,23176.43,6,5.0,21,104.6,Normal,Delivered,69469.62,late
SHP00271,ORD100270,SUP039,SKU059,LOC06,LOC25,2025-12-13,2026-01-01,2026-01-07,Ocean,310,10626.22,4,2.0,25,27.1,Normal,Delivered,404447.7,late
SHP00272,ORD100271,SUP011,SKU041,LOC03,LOC24,2026-10-24,2026-10-31,2026-11-08,Air,395,24950.07,3,3.0,15,41.0,Normal,Delivered,388952.55,late
SHP00273,ORD100272,SUP002,SKU028,LOC11,LOC15,2025-02-22,2025-03-05,2025-03-21,Rail,126,4037.05,6,4.0,27,49.3,Normal,Delivered,117235.44,late
SHP00274,ORD100273,SUP013,SKU012,LOC06,LOC22,2026-11-18,2026-12-05,2026-12-07,Ocean,15,230.28,4,1.0,19,48.2,Normal,Delivered,13536.9,late
SHP00275,ORD100274,SUP026,SKU018,LOC08,LOC18,2025-11-07,2025-12-02,2025-12-16,Ocean,359,13943.86,4,8.0,39,27.1,Normal,Delivered,162727.52,late
SHP00276,ORD100275,SUP022,SKU039,LOC05,LOC16,2026-06-17,2026-07-15,2026-07-22,Ocean,447,6320.39,3,4.0,35,16.0,Normal,Delivered,317799.12,late
SHP00277,ORD100276,SUP004,SKU021,LOC03,LOC23,2025-10-20,2025-10-29,2025-11-07,Air,302,21990.3,5,7.0,18,31.5,Normal,Delivered,144947.92,late
SHP00278,ORD100277,SUP023,SKU030,LOC11,LOC23,2025-08-03,2025-08-26,2025-09-04,Ocean,255,2619.14,6,3.0,32,51.4,Priority,Delivered,267115.05,late
SHP00279,ORD100278,SUP007,SKU011,LOC01,LOC21,2026-06-16,2026-07-13,2026-07-16,Ocean,396,2145.73,2,2.0,30,61.7,Normal,Delivered,662456.52,late
SHP00280,ORD100279,SUP021,SKU027,LOC01,LOC19,2026-04-20,2026-05-09,2026-05-13,Ocean,409,8863.41,0,4.0,23,47.9,Normal,Delivered,507016.85,late
SHP00281,ORD100280,SUP024,SKU015,LOC12,LOC16,2025-04-10,2025-05-02,2025-05-08,Ocean,80,1563.6,2,3.0,28,60.0,Priority,Delivered,139259.2,late
SHP00282,ORD100281,SUP026,SKU007,LOC01,LOC16,2026-05-02,2026-06-03,2026-06-03,Ocean,493,3945.63,1,3.0,32,38.0,Normal,Delivered,34243.78,on_time
SHP00283,ORD100282,SUP017,SKU008,LOC09,LOC18,2026-06-04,2026-06-16,2026-06-19,Air,494,16584.6,5,3.0,15,27.0,Normal,Delivered,609739.26,late
SHP00284,ORD100283,SUP017,SKU032,LOC03,LOC19,2025-09-25,2025-10-20,2025-10-28,Ocean,191,5870.6,3,4.0,33,27.0,Priority,Delivered,26012.29,late
SHP00285,ORD100284,SUP028,SKU022,LOC04,LOC16,2026-10-01,2026-10-27,2026-11-01,Ocean,109,4267.39,3,4.0,31,39.9,Priority,Delivered,161110.72,late
SHP00286,ORD100285,SUP030,SKU006,LOC07,LOC17,2026-03-19,2026-03-25,2026-04-02,Air,31,2235.1,5,1.0,14,50.0,Normal,Delivered,43689.85,late
SHP00287,ORD100286,SUP033,SKU031,LOC12,LOC24,2025-08-19,2025-09-17,2025-09-16,Ocean,163,2310.59,0,0.0,28,59.7,Normal,Delivered,157162.97,on_time
SHP00288,ORD100287,SUP014,SKU010,LOC05,LOC20,2025-01-08,2025-01-12,2025-01-18,Air,366,58796.77,5,0.0,10,33.8,Normal,Delivered,475997.64,late
SHP00289,ORD100288,SUP017,SKU001,LOC01,LOC22,2026-04-11,2026-05-03,2026-05-01,Ocean,333,9120.16,0,0.0,20,27.0,Normal,Delivered,199620.18,on_time
SHP00290,ORD100289,SUP014,SKU008,LOC07,LOC25,2025-05-25,2025-06-23,2025-06-22,Ocean,212,1509.95,0,0.0,28,31.0,Normal,Delivered,261669.48,on_time
SHP00291,ORD100290,SUP022,SKU027,LOC05,LOC16,2026-06-07,2026-06-25,2026-06-29,Rail,44,1993.17,5,1.0,22,16.0,Priority,Delivered,54544.6,late
SHP00292,ORD100291,SUP006,SKU058,LOC09,LOC22,2025-12-29,2026-01-19,2026-01-24,Ocean,402,17777.26,4,0.0,26,39.5,Normal,Delivered,568600.86,late
SHP00293,ORD100292,SUP018,SKU015,LOC03,LOC20,2025-11-19,2025-12-07,2025-12-10,Ocean,480,7590.33,3,1.0,21,44.7,Normal,Delivered,835555.2,late
SHP00294,ORD100293,SUP008,SKU018,LOC06,LOC17,2025-04-23,2025-05-05,2025-05-06,Rail,321,18635.59,0,2.0,13,43.2,Priority,Delivered,145502.88,late
SHP00295,ORD100294,SUP022,SKU015,LOC04,LOC18,2026-05-06,2026-05-15,2026-05-18,Air,406,39909.52,4,3.0,12,16.0,Normal,Delivered,706740.44,late
SHP00296,ORD100295,SUP035,SKU022,LOC07,LOC18,2025-04-25,2025-05-05,2025-05-06,Air,432,62484.81,4,0.0,11,16.0,Normal,Delivered,638530.56,late
SHP00297,ORD100296,SUP040,SKU044,LOC04,LOC19,2025-10-16,2025-11-02,2025-11-06,Ocean,72,1814.38,5,1.0,21,52.7,Normal,Delivered,112000.32,late
SHP00298,ORD100297,SUP018,SKU020,LOC13,LOC15,2026-08-01,2026-08-27,2026-09-05,Ocean,424,5660.22,5,4.0,35,50.9,Normal,Delivered,335986.08,late
SHP00299,ORD100298,SUP003,SKU040,LOC01,LOC20,2026-09-28,2026-10-09,2026-10-15,Air,264,17435.72,3,3.0,17,69.1,Normal,Delivered,451506.0,late
SHP00300,ORD100299,SUP010,SKU054,LOC02,LOC16,2026-11-14,2026-12-09,2026-12-16,Ocean,182,5883.1,9,0.0,32,36.2,Normal,Delivered,114756.46,late
SHP00301,ORD100300,SUP005,SKU057,LOC06,LOC20,2026-10-24,2026-11-10,2026-11-17,Ocean,62,893.39,6,2.0,24,55.3,Priority,Delivered,82187.2,late
SHP00302,ORD100301,SUP031,SKU034,LOC09,LOC24,2026-01-19,2026-01-30,2026-01-28,Air,117,19873.58,1,0.0,9,16.9,Normal,Delivered,165318.66,on_time
SHP00303,ORD100302,SUP040,SKU043,LOC02,LOC25,2025-05-19,2025-06-07,2025-06-22,Ocean,31,354.52,7,4.0,34,72.7,Normal,Delivered,41376.94,late
SHP00304,ORD100303,SUP023,SKU056,LOC11,LOC22,2026-08-02,2026-08-30,2026-09-09,Ocean,10,85.64,4,4.0,38,54.9,Normal,Delivered,3043.6,late
SHP00305,ORD100304,SUP008,SKU048,LOC11,LOC15,2026-07-08,2026-08-03,2026-08-10,Ocean,354,13537.58,7,2.0,33,27.6,Normal,Delivered,173350.26,late
SHP00306,ORD100305,SUP001,SKU018,LOC06,LOC23,2026-11-15,2026-12-05,2026-12-08,Ocean,355,13308.91,7,0.0,23,31.4,Normal,Delivered,160914.4,late
SHP00307,ORD100306,SUP040,SKU008,LOC07,LOC20,2026-03-26,2026-04-04,2026-04-06,Air,373,10333.28,0,1.0,11,53.7,Normal,Delivered,460390.17,late
SHP00308,ORD100307,SUP013,SKU007,LOC04,LOC17,2025-04-08,2025-04-22,2025-04-24,Rail,393,4279.38,6,0.0,16,30.4,Normal,Delivered,27297.78,late
SHP00309,ORD100308,SUP005,SKU053,LOC11,LOC25,2025-12-14,2026-01-13,2026-01-22,Ocean,33,1144.7,4,3.0,39,56.2,Normal,Delivered,25728.78,late
SHP00310,ORD100309,SUP008,SKU034,LOC02,LOC15,2025-11-06,2025-11-25,2025-11-28,Ocean,446,18647.77,5,2.0,22,20.3,Normal,Delivered,630189.08,late
SHP00311,ORD100310,SUP011,SKU018,LOC12,LOC21,2026-08-05,2026-08-21,2026-09-05,Ocean,242,9634.24,6,4.0,31,46.4,Normal,Delivered,109693.76,late
SHP00312,ORD100311,SUP027,SKU021,LOC11,LOC19,2025-09-28,2025-10-16,2025-11-02,Ocean,375,8646.27,9,4.0,35,39.3,Normal,Delivered,179985.0,late
SHP00313,ORD100312,SUP036,SKU017,LOC08,LOC24,2025-08-15,2025-09-07,2025-09-11,Ocean,447,819.26,5,1.0,27,59.0,Normal,Delivered,105737.85,late
SHP00314,ORD100313,SUP012,SKU049,LOC13,LOC21,2025-02-25,2025-03-14,2025-03-18,Rail,373,21021.51,6,1.0,21,45.0,Normal,Delivered,128916.26,late
SHP00315,ORD100314,SUP028,SKU037,LOC08,LOC25,2026-07-31,2026-08-20,2026-08-31,Ocean,70,876.03,6,3.0,31,66.8,Priority,Delivered,20320.3,late
SHP00316,ORD100315,SUP003,SKU053,LOC12,LOC21,2026-06-06,2026-06-25,2026-07-01,Ocean,259,6516.06,1,2.0,25,78.0,Normal,Delivered,201931.94,late
SHP00317,ORD100316,SUP001,SKU019,LOC09,LOC15,2025-01-29,2025-02-10,2025-02-11,Rail,104,7985.04,0,2.0,13,37.5,Critical,Delivered,114758.8,late
SHP00318,ORD100317,SUP003,SKU029,LOC14,LOC25,2025-10-27,2025-11-20,2025-11-25,Ocean,466,1002.84,3,1.0,29,68.3,Priority,Delivered,169404.98,late
SHP00319,ORD100318,SUP037,SKU008,LOC13,LOC23,2025-11-28,2025-12-12,2025-12-21,Rail,287,3802.2,10,0.0,23,41.6,Normal,Delivered,354241.23,late
SHP00320,ORD100319,SUP024,SKU059,LOC11,LOC17,2025-11-20,2025-12-13,2025-12-14,Ocean,333,11521.32,3,2.0,24,59.3,Normal,Delivered,434455.11,late
SHP00321,ORD100320,SUP033,SKU031,LOC13,LOC23,2026-09-27,2026-10-12,2026-10-22,Ocean,494,9038.73,6,2.0,25,47.0,Normal,Delivered,476309.86,late
SHP00322,ORD100321,SUP001,SKU034,LOC01,LOC18,2025-04-14,2025-04-29,2025-05-07,Rail,17,1316.43,6,3.0,23,27.4,Normal,Delivered,24020.66,late
SHP00323,ORD100322,SUP001,SKU025,LOC09,LOC19,2025-07-31,2025-09-01,2025-09-05,Ocean,104,1427.87,2,4.0,36,39.2,Normal,Delivered,32717.36,late
SHP00324,ORD100323,SUP034,SKU017,LOC02,LOC17,2025-05-05,2025-05-30,2025-06-06,Ocean,405,582.73,3,2.0,32,67.0,Normal,Delivered,95802.75,late
SHP00325,ORD100324,SUP005,SKU057,LOC09,LOC25,2025-06-18,2025-07-11,2025-07-17,Ocean,141,2203.81,5,2.0,29,57.7,Normal,Delivered,186909.6,late
SHP00326,ORD100325,SUP007,SKU030,LOC07,LOC20,2026-09-18,2026-09-28,2026-10-02,Air,366,20066.43,6,0.0,14,48.5,Priority,Delivered,383388.66,late
SHP00327,ORD100326,SUP021,SKU041,LOC08,LOC25,2026-10-12,2026-11-16,2026-11-18,Ocean,309,4149.66,5,3.0,37,41.9,Priority,Delivered,304269.21,late
SHP00328,ORD100327,SUP025,SKU003,LOC10,LOC15,2025-01-31,2025-03-02,2025-03-06,Ocean,216,2634.23,3,2.0,34,23.7,Normal,Delivered,364847.76,late
SHP00329,ORD100328,SUP010,SKU017,LOC08,LOC23,2026-03-13,2026-03-18,2026-03-26,Air,144,1024.44,8,1.0,13,28.9,Normal,Delivered,34063.2,late
SHP00330,ORD100329,SUP018,SKU049,LOC08,LOC24,2025-06-10,2025-06-23,2025-06-22,Air,317,34679.54,0,3.0,12,40.6,Normal,Delivered,109561.54,on_time
SHP00331,ORD100330,,SKU006,LOC13,LOC15,2025-05-13,2025-06-12,2025-06-11,Ocean,135,1802.25,2,0.0,29,62.1,Normal,Delivered,190262.25,on_time
SHP00332,ORD100331,SUP018,SKU007,LOC13,LOC21,2025-07-21,2025-08-20,2025-08-31,Ocean,450,2805.02,7,3.0,41,40.6,Normal,Delivered,31257.0,late
SHP00333,ORD100332,SUP016,SKU049,LOC11,LOC24,2025-05-15,2025-06-02,2025-06-07,Ocean,322,10173.23,4,0.0,23,48.1,Normal,Delivered,111289.64,late
SHP00334,ORD100333,SUP003,SKU019,LOC08,LOC23,2025-12-05,2025-12-28,2026-01-12,Ocean,388,16296.27,10,5.0,38,55.6,Normal,Delivered,428138.6,late
SHP00335,ORD100334,SUP019,SKU017,LOC07,LOC16,2026-11-18,2026-12-12,2026-12-20,Ocean,394,769.18,6,1.0,32,68.0,Normal,Delivered,93200.7,late
SHP00336,ORD100335,SUP033,SKU034,LOC11,LOC25,2026-02-09,2026-03-04,2026-03-09,Ocean,477,16071.97,3,0.0,28,51.7,Normal,Delivered,673991.46,late
SHP00337,ORD100336,SUP026,SKU012,LOC03,LOC22,2026-05-15,2026-06-03,2026-06-06,Ocean,351,4450.07,5,1.0,22,35.9,Normal,Delivered,316763.46,late
SHP00338,ORD100337,SUP036,SKU003,LOC05,LOC21,2025-12-07,2026-01-01,2026-01-02,Ocean,464,6384.86,2,1.0,26,64.2,Normal,Delivered,783747.04,late
SHP00339,ORD100338,SUP006,SKU001,LOC03,LOC19,2025-01-10,2025-01-18,2025-01-21,Air,464,57193.19,3,0.0,11,50.0,Priority,Delivered,278149.44,late
SHP00340,ORD100339,SUP001,SKU005,LOC12,LOC16,2025-02-28,2025-03-23,2025-03-29,Ocean,175,4439.01,4,3.0,29,38.3,Normal,Delivered,276475.5,late
SHP00341,ORD100340,SUP022,SKU010,LOC06,LOC23,2025-07-05,2025-07-26,2025-07-24,Rail,289,21677.73,2,0.0,19,16.0,Normal,Delivered,375856.06,on_time
SHP00342,ORD100341,SUP008,SKU042,LOC02,LOC21,2025-06-18,2025-06-30,2025-07-03,Rail,391,24006.48,5,2.0,15,21.8,Normal,Delivered,569573.61,late
SHP00343,ORD100342,SUP024,SKU018,LOC12,LOC17,2026-08-03,2026-08-12,2026-08-23,Air,41,6335.83,4,6.0,20,59.7,Normal,Delivered,18584.48,late
SHP00344,ORD100343,SUP037,SKU005,LOC11,LOC25,2026-08-06,2026-08-22,2026-09-03,Rail,368,22925.27,4,4.0,28,36.2,Normal,Delivered,581388.48,late
SHP00345,ORD100344,SUP014,SKU001,LOC07,LOC25,2026-08-13,2026-08-25,2026-08-31,Rail,441,21645.62,3,5.0,18,27.1,Normal,Delivered,264361.86,late
SHP00346,ORD100345,SUP022,SKU029,LOC05,LOC24,2026-03-16,2026-04-08,2026-04-12,Ocean,455,1004.01,1,3.0,27,16.0,Normal,Delivered,165406.15,late
SHP00347,ORD100346,SUP028,SKU051,LOC12,LOC21,2026-01-19,2026-01-31,2026-02-07,Air,496,91948.2,5,3.0,19,47.4,Normal,Delivered,450730.08,late
SHP00348,ORD100347,SUP007,SKU021,LOC05,LOC17,2026-03-24,2026-04-21,2026-05-03,Ocean,395,9010.62,6,3.0,40,46.5,Priority,Delivered,189584.2,late
SHP00349,ORD100348,SUP036,SKU004,LOC11,LOC20,2025-10-08,2025-10-14,2025-10-25,Air,410,12675.3,6,5.0,17,78.5,Normal,Delivered,616476.0,late
SHP00350,ORD100349,SUP009,SKU014,LOC02,LOC16,2026-04-08,2026-05-03,2026-05-08,Ocean,497,9586.14,3,0.0,30,41.2,Normal,Delivered,575342.11,late
SHP00351,ORD100350,SUP033,SKU030,LOC09,LOC16,2026-07-03,2026-08-04,2026-08-13,Ocean,153,1937.32,5,4.0,41,49.6,Normal,Delivered,160269.03,late
SHP00352,ORD100351,SUP027,SKU012,LOC10,LOC20,2026-06-11,2026-07-06,2026-07-07,Ocean,409,6465.7,3,1.0,26,43.7,Priority,Delivered,369106.14,late
SHP00353,ORD100352,SUP006,SKU059,LOC06,LOC24,2026-02-28,2026-03-17,2026-03-21,Rail,44,3910.91,6,2.0,21,34.5,Priority,Delivered,57405.48,late
SHP00354,ORD100353,SUP029,SKU046,LOC09,LOC22,2025-02-10,2025-03-04,2025-03-09,Ocean,79,3258.03,3,4.0,27,52.9,Priority,Delivered,22605.85,late
SHP00355,ORD100354,SUP008,SKU021,LOC01,LOC15,2026-05-16,2026-06-08,2026-06-15,Ocean,254,5683.02,5,3.0,30,37.2,Normal,Delivered,121909.84,late
SHP00356,ORD100355,SUP024,SKU058,LOC05,LOC23,2025-09-10,2025-10-07,2025-10-14,Ocean,27,1143.18,4,0.0,34,66.4,Normal,Delivered,38189.61,late
SHP00357,ORD100356,SUP039,SKU020,LOC01,LOC22,2026-05-29,2026-06-21,2026-06-29,Ocean,358,5680.89,8,2.0,31,36.4,Critical,Delivered,283686.36,late
SHP00358,ORD100357,SUP039,SKU009,LOC11,LOC19,2026-01-08,2026-01-29,2026-01-27,Rail,23,1591.84,3,1.0,19,34.0,Normal,Delivered,24491.78,on_time
SHP00359,ORD100358,SUP035,SKU057,LOC10,LOC25,2026-09-01,2026-09-09,2026-09-14,Air,344,26643.53,5,2.0,13,16.0,Normal,Delivered,456006.4,late
SHP00360,ORD100359,SUP020,SKU058,LOC09,LOC23,2025-08-22,2025-09-12,2025-09-16,Ocean,115,4497.67,0,3.0,25,69.8,Normal,Delivered,162659.45,late
SHP00361,ORD100360,SUP023,SKU019,LOC06,LOC23,2026-10-05,2026-10-24,2026-10-29,Ocean,217,8048.27,6,2.0,24,53.7,Normal,Delivered,239448.65,late
SHP00362,ORD100361,SUP013,SKU036,LOC01,LOC25,2026-08-06,2026-08-31,2026-09-07,Ocean,137,4352.1,8,0.0,32,32.6,Normal,Delivered,117437.77,late
SHP00363,ORD100362,SUP037,SKU011,LOC01,LOC16,2025-08-17,2025-09-03,2025-09-09,Ocean,81,575.25,1,4.0,23,39.4,Normal,Delivered,135502.47,late
SHP00364,ORD100363,SUP020,SKU039,LOC11,LOC18,2025-11-29,2025-12-08,2025-12-13,Air,152,10598.17,3,5.0,14,67.1,Normal,Delivered,108065.92,late
SHP00365,ORD100364,SUP031,SKU042,LOC03,LOC17,2026-01-02,2026-01-09,2026-01-15,Air,375,40236.33,2,1.0,13,14.2,Normal,Delivered,546266.25,late
SHP00366,ORD100365,SUP015,SKU043,LOC02,LOC18,2026-06-15,2026-07-10,2026-07-18,Ocean,349,3637.04,3,5.0,33,59.2,Normal,Delivered,465824.26,late
SHP00367,ORD100366,SUP030,SKU035,LOC02,LOC17,2026-04-21,2026-04-26,2026-05-01,Air,179,5694.37,6,1.0,10,46.0,Normal,Delivered,176458.2,late
SHP00368,ORD100367,SUP009,SKU043,LOC02,LOC21,2026-08-11,2026-09-07,2026-09-09,Ocean,356,4481.42,2,3.0,29,23.9,Priority,Delivered,475167.44,late
SHP00369,ORD100368,SUP030,SKU034,LOC12,LOC18,2025-09-13,2025-10-03,2025-10-14,Ocean,319,12346.07,6,4.0,31,28.1,Normal,Delivered,450740.62,late
SHP00370,ORD100369,SUP002,SKU050,LOC09,LOC23,2025-12-15,2026-01-06,2026-01-07,Ocean,26,549.87,6,0.0,23,51.0,Critical,Delivered,22432.8,late
SHP00371,ORD100370,SUP005,SKU011,LOC13,LOC23,2025-10-25,2025-10-30,2025-11-12,Air,124,4008.61,9,4.0,18,57.4,Priority,Delivered,207435.88,late
SHP00372,ORD100371,SUP015,SKU030,LOC11,LOC24,2026-09-20,2026-10-06,2026-10-20,Ocean,265,2680.9,12,3.0,30,64.3,Normal,Delivered,277590.15,late
SHP00373,ORD100372,SUP020,SKU025,LOC10,LOC19,2025-07-30,2025-08-19,2025-08-29,Rail,156,3693.02,5,3.0,30,45.6,Normal,Delivered,49076.04,late
SHP00374,ORD100373,SUP029,SKU033,LOC05,LOC22,2026-02-10,2026-03-10,2026-03-19,Ocean,342,12993.28,4,4.0,37,59.4,Critical,Delivered,557172.72,late
SHP00375,ORD100374,SUP015,SKU009,LOC02,LOC22,2025-03-24,2025-04-21,2025-04-22,Ocean,219,7048.88,0,1.0,29,61.8,Normal,Delivered,233204.34,late
SHP00376,ORD100375,SUP001,SKU020,LOC09,LOC22,2026-08-10,2026-09-02,2026-09-05,Ocean,283,5315.76,5,1.0,26,28.4,Normal,Delivered,224254.86,late
SHP00377,ORD100376,SUP014,SKU058,LOC14,LOC20,2025-09-23,2025-10-24,2025-11-04,Ocean,395,18945.48,9,2.0,42,28.3,Critical,Delivered,558699.85,late
SHP00378,ORD100377,SUP018,SKU007,LOC10,LOC18,2025-08-24,2025-09-19,2025-09-28,Ocean,481,3993.45,3,4.0,35,41.9,Critical,Delivered,33410.26,late
SHP00379,ORD100378,SUP022,SKU039,LOC13,LOC25,2026-02-07,2026-02-26,2026-02-25,Ocean,475,6025.42,1,0.0,18,16.0,Normal,Delivered,337706.0,on_time
SHP00380,ORD100379,SUP026,SKU040,LOC11,LOC25,2025-12-11,2025-12-21,2025-12-27,Air,262,18785.8,3,4.0,16,41.7,Normal,Delivered,448085.5,late
SHP00381,ORD100380,SUP010,SKU029,LOC05,LOC16,2026-08-09,2026-09-04,2026-09-12,Ocean,231,567.41,6,3.0,34,25.0,Normal,Delivered,83975.43,late
SHP00382,ORD100381,SUP025,SKU003,LOC08,LOC16,2026-01-02,2026-01-15,2026-01-18,Air,67,3761.26,0,2.0,16,31.3,Priority,Delivered,113170.37,late
SHP00383,ORD100382,SUP026,SKU003,LOC04,LOC25,2025-12-23,2025-12-31,2026-01-07,Air,385,24555.35,4,3.0,15,27.2,Normal,Delivered,650307.35,late
SHP00384,ORD100383,SUP032,SKU017,LOC11,LOC18,2025-03-14,2025-04-11,2025-04-12,Ocean,327,579.43,2,4.0,29,103.7,Normal,Delivered,77351.85,late
SHP00385,ORD100384,SUP021,SKU007,LOC12,LOC23,2025-01-16,2025-02-17,2025-02-22,Ocean,208,1743.94,5,3.0,37,65.4,Normal,Delivered,14447.68,late
SHP00386,ORD100385,SUP033,SKU006,LOC12,LOC20,2025-10-03,2025-11-04,2025-11-14,Ocean,415,7061.63,6,6.0,42,44.3,Priority,Delivered,584880.25,late
SHP00387,ORD100386,SUP009,SKU010,LOC02,LOC18,2026-11-20,2026-12-14,2026-12-20,Ocean,233,8956.17,5,5.0,30,47.7,Priority,Delivered,303025.82,late
SHP00388,ORD100387,SUP029,SKU012,LOC06,LOC19,2026-09-25,2026-10-07,2026-10-07,Air,230,16613.39,0,3.0,12,49.6,Priority,Delivered,207565.8,on_time
SHP00389,ORD100388,SUP002,SKU051,LOC08,LOC18,2026-03-10,2026-03-22,2026-03-24,Rail,135,8232.71,3,1.0,14,49.1,Normal,Delivered,122678.55,late
SHP00390,ORD100389,SUP005,SKU039,LOC06,LOC18,2026-03-12,2026-03-22,2026-03-27,Air,221,17278.11,3,2.0,15,40.5,Normal,Delivered,157122.16,late
SHP00391,ORD100390,SUP035,SKU002,LOC09,LOC22,2025-09-28,2025-10-28,2025-11-05,Ocean,265,6602.22,8,1.0,38,16.0,Critical,Delivered,185704.05,late
SHP00392,ORD100391,SUP020,SKU038,LOC14,LOC19,2025-05-03,2025-05-07,2025-05-11,Air,299,27220.32,2,1.0,8,64.2,Priority,Delivered,135494.84,late
SHP00393,ORD100392,SUP025,SKU009,LOC13,LOC21,2025-01-06,2025-01-11,2025-01-19,Air,340,50321.04,3,2.0,13,31.1,Normal,Delivered,362052.4,late
SHP00394,ORD100393,SUP025,SKU026,LOC11,LOC19,2025-08-22,2025-09-10,2025-09-23,Ocean,231,341.8,7,7.0,32,43.9,Normal,Delivered,32852.82,late
SHP00395,ORD100394,SUP028,SKU003,LOC12,LOC15,2025-08-07,2025-08-13,2025-08-22,Air,188,11074.99,5,3.0,15,44.1,Normal,Delivered,317552.68,late
SHP00396,ORD100395,SUP010,SKU006,LOC04,LOC25,2025-05-13,2025-05-29,2025-05-28,Ocean,119,1431.01,0,1.0,15,23.1,Critical,Delivered,167712.65,on_time
SHP00397,ORD100396,SUP008,SKU008,LOC02,LOC15,2025-06-28,2025-07-24,2025-07-26,Ocean,454,3209.21,1,1.0,28,31.1,Normal,Delivered,560367.66,late
SHP00398,ORD100397,SUP002,SKU027,LOC11,LOC23,2025-01-18,2025-02-15,2025-02-23,Ocean,33,751.04,8,2.0,36,60.8,Normal,Delivered,40908.45,late
SHP00399,ORD100398,SUP035,SKU028,LOC12,LOC25,2026-02-24,2026-03-14,2026-03-17,Ocean,440,5601.91,1,1.0,21,16.0,Normal,Delivered,409393.6,late
SHP00400,ORD100399,SUP009,SKU022,LOC13,LOC25,2026-10-02,2026-10-15,2026-10-12,Rail,443,32488.66,0,1.0,10,23.3,Normal,Delivered,654789.44,on_time
SHP00401,ORD100400,SUP024,SKU038,LOC04,LOC24,2026-04-22,2026-05-21,2026-06-01,Ocean,354,6880.39,7,4.0,40,69.1,Normal,Delivered,160418.64,late
SHP00402,ORD100401,SUP019,SKU044,LOC05,LOC22,2025-11-06,2025-11-26,2025-12-06,Ocean,256,8039.99,5,3.0,30,45.0,Normal,Delivered,398223.36,late
SHP00403,ORD100402,SUP007,SKU044,LOC06,LOC16,2025-10-17,2025-11-09,2025-11-23,Ocean,91,2358.99,10,0.0,37,66.0,Normal,Delivered,141555.96,late
SHP00404,ORD100403,SUP017,SKU035,LOC05,LOC16,2025-08-01,2025-08-31,2025-09-03,Ocean,408,2185.53,4,3.0,33,27.0,Priority,Delivered,402206.4,late
SHP00405,ORD100404,SUP004,SKU033,LOC03,LOC16,2025-04-09,2025-04-30,2025-05-04,Ocean,266,9616.05,4,0.0,25,38.8,Normal,Delivered,433356.56,late
SHP00406,ORD100405,SUP008,SKU030,LOC08,LOC23,2026-02-17,2026-03-10,2026-03-16,Ocean,340,4433.94,9,1.0,27,41.3,Normal,Delivered,356153.4,late
SHP00407,ORD100406,SUP006,SKU015,LOC03,LOC20,2026-01-26,2026-01-31,2026-02-06,Air,373,36124.54,4,3.0,11,55.7,Normal,Delivered,649296.02,late
SHP00408,ORD100407,SUP033,SKU030,LOC12,LOC15,2025-01-06,2025-02-03,2025-02-14,Ocean,269,3034.33,2,4.0,39,59.2,Normal,Delivered,281780.19,late
SHP00409,ORD100408,SUP023,SKU001,LOC06,LOC16,2025-10-14,2025-10-20,2025-10-26,Air,142,11937.76,6,3.0,12,50.0,Normal,Delivered,85123.32,late
SHP00410,ORD100409,SUP038,SKU058,LOC13,LOC18,2025-07-11,2025-08-01,2025-08-14,Ocean,101,3293.27,6,4.0,34,66.7,Normal,Delivered,142857.43,late
SHP00411,ORD100410,SUP018,SKU023,LOC11,LOC18,2025-04-28,2025-05-03,2025-05-14,Air,160,22006.8,7,4.0,16,37.3,Critical,Delivered,48244.8,late
SHP00412,ORD100411,SUP009,SKU046,LOC08,LOC24,2026-05-01,2026-05-13,2026-05-19,Air,122,22398.9,8,0.0,18,44.5,Priority,Delivered,34910.3,late
SHP00413,ORD100412,SUP025,SKU058,LOC04,LOC21,2025-12-29,2026-01-20,2026-01-22,Ocean,325,14701.73,4,0.0,24,41.8,Priority,Delivered,459689.75,late
SHP00414,ORD100413,SUP038,SKU030,LOC14,LOC17,2026-03-14,2026-04-02,2026-04-06,Ocean,121,1141.0,6,0.0,23,82.2,Normal,Delivered,126748.71,late
SHP00415,ORD100414,SUP022,SKU052,LOC03,LOC18,2026-05-08,2026-05-29,2026-05-26,Rail,131,8900.39,4,0.0,18,16.0,Normal,Delivered,33422.03,on_time
SHP00416,ORD100415,SUP001,SKU029,LOC08,LOC15,2026-11-09,2026-12-09,2026-12-16,Ocean,482,1088.14,6,3.0,37,4.3,Normal,Delivered,175221.46,late
SHP00417,ORD100416,SUP013,SKU008,LOC12,LOC20,2026-07-08,2026-07-16,2026-07-27,Air,116,3717.7,7,3.0,19,54.5,Normal,Delivered,143177.64,late
SHP00418,ORD100417,SUP037,SKU002,LOC11,,2026-03-05,2026-03-25,2026-03-27,Ocean,484,13704.11,3,1.0,22,36.8,Critical,Delivered,339172.68,late
SHP00419,ORD100418,SUP021,SKU009,LOC10,LOC25,2026-08-30,2026-09-27,2026-10-09,Ocean,62,1974.76,9,4.0,40,64.6,Priority,Delivered,66021.32,late
SHP00420,ORD100419,SUP039,SKU057,LOC12,LOC15,2025-11-26,2025-12-20,2025-12-31,Ocean,409,5636.27,7,4.0,35,38.1,Normal,Delivered,542170.4,late
SHP00421,ORD100420,SUP021,SKU029,LOC11,LOC17,2026-11-11,2026-11-26,2026-12-02,Rail,151,764.07,5,1.0,21,61.1,Normal,Delivered,54893.03,late
SHP00422,ORD100421,SUP001,SKU020,LOC08,LOC22,2026-06-10,2026-07-03,2026-07-03,Ocean,153,2966.04,2,0.0,23,42.3,Normal,Delivered,121240.26,on_time
SHP00423,ORD100422,SUP035,SKU027,LOC14,LOC19,2026-03-26,2026-04-03,2026-04-05,Air,490,60728.79,4,1.0,10,16.0,Normal,Delivered,607428.5,late
SHP00424,ORD100423,SUP031,SKU016,LOC04,LOC23,2026-09-16,2026-09-22,2026-09-25,Air,102,22439.24,2,0.0,9,20.5,Normal,Delivered,148578.3,late
SHP00425,ORD100424,SUP029,SKU053,LOC06,LOC22,2025-12-22,2026-01-18,2026-01-26,Ocean,472,11004.34,10,4.0,35,44.7,Normal,Delivered,367999.52,late
SHP00426,ORD100425,SUP039,SKU060,LOC10,LOC20,2026-05-13,2026-06-09,2026-06-15,Ocean,445,2638.17,4,1.0,33,24.1,Normal,Delivered,684272.05,late
SHP00427,ORD100426,SUP008,SKU006,LOC07,LOC15,2025-07-16,2025-08-14,2025-08-22,Ocean,426,5382.3,7,2.0,37,30.8,Normal,Delivered,600383.1,late
SHP00428,ORD100427,SUP037,SKU044,LOC05,LOC15,2026-10-27,2026-11-19,2026-11-22,Ocean,276,9244.11,2,3.0,26,44.6,Normal,Delivered,429334.56,late
SHP00429,ORD100428,SUP010,SKU021,LOC01,LOC23,2026-03-07,2026-03-12,2026-03-14,Air,12,1279.06,2,1.0,7,22.6,Normal,Delivered,5759.52,late
SHP00430,ORD100429,SUP039,SKU003,LOC06,LOC15,2026-06-24,2026-07-16,2026-07-19,Ocean,381,3664.47,5,0.0,25,41.1,Priority,Delivered,643550.91,late
SHP00431,ORD100430,SUP008,SKU056,LOC11,LOC20,2025-11-14,2025-12-11,2025-12-19,Ocean,425,2895.25,0,5.0,35,42.8,Priority,Delivered,129353.0,late
SHP00432,ORD100431,SUP023,SKU004,LOC12,LOC18,2026-08-22,2026-08-30,2026-09-07,Air,371,11178.55,6,4.0,16,57.8,Critical,Delivered,557835.6,late
SHP00433,ORD100432,SUP032,SKU013,LOC04,LOC18,2025-02-21,2025-02-25,2025-03-06,Air,203,14075.31,6,3.0,13,84.0,Normal,Delivered,338612.12,late
SHP00434,ORD100433,SUP004,SKU002,LOC10,LOC18,2025-03-20,2025-04-13,2025-04-17,Ocean,160,4131.91,3,0.0,28,28.9,Normal,Delivered,112123.2,late
SHP00435,ORD100434,SUP003,SKU029,LOC01,LOC23,2025-12-16,2026-01-09,2026-01-17,Ocean,289,926.78,6,4.0,32,63.0,Priority,Delivered,105060.17,late
SHP00436,ORD100435,SUP034,SKU036,LOC08,LOC20,2026-05-21,2026-06-12,2026-06-22,Ocean,305,10018.52,5,5.0,32,67.7,Priority,Delivered,261449.05,late
SHP00437,ORD100436,SUP003,SKU020,LOC12,LOC21,2026-07-13,2026-07-24,2026-07-31,Air,423,35006.34,4,3.0,18,77.7,Normal,Delivered,335193.66,late
SHP00438,ORD100437,SUP025,SKU005,LOC10,LOC17,2025-10-31,2025-11-24,2025-11-24,Ocean,75,1902.85,2,2.0,24,30.0,Normal,Delivered,118489.5,on_time
SHP00439,ORD100438,SUP038,SKU007,LOC11,LOC20,2026-03-25,2026-04-14,2026-04-24,Ocean,426,2877.49,4,6.0,30,77.1,Normal,Delivered,29589.96,late
SHP00440,ORD100439,SUP025,SKU057,LOC10,LOC18,2026-01-17,2026-02-05,2026-02-05,Ocean,418,5776.93,0,0.0,19,50.6,Normal,Delivered,554100.8,on_time
SHP00441,ORD100440,SUP020,SKU049,LOC09,LOC23,2026-10-26,2026-11-01,2026-11-07,Air,252,37371.42,5,0.0,12,78.0,Normal,Delivered,87096.24,late
SHP00442,ORD100441,SUP017,SKU057,LOC14,LOC19,2026-03-28,2026-04-06,2026-04-16,Air,217,15238.49,8,2.0,19,27.0,Normal,Delivered,287655.2,late
SHP00443,ORD100442,SUP026,SKU032,LOC05,LOC22,2025-10-15,2025-11-01,2025-11-06,Ocean,426,12660.95,4,2.0,22,40.2,Normal,Delivered,58016.94,late
SHP00444,ORD100443,SUP023,SKU033,LOC13,LOC18,2026-11-01,2026-11-10,2026-11-19,Rail,48,2954.08,5,3.0,18,55.3,Normal,Delivered,78199.68,late
SHP00445,ORD100444,SUP021,SKU048,LOC07,LOC17,2025-03-16,2025-03-30,2025-04-06,Rail,396,29475.25,8,0.0,21,42.2,Normal,Delivered,193917.24,late
SHP00446,ORD100445,SUP007,SKU037,LOC03,LOC23,2026-11-11,2026-12-05,2026-12-10,Ocean,342,4168.01,5,0.0,29,48.5,Priority,Delivered,99279.18,late
SHP00447,ORD100446,SUP027,SKU027,LOC06,LOC21,2025-04-17,2025-04-23,2025-04-30,Air,367,37253.51,7,2.0,13,66.0,Normal,Delivered,454951.55,late
SHP00448,ORD100447,SUP030,SKU018,LOC13,LOC18,2025-07-18,2025-08-14,2025-08-15,Ocean,217,7810.03,5,0.0,28,38.6,Normal,Delivered,98361.76,late
SHP00449,ORD100448,SUP029,SKU030,LOC12,LOC22,2026-07-21,2026-08-10,2026-08-15,Rail,389,9482.08,3,3.0,25,58.5,Normal,Delivered,407481.39,late
SHP00450,ORD100449,SUP004,SKU004,LOC06,LOC18,2026-05-22,2026-06-14,2026-06-19,Ocean,226,1200.9,4,1.0,28,40.5,Normal,Delivered,339813.6,late
SHP00451,ORD100450,SUP029,SKU012,LOC14,LOC17,2026-11-01,2026-12-03,2026-12-03,Ocean,208,3248.95,3,1.0,32,58.0,Normal,Delivered,187711.68,on_time
SHP00452,ORD100451,SUP030,SKU045,LOC14,LOC23,2026-06-02,2026-06-29,2026-07-05,Ocean,109,615.93,8,0.0,33,37.9,Priority,Delivered,143730.67,late
SHP00453,ORD100452,SUP008,SKU053,LOC02,LOC20,2026-03-16,2026-04-18,2026-04-22,Ocean,201,5569.27,3,4.0,37,39.3,Normal,Delivered,156711.66,late
SHP00454,ORD100453,SUP034,SKU007,LOC12,LOC18,2025-08-28,2025-09-08,2025-09-13,Air,311,11505.76,3,6.0,16,55.0,Normal,Delivered,21602.06,late
SHP00455,ORD100454,SUP021,SKU006,LOC10,LOC19,2025-01-04,2025-01-20,2025-01-26,Ocean,56,628.85,3,1.0,22,62.6,Normal,Delivered,78923.6,late
SHP00456,ORD100455,SUP019,SKU006,LOC13,LOC18,2025-03-27,2025-04-18,2025-04-22,Ocean,431,6841.36,5,0.0,26,50.2,Normal,Delivered,607429.85,late
SHP00457,ORD100456,SUP029,SKU048,LOC09,LOC18,2025-07-25,2025-08-23,2025-08-30,Ocean,497,17175.03,4,2.0,36,58.0,Priority,Delivered,243375.93,late
SHP00458,ORD100457,SUP021,SKU019,LOC04,LOC18,2025-01-29,2025-02-07,2025-02-16,Rail,315,22018.32,6,1.0,18,66.0,Normal,Delivered,347586.75,late
SHP00459,ORD100458,SUP022,SKU020,LOC10,LOC15,2025-12-17,2025-12-29,2025-12-31,Air,44,3727.81,4,0.0,14,16.0,Normal,Delivered,34866.48,late
SHP00460,ORD100459,SUP013,SKU001,LOC11,LOC18,2026-06-21,2026-07-14,2026-07-19,Ocean,177,3756.68,4,1.0,28,38.2,Normal,Delivered,106104.42,late
SHP00461,ORD100460,SUP038,SKU059,LOC02,LOC23,2026-10-27,2026-11-28,2026-12-04,Ocean,293,11477.83,4,3.0,38,71.3,Normal,Delivered,382268.31,late
SHP00462,ORD100461,SUP039,SKU027,LOC10,LOC16,2025-12-04,2026-01-06,2026-01-11,Ocean,330,7922.0,6,0.0,38,32.1,Priority,Delivered,409084.5,late
SHP00463,ORD100462,SUP006,SKU048,LOC10,LOC17,2026-08-27,2026-09-13,2026-09-18,Rail,355,29184.25,7,3.0,22,34.4,Critical,Delivered,173839.95,late
SHP00464,ORD100463,SUP030,SKU043,LOC13,LOC15,2026-11-12,2026-11-23,2026-12-04,Air,468,24686.67,7,5.0,22,36.1,Priority,Delivered,624658.32,late
SHP00465,ORD100464,SUP001,SKU009,LOC14,LOC17,2026-08-17,2026-09-04,2026-09-09,Ocean,395,10249.22,3,3.0,23,25.7,Normal,Delivered,420619.7,late
SHP00466,ORD100465,SUP015,SKU049,LOC02,LOC21,2025-11-17,2025-11-29,2025-12-06,Rail,294,18734.42,7,2.0,19,53.9,Priority,Delivered,101612.28,late
SHP00467,ORD100466,SUP039,SKU034,LOC04,LOC16,2025-08-13,2025-09-12,2025-09-21,Ocean,321,11204.5,5,0.0,39,32.7,Normal,Delivered,453566.58,late
SHP00468,ORD100467,SUP007,SKU037,LOC06,LOC21,2026-11-06,2026-11-14,2026-11-21,Air,190,10746.44,6,0.0,15,51.7,Critical,Delivered,55155.1,late
SHP00469,ORD100468,SUP016,SKU013,LOC12,LOC16,2025-06-16,2025-07-03,2025-07-15,Ocean,421,6142.66,7,5.0,29,31.2,Normal,Delivered,702244.84,late
SHP00470,ORD100469,SUP009,SKU051,LOC03,LOC15,2025-10-11,2025-11-03,2025-11-09,Ocean,348,9599.8,4,2.0,29,21.8,Normal,Delivered,316238.04,late
SHP00471,ORD100470,SUP030,SKU056,LOC03,LOC23,2025-02-21,2025-03-18,2025-03-19,Ocean,300,1872.38,6,0.0,26,42.8,Normal,Delivered,91308.0,late
SHP00472,ORD100471,SUP019,SKU025,LOC12,LOC25,2026-07-02,2026-07-24,2026-07-31,Ocean,304,3720.21,6,2.0,29,68.9,Normal,Delivered,95635.36,late
SHP00473,ORD100472,SUP024,SKU006,LOC01,LOC21,2026-03-25,2026-04-07,2026-04-11,Rail,147,3938.26,4,1.0,17,65.4,Priority,Delivered,207174.45,late
SHP00474,ORD100473,SUP038,SKU051,LOC09,LOC19,2025-02-28,2025-03-20,2025-03-24,Ocean,142,5953.46,1,4.0,24,45.0,Normal,Delivered,129039.66,late
SHP00475,ORD100474,SUP021,SKU054,LOC02,LOC24,2025-06-03,2025-06-12,2025-06-14,Air,378,55231.84,2,0.0,11,53.0,Normal,Delivered,238340.34,late
SHP00476,ORD100475,SUP030,SKU031,LOC10,LOC20,2026-01-19,2026-01-26,2026-02-03,Air,322,24932.76,5,3.0,15,58.5,Normal,Delivered,310469.18,late
SHP00477,ORD100476,SUP004,SKU035,LOC13,LOC19,2026-01-08,2026-01-14,2026-01-19,Air,320,11106.4,3,4.0,11,43.3,Critical,Delivered,315456.0,late
SHP00478,ORD100477,SUP009,SKU014,LOC06,LOC16,2026-07-08,2026-07-25,2026-07-31,Rail,334,16154.03,4,2.0,23,32.6,Normal,Delivered,386648.42,late
SHP00479,ORD100478,SUP038,SKU005,LOC11,LOC17,2025-07-03,2025-07-28,2025-07-31,Ocean,63,1847.02,4,2.0,28,73.2,Normal,Delivered,99531.18,late
SHP00480,ORD100479,SUP035,SKU057,LOC03,LOC17,2026-10-01,2026-11-02,2026-11-03,Ocean,127,2182.27,1,3.0,33,16.0,Normal,Delivered,168351.2,late
SHP00481,ORD100480,SUP027,SKU029,LOC10,LOC17,2025-11-03,2025-11-28,2025-11-27,Ocean,157,507.73,1,1.0,24,42.3,Normal,Delivered,57074.21,on_time
SHP00482,ORD100481,SUP016,SKU017,LOC09,LOC18,2026-07-22,2026-08-11,2026-08-20,Ocean,405,673.07,3,1.0,29,36.8,Critical,Delivered,95802.75,late
SHP00483,ORD100482,SUP008,SKU042,LOC04,LOC15,2025-06-14,2025-06-23,2025-06-24,Rail,135,9202.92,0,1.0,10,31.1,Normal,Delivered,196655.85,late
SHP00484,ORD100483,SUP035,SKU002,LOC05,LOC19,2025-01-26,2025-02-21,2025-03-02,Ocean,36,934.8,9,3.0,35,16.0,Normal,Delivered,25227.72,late
SHP00485,ORD100484,SUP032,SKU005,LOC06,LOC21,2025-02-07,2025-03-04,2025-03-09,Ocean,311,7045.96,7,1.0,30,96.1,Normal,Delivered,491336.46,late
SHP00486,ORD100485,SUP010,SKU015,LOC10,LOC23,2025-09-15,2025-10-14,2025-10-18,Ocean,436,6564.4,3,3.0,33,19.6,Normal,Delivered,758962.64,late
SHP00487,ORD100486,SUP024,SKU028,LOC09,LOC16,2026-10-20,2026-11-05,2026-11-12,Ocean,354,5072.58,2,3.0,23,72.4,Normal,Delivered,329375.76,late
SHP00488,ORD100487,SUP025,SKU023,LOC01,LOC23,2025-02-03,2025-02-14,2025-02-16,Air,283,27923.96,1,3.0,13,29.8,Priority,Delivered,85332.99,late
SHP00489,ORD100488,SUP020,SKU012,LOC11,LOC16,2025-09-12,2025-10-02,2025-10-10,Ocean,224,3316.68,6,0.0,28,45.4,Normal,Delivered,202151.04,late
SHP00490,ORD100489,SUP038,SKU022,LOC04,LOC24,2025-03-17,2025-03-22,2025-04-03,Air,498,86627.22,7,5.0,17,59.3,Normal,Delivered,736083.84,late
SHP00491,ORD100490,SUP005,SKU021,LOC12,LOC17,2026-10-05,2026-10-16,2026-10-20,Air,386,35348.8,4,3.0,15,45.9,Normal,Delivered,185264.56,late
SHP00492,ORD100491,SUP011,SKU032,LOC14,LOC19,2026-04-11,2026-04-17,2026-04-26,Air,201,27962.39,4,1.0,15,50.5,Normal,Delivered,27374.19,late
SHP00493,ORD100492,SUP004,SKU034,LOC03,LOC19,2026-06-11,2026-07-13,2026-07-15,Ocean,326,11088.45,1,4.0,34,14.4,Normal,Delivered,460631.48,late
SHP00494,ORD100493,SUP028,SKU053,LOC08,LOC22,2026-05-08,2026-05-16,2026-05-22,Air,160,19940.21,4,0.0,14,59.4,Critical,Delivered,124745.6,late
SHP00495,ORD100494,SUP026,SKU049,LOC02,LOC16,2026-03-30,2026-04-15,2026-04-22,Ocean,412,11148.18,6,1.0,23,47.6,Priority,Delivered,142395.44,late
SHP00496,ORD100495,SUP040,SKU018,LOC09,LOC22,2026-06-18,2026-07-07,2026-07-13,Ocean,265,8674.9,3,3.0,25,39.5,Normal,Delivered,120119.2,late
SHP00497,ORD100496,SUP022,SKU055,LOC07,LOC24,2025-01-06,2025-01-16,2025-01-22,Air,37,1657.3,5,1.0,16,16.0,Normal,Delivered,25313.92,late
SHP00498,ORD100497,SUP007,SKU032,LOC01,LOC21,2026-08-21,2026-08-27,2026-09-09,Air,61,7941.03,7,6.0,19,56.4,Normal,Delivered,8307.59,late
SHP00499,ORD100498,SUP019,SKU012,LOC11,LOC24,2026-05-26,2026-06-17,2026-07-01,Ocean,49,670.98,8,5.0,36,56.2,Normal,Delivered,44220.54,late
SHP00500,ORD100499,SUP004,SKU021,LOC02,LOC23,2026-05-26,2026-06-15,2026-06-15,Rail,173,6334.42,2,1.0,20,40.7,Normal,Delivered,83033.08,on_time
SHP00501,ORD100500,SUP027,SKU045,LOC05,LOC16,2025-09-29,2025-10-28,2025-11-06,Ocean,201,1052.7,4,4.0,38,41.3,Normal,Delivered,265044.63,late
SHP00502,ORD100501,SUP027,SKU050,LOC04,LOC23,2026-07-07,2026-07-14,2026-07-20,Air,81,10702.31,5,3.0,13,54.5,Priority,Delivered,69886.8,late
SHP00503,ORD100502,SUP035,SKU023,LOC01,LOC22,2025-09-21,2025-10-06,2025-10-13,Rail,320,13368.17,3,6.0,22,16.0,Normal,Delivered,96489.6,late
SHP00504,ORD100503,SUP014,SKU010,LOC03,LOC22,2025-02-03,2025-03-05,2025-03-02,Ocean,220,7707.73,1,0.0,27,38.0,Normal,Delivered,286118.8,on_time
SHP00505,ORD100504,SUP013,SKU012,LOC09,LOC16,2026-09-19,2026-09-28,2026-10-05,Air,16,1179.26,4,2.0,16,36.5,Priority,Delivered,14439.36,late
SHP00506,ORD100505,SUP003,SKU007,LOC02,LOC20,2025-06-11,2025-06-20,2025-06-27,Air,345,9645.22,7,0.0,16,62.2,Priority,Delivered,23963.7,late
SHP00507,ORD100506,SUP017,SKU042,LOC13,LOC23,2025-03-12,2025-03-20,2025-03-23,Air,266,28870.33,2,2.0,11,27.0,Normal,Delivered,387484.86,late
SHP00508,ORD100507,SUP020,SKU031,LOC09,LOC20,2026-03-06,2026-03-15,2026-03-18,Air,355,26644.03,5,1.0,12,66.3,Priority,Delivered,342287.45,late
SHP00509,ORD100508,SUP031,SKU028,LOC13,LOC18,2025-06-11,2025-06-20,2025-06-23,Air,259,14525.17,2,1.0,12,18.8,Priority,Delivered,240983.96,late
SHP00510,ORD100509,SUP031,SKU041,LOC10,LOC25,2026-08-16,2026-09-08,2026-09-08,Ocean,473,8350.4,2,2.0,23,17.5,Normal,Delivered,465758.37,on_time
SHP00511,ORD100510,SUP006,SKU050,LOC08,LOC17,2025-11-03,2025-11-10,2025-11-12,Air,278,34827.49,5,1.0,9,41.2,Normal,Delivered,239858.4,late
SHP00512,ORD100511,SUP012,SKU048,LOC14,LOC24,2025-01-04,2025-01-28,2025-01-31,Ocean,500,19977.9,5,0.0,27,42.0,Normal,Delivered,244845.0,late
SHP00513,ORD100512,SUP021,SKU009,LOC05,LOC17,2026-10-19,2026-11-01,2026-11-13,Rail,166,10007.33,7,4.0,25,48.2,Normal,Delivered,176766.76,late
SHP00514,ORD100513,SUP014,SKU036,LOC01,LOC16,2025-12-22,2026-01-12,2026-01-15,Ocean,424,15117.41,5,3.0,24,15.7,Normal,Delivered,363457.04,late
SHP00515,ORD100514,SUP002,SKU053,LOC05,LOC22,2025-07-01,2025-07-20,2025-07-26,Ocean,298,9054.22,5,3.0,25,59.9,Normal,Delivered,232338.68,late
SHP00516,ORD100515,SUP034,SKU047,LOC09,LOC23,2026-04-13,2026-04-25,2026-05-14,Rail,55,3327.19,6,8.0,31,69.5,Normal,Delivered,78018.05,late
SHP00517,ORD100516,SUP030,SKU020,LOC06,LOC17,2026-01-02,2026-01-27,2026-02-02,Ocean,462,8105.64,1,5.0,31,37.6,Critical,Delivered,366098.04,late
SHP00518,ORD100517,SUP021,SKU024,LOC09,LOC25,2025-01-21,2025-02-22,2025-02-21,Ocean,462,6803.08,0,1.0,31,59.5,Critical,Delivered,137445.0,on_time
SHP00519,ORD100518,SUP013,SKU054,LOC10,LOC17,2026-06-09,2026-06-18,2026-06-20,Air,276,28943.06,3,1.0,11,39.9,Normal,Delivered,174026.28,late
SHP00520,ORD100519,SUP034,SKU002,LOC05,LOC21,2025-10-04,2025-10-25,2025-10-31,Ocean,392,10407.98,6,2.0,27,71.7,Normal,Delivered,274701.84,late
SHP00521,ORD100520,SUP002,SKU032,LOC07,LOC15,2026-04-28,2026-05-26,2026-05-29,Ocean,378,10955.47,4,0.0,31,52.1,Normal,Delivered,51479.82,late
SHP00522,ORD100521,SUP018,SKU007,LOC10,LOC25,2026-09-10,2026-10-10,2026-10-17,Ocean,56,372.17,7,0.0,37,27.3,Normal,Delivered,3889.76,late
SHP00523,ORD100522,SUP033,SKU054,LOC01,LOC21,2026-02-26,2026-03-30,2026-04-07,Ocean,328,11462.45,6,3.0,40,68.9,Priority,Delivered,206813.84,late
SHP00524,ORD100523,SUP039,SKU003,LOC14,LOC17,2026-04-09,2026-05-09,2026-05-12,Ocean,323,3033.61,3,1.0,33,36.9,Normal,Delivered,545582.53,late
SHP00525,ORD100524,SUP011,SKU002,LOC14,LOC22,2025-06-25,2025-07-17,2025-07-22,Ocean,499,17356.02,6,3.0,27,51.5,Normal,Delivered,349684.23,late
SHP00526,ORD100525,SUP027,SKU020,LOC02,LOC20,2025-06-13,2025-07-11,2025-07-14,Ocean,277,4062.15,3,1.0,31,52.0,Normal,Delivered,219500.34,late
SHP00527,ORD100526,SUP008,SKU013,LOC10,LOC20,2025-10-14,2025-11-07,2025-11-08,Ocean,407,5758.43,1,2.0,25,33.1,Normal,Delivered,678892.28,late
SHP00528,ORD100527,SUP005,SKU030,LOC09,LOC24,2026-08-12,2026-09-01,2026-09-07,Ocean,400,3720.52,4,4.0,26,51.1,Normal,Delivered,419004.0,late
SHP00529,ORD100528,SUP015,SKU018,LOC09,LOC21,2025-12-28,2026-01-04,2026-01-08,Air,131,16410.97,7,0.0,11,57.9,Normal,Delivered,59379.68,late
SHP00530,ORD100529,SUP036,SKU022,LOC11,LOC21,2025-08-29,2025-09-03,2025-09-13,Air,484,81305.35,2,6.0,15,67.3,Normal,Delivered,715390.72,late
SHP00531,ORD100530,SUP028,SKU034,LOC11,LOC22,2026-06-22,2026-07-24,2026-07-24,Ocean,442,17503.12,1,3.0,32,63.3,Normal,Delivered,624537.16,on_time
SHP00532,ORD100531,SUP020,SKU034,LOC02,LOC21,2026-08-12,2026-09-11,2026-09-13,Ocean,123,4991.87,3,0.0,32,55.2,Normal,Delivered,173796.54,late
SHP00533,ORD100532,SUP012,SKU057,LOC07,LOC20,2026-09-15,2026-10-01,2026-10-07,Rail,429,15932.37,2,3.0,22,34.6,Normal,Delivered,568682.4,late
SHP00534,ORD100533,SUP006,SKU029,LOC04,LOC22,2025-07-26,2025-08-02,2025-08-04,Air,60,663.08,2,1.0,9,37.1,Normal,Delivered,21811.8,late
SHP00535,ORD100534,SUP011,SKU034,LOC10,LOC18,2026-05-05,2026-06-01,2026-06-10,Ocean,332,11376.83,6,1.0,36,61.9,Normal,Delivered,469109.36,late
SHP00536,ORD100535,SUP007,SKU041,LOC05,LOC19,2026-02-12,2026-03-05,2026-03-08,Ocean,429,6449.49,3,4.0,24,57.4,Priority,Delivered,422432.01,late
SHP00537,ORD100536,SUP008,SKU011,LOC07,LOC25,2025-11-06,2025-11-29,2025-12-03,Ocean,50,306.43,3,3.0,27,35.7,Normal,Delivered,83643.5,late
SHP00538,ORD100537,SUP028,SKU041,LOC10,LOC18,2025-10-01,2025-10-05,2025-10-16,Air,307,24680.71,5,2.0,15,54.7,Normal,Delivered,302299.83,late
SHP00539,ORD100538,SUP006,SKU052,LOC11,LOC21,2025-03-21,2025-04-04,2025-04-14,Rail,496,35447.63,9,2.0,24,44.0,Normal,Delivered,126544.48,late
SHP00540,ORD100539,SUP002,SKU020,LOC06,LOC22,2025-07-09,2025-07-30,2025-08-08,Rail,146,5404.08,9,1.0,30,38.3,Normal,Delivered,115693.32,late
SHP00541,ORD100540,SUP022,SKU011,LOC13,LOC21,2026-01-15,2026-02-06,2026-02-15,Ocean,257,1478.64,4,2.0,31,16.0,Critical,Delivered,429927.59,late
SHP00542,ORD100541,SUP012,SKU021,LOC01,LOC17,2026-09-04,2026-09-30,2026-10-08,Ocean,328,5580.8,5,5.0,34,51.1,Normal,Delivered,157426.88,late
SHP00543,ORD100542,SUP019,SKU017,LOC12,LOC16,2026-08-21,2026-09-09,2026-09-21,Ocean,164,294.47,8,2.0,31,52.4,Normal,Delivered,38794.2,late
SHP00544,ORD100543,SUP006,SKU036,LOC05,LOC25,2025-05-10,2025-06-02,2025-06-11,Ocean,145,5569.85,6,4.0,32,30.2,Normal,Delivered,124295.45,late
SHP00545,ORD100544,SUP009,SKU052,LOC04,LOC16,2026-04-14,2026-05-15,2026-05-18,Ocean,148,5784.05,7,0.0,34,40.3,Normal,Delivered,37759.24,late
SHP00546,ORD100545,SUP018,SKU036,LOC07,LOC19,2025-02-28,2025-03-08,2025-03-08,Air,268,41033.38,1,0.0,8,42.5,Normal,Delivered,229732.28,on_time
SHP00547,ORD100546,SUP028,SKU008,LOC02,LOC17,2026-04-11,2026-04-25,2026-05-04,Ocean,104,719.87,4,3.0,23,57.5,Normal,Delivered,128366.16,late
SHP00548,ORD100547,SUP017,SKU019,LOC02,LOC17,2025-08-24,2025-09-11,2025-09-13,Rail,475,38751.72,5,0.0,20,27.0,Normal,Delivered,524138.75,late
SHP00549,ORD100548,SUP022,SKU042,LOC14,LOC18,2025-11-07,2025-11-27,2025-11-28,Ocean,214,6364.23,3,1.0,21,16.0,Normal,Delivered,311735.94,late
SHP00550,ORD100549,SUP021,SKU020,LOC02,LOC16,2026-05-11,2026-06-08,2026-06-13,Ocean,124,1742.95,3,0.0,33,50.8,Priority,Delivered,98260.08,late
SHP00551,ORD100550,SUP011,SKU036,LOC10,LOC20,2025-10-21,2025-10-31,2025-11-13,Rail,81,5451.74,5,5.0,23,51.2,Priority,Delivered,69434.01,late
SHP00552,ORD100551,SUP012,SKU042,LOC03,LOC24,2026-07-12,2026-07-21,2026-07-29,Air,275,33861.9,4,5.0,17,37.2,Normal,Delivered,400595.25,late
SHP00553,ORD100552,SUP018,SKU020,LOC12,LOC17,2026-01-04,2026-01-24,2026-01-28,Ocean,134,1892.95,5,0.0,24,42.4,Priority,Delivered,106184.28,late
SHP00554,ORD100553,SUP002,SKU039,LOC14,LOC16,2026-11-21,2026-11-29,2026-12-01,Air,124,6857.25,4,1.0,10,66.5,Normal,Delivered,88159.04,late
SHP00555,ORD100554,SUP028,SKU024,LOC13,LOC25,2026-03-17,2026-04-14,2026-04-23,Ocean,328,5149.79,3,1.0,37,58.5,Critical,Delivered,97580.0,late
SHP00556,ORD100555,SUP025,SKU009,LOC12,LOC15,2025-07-24,2025-08-19,2025-08-26,Ocean,361,12532.18,5,3.0,33,58.9,Normal,Delivered,384414.46,late
SHP00557,ORD100556,SUP013,SKU023,LOC02,LOC23,2026-06-19,2026-07-07,2026-07-13,Ocean,176,5427.44,6,2.0,24,64.5,Normal,Delivered,53069.28,late
SHP00558,ORD100557,SUP015,SKU027,LOC08,LOC16,2025-10-09,2025-11-03,2025-11-09,Ocean,209,5295.59,1,4.0,31,59.2,Normal,Delivered,259086.85,late
SHP00559,ORD100558,SUP014,SKU001,LOC11,LOC15,2026-01-04,2026-01-10,2026-01-13,Air,76,7802.82,1,2.0,9,38.2,Normal,Delivered,45558.96,late
SHP00560,ORD100559,SUP027,SKU054,LOC09,LOC18,2025-04-05,2025-05-01,2025-05-06,Ocean,386,11760.05,7,0.0,31,58.0,Priority,Delivered,243384.58,late
SHP00561,ORD100560,SUP031,SKU032,LOC04,LOC21,2025-03-24,2025-04-01,2025-04-02,Air,142,20242.1,2,1.0,9,28.7,Normal,Delivered,19338.98,late
SHP00562,ORD100561,SUP005,SKU003,LOC05,LOC25,2026-02-01,2026-02-08,2026-02-09,Air,467,22345.8,3,0.0,8,42.1,Critical,Delivered,788814.37,late
SHP00563,ORD100562,SUP017,SKU053,LOC13,LOC25,2025-05-09,2025-06-04,2025-06-06,Ocean,362,9775.51,3,3.0,28,27.0,Normal,Delivered,282236.92,late
SHP00564,ORD100563,SUP001,SKU052,LOC07,LOC24,2026-11-20,2026-12-12,2026-12-13,Ocean,104,4796.29,2,1.0,23,31.7,Priority,Delivered,26533.52,late
SHP00565,ORD100564,SUP019,SKU001,LOC07,LOC25,2026-08-14,2026-09-07,2026-09-14,Ocean,193,3675.76,6,2.0,31,65.9,Normal,Delivered,115695.78,late
SHP00566,ORD100565,SUP010,SKU010,LOC08,LOC19,2026-04-29,2026-05-05,2026-05-06,Air,288,46519.16,3,0.0,7,20.5,Normal,Delivered,374555.52,late
SHP00567,ORD100566,SUP014,SKU022,LOC12,LOC23,2026-05-22,2026-06-01,2026-06-07,Air,358,43110.93,7,1.0,16,38.8,Normal,Delivered,529152.64,late
SHP00568,ORD100567,SUP019,SKU031,LOC06,LOC16,2026-02-15,2026-02-26,2026-03-01,Air,128,10515.54,4,0.0,14,62.3,Priority,Delivered,123416.32,late
SHP00569,ORD100568,SUP013,SKU044,LOC08,LOC22,2025-02-11,2025-03-11,2025-03-18,Ocean,21,544.81,5,5.0,35,52.2,Normal,Delivered,32666.76,late
SHP00570,ORD100569,SUP016,SKU026,LOC14,LOC24,2025-09-28,2025-10-20,2025-11-02,Ocean,166,262.54,10,1.0,35,46.8,Normal,Delivered,23608.52,late
SHP00571,ORD100570,SUP031,SKU037,LOC01,LOC17,2025-12-09,2025-12-28,2025-12-27,Ocean,146,1654.22,0,1.0,18,8.5,Priority,Delivered,42382.34,on_time
SHP00572,ORD100571,SUP033,SKU001,LOC05,LOC20,2026-09-24,2026-10-21,2026-10-28,Ocean,82,1475.37,5,3.0,34,49.3,Normal,Delivered,49155.72,late
SHP00573,ORD100572,SUP001,SKU040,LOC14,LOC21,2025-06-01,2025-06-10,2025-06-21,Air,85,5517.58,6,2.0,20,33.7,Normal,Delivered,145371.25,late
SHP00574,ORD100573,SUP016,SKU055,LOC08,LOC21,2025-12-09,2026-01-08,2026-01-15,Ocean,475,6092.09,8,2.0,37,44.8,Normal,Delivered,324976.0,late
SHP00575,ORD100574,SUP034,SKU032,LOC04,LOC22,2025-08-26,2025-09-13,2025-09-19,Ocean,497,16711.9,6,2.0,24,68.9,Normal,Delivered,67686.43,late
SHP00576,ORD100575,SUP022,SKU028,LOC14,LOC19,2025-04-03,2025-04-24,2025-04-25,Ocean,262,4312.09,2,1.0,22,16.0,Normal,Delivered,243775.28,late
SHP00577,ORD100576,SUP009,SKU018,LOC02,LOC16,2025-03-13,2025-03-31,2025-04-07,Ocean,459,18227.7,5,1.0,25,45.0,Priority,Delivered,208055.52,late
SHP00578,ORD100577,SUP024,SKU058,LOC05,LOC19,2025-09-10,2025-09-15,2025-09-26,Air,250,37252.94,4,7.0,16,57.5,Priority,Delivered,353607.5,late
SHP00579,ORD100578,SUP006,SKU002,LOC13,LOC21,2025-02-26,2025-03-25,2025-04-01,Ocean,44,1405.42,3,1.0,34,39.0,Normal,Delivered,30833.88,late
SHP00580,ORD100579,SUP001,SKU018,LOC03,LOC17,2025-02-16,2025-03-09,2025-03-13,Rail,26,1706.61,4,4.0,25,22.4,Normal,Delivered,11785.28,late
SHP00581,ORD100580,SUP026,SKU009,LOC05,LOC20,2025-08-31,2025-09-17,2025-09-19,Rail,184,12496.59,1,1.0,19,35.0,Normal,Delivered,195934.24,late
SHP00582,ORD100581,SUP021,SKU052,LOC05,LOC17,2025-05-20,2025-06-07,2025-06-10,Rail,218,21247.67,5,3.0,21,78.7,Normal,Delivered,55618.34,late
SHP00583,ORD100582,SUP031,SKU029,LOC09,LOC16,2026-01-18,2026-01-27,2026-02-04,Air,230,3005.42,3,6.0,17,28.0,Normal,Delivered,83611.9,late
SHP00584,ORD100583,SUP014,SKU056,LOC14,LOC16,2025-01-13,2025-01-24,2025-01-31,Air,242,6947.29,8,3.0,18,31.9,Normal,Delivered,73655.12,late
SHP00585,ORD100584,SUP035,SKU040,LOC13,LOC22,2025-07-28,2025-08-05,2025-08-07,Air,315,15987.39,0,0.0,10,16.0,Priority,Delivered,538728.75,late
SHP00586,ORD100585,SUP017,SKU034,LOC01,LOC19,2025-11-09,2025-11-24,2025-11-30,Ocean,309,9052.96,7,0.0,21,27.0,Normal,Delivered,436610.82,late
SHP00587,ORD100586,SUP030,SKU032,LOC08,LOC25,2026-10-27,2026-11-15,2026-11-19,Ocean,288,10792.67,4,2.0,23,47.8,Normal,Delivered,39222.72,late
SHP00588,ORD100587,SUP005,SKU013,LOC14,LOC17,2026-03-14,2026-03-20,2026-03-23,Air,416,25236.58,4,2.0,9,51.2,Priority,Delivered,693904.64,late
SHP00589,ORD100588,SUP004,SKU034,LOC11,LOC21,2026-08-31,2026-09-29,2026-10-09,Ocean,393,,9,5.0,39,37.4,Priority,Delivered,555301.14,late
SHP00590,ORD100589,SUP032,SKU042,LOC05,LOC23,2025-08-25,2025-09-09,2025-09-25,Ocean,74,2094.99,13,3.0,31,96.3,Normal,Delivered,107796.54,late
SHP00591,ORD100590,SUP034,SKU058,LOC01,LOC22,2025-11-07,2025-11-18,2025-11-28,Rail,95,7370.41,7,3.0,21,58.6,Priority,Delivered,134370.85,late
SHP00592,ORD100591,SUP038,SKU033,LOC14,LOC15,2025-10-18,2025-11-09,2025-11-15,Ocean,177,5185.09,4,3.0,28,74.7,Priority,Delivered,288361.32,late
SHP00593,ORD100592,SUP013,SKU057,LOC12,LOC25,2026-09-05,2026-09-23,2026-09-27,Ocean,475,7693.18,3,2.0,22,38.6,Normal,Delivered,629660.0,late
SHP00594,ORD100593,SUP001,SKU057,LOC14,LOC20,2026-10-24,2026-11-05,2026-11-08,Air,323,23471.72,6,0.0,15,42.2,Critical,Delivered,428168.8,late
SHP00595,ORD100594,SUP040,SKU032,LOC10,LOC23,2026-10-27,2026-11-18,2026-11-23,Ocean,112,3474.71,3,4.0,27,48.5,Normal,Delivered,15253.28,late
SHP00596,ORD100595,SUP025,SKU027,LOC04,LOC22,2026-06-03,2026-06-22,2026-06-28,Rail,84,4141.27,5,0.0,25,45.6,Priority,Delivered,104130.6,late
SHP00597,ORD100596,SUP010,SKU009,LOC02,LOC16,2025-12-14,2026-01-08,2026-01-12,Ocean,226,7797.14,4,3.0,29,20.9,Normal,Delivered,240658.36,late
SHP00598,ORD100597,SUP031,SKU017,LOC02,LOC20,2026-01-09,2026-01-20,2026-01-23,Rail,158,601.07,0,0.0,14,19.6,Normal,Delivered,37374.9,late
SHP00599,ORD100598,SUP037,SKU053,LOC10,LOC17,2026-11-08,2026-11-12,2026-11-22,Air,183,20416.46,8,3.0,14,48.1,Normal,Delivered,142677.78,late
SHP00600,ORD100599,SUP012,SKU009,LOC01,LOC18,2025-07-16,2025-08-12,2025-08-18,Ocean,56,1454.11,2,3.0,33,62.3,Priority,Delivered,59632.16,late
SHP00601,ORD100600,SUP031,SKU024,LOC05,LOC19,2025-08-28,2025-09-17,2025-09-19,Ocean,210,2823.03,2,2.0,22,18.5,Priority,Delivered,62475.0,late
SHP00602,ORD100601,SUP032,SKU042,LOC04,LOC17,2026-09-11,2026-10-09,2026-10-20,Ocean,453,14723.87,8,0.0,39,89.3,Normal,Delivered,659889.63,late
SHP00603,ORD100602,SUP021,SKU015,LOC01,LOC18,2025-09-24,2025-10-17,2025-10-28,Ocean,263,5059.01,7,1.0,34,56.6,Normal,Delivered,457814.62,late
SHP00604,ORD100603,SUP026,SKU059,LOC13,LOC17,2025-06-12,2025-06-29,2025-07-02,Ocean,370,17437.94,1,4.0,20,47.5,Normal,Delivered,482727.9,late
SHP00605,ORD100604,SUP011,SKU039,LOC10,LOC25,2026-01-22,2026-02-03,2026-02-06,Rail,66,1769.01,5,0.0,15,59.0,Normal,Delivered,46923.36,late
SHP00606,ORD100605,SUP038,SKU002,LOC01,LOC15,2025-08-13,2025-09-04,2025-09-12,Ocean,78,2446.57,5,3.0,30,56.1,Normal,Delivered,54660.06,late
SHP00607,ORD100606,SUP040,SKU015,LOC02,LOC20,2026-09-07,2026-09-16,2026-09-22,Rail,450,14495.07,3,4.0,15,51.8,Normal,Delivered,783333.0,late
SHP00608,ORD100607,SUP040,SKU045,LOC13,LOC25,2026-09-20,2026-10-20,2026-10-26,Ocean,393,2029.36,5,0.0,36,56.3,Critical,Delivered,518221.59,late
SHP00609,ORD100608,SUP030,SKU052,LOC10,LOC22,2025-07-31,2025-08-11,2025-08-14,Rail,287,27833.75,1,2.0,14,39.2,Critical,Delivered,73222.31,late
SHP00610,ORD100609,SUP002,SKU056,LOC14,LOC17,2026-01-01,2026-02-02,2026-02-04,Ocean,500,2960.92,4,3.0,34,40.9,Normal,Delivered,152180.0,late
SHP00611,ORD100610,SUP015,SKU052,LOC10,LOC17,2026-11-10,2026-12-04,2026-12-12,Ocean,333,14075.8,3,3.0,32,61.7,Normal,Delivered,84958.29,late
SHP00612,ORD100611,SUP018,SKU005,LOC01,LOC18,2026-05-28,2026-06-24,2026-07-01,Ocean,165,3700.92,6,4.0,34,49.1,Normal,Delivered,260676.9,late
SHP00613,ORD100612,SUP039,SKU044,LOC02,LOC21,2025-05-29,2025-06-22,2025-06-26,Ocean,30,968.98,2,2.0,28,32.6,Normal,Delivered,46666.8,late
SHP00614,ORD100613,SUP022,SKU007,LOC07,LOC19,2026-02-12,2026-02-21,2026-02-24,Air,260,8225.89,3,0.0,12,16.0,Normal,Delivered,18059.6,late
SHP00615,ORD100614,SUP022,SKU005,LOC05,LOC23,2026-03-04,2026-03-25,2026-03-25,Ocean,57,1706.16,0,3.0,21,16.0,Priority,Delivered,90052.02,on_time
SHP00616,ORD100615,SUP006,SKU042,LOC04,LOC15,2026-03-27,2026-04-25,2026-05-14,Ocean,446,11072.72,10,6.0,48,34.7,Normal,Delivered,649692.66,late
SHP00617,ORD100616,SUP032,SKU029,LOC05,LOC18,2025-01-18,2025-02-15,2025-02-25,Ocean,21,54.89,8,0.0,38,89.9,Normal,Delivered,7634.13,late
SHP00618,ORD100617,SUP014,SKU039,LOC14,LOC23,2025-07-26,2025-08-03,2025-08-08,Air,261,15275.15,5,0.0,13,30.1,Priority,Delivered,185560.56,late
SHP00619,ORD100618,SUP004,SKU052,LOC14,LOC24,2026-08-13,2026-09-03,2026-09-09,Ocean,231,8249.3,6,1.0,27,43.2,Critical,Delivered,58935.03,late
SHP00620,ORD100619,SUP040,SKU005,LOC13,LOC17,2025-06-16,2025-07-05,2025-07-15,Ocean,436,11957.3,5,7.0,29,39.9,Normal,Delivered,688818.96,late
SHP00621,ORD100620,SUP008,SKU032,LOC05,LOC17,2025-07-26,2025-08-13,2025-08-22,Ocean,249,10168.29,5,3.0,27,37.3,Normal,Delivered,33911.31,late
SHP00622,ORD100621,SUP001,SKU051,LOC12,LOC23,2025-08-11,2025-09-10,2025-09-14,Ocean,156,5124.75,4,2.0,34,42.0,Normal,Delivered,141761.88,late
SHP00623,ORD100622,SUP004,SKU027,LOC12,LOC19,2025-05-03,2025-05-24,2025-05-26,Ocean,178,5524.89,5,0.0,23,42.3,Normal,Delivered,220657.7,late
SHP00624,ORD100623,SUP019,SKU032,LOC03,LOC16,2025-04-18,2025-05-04,2025-05-12,Rail,254,20541.9,2,4.0,24,60.2,Priority,Delivered,34592.26,late
SHP00625,ORD100624,SUP005,SKU030,LOC08,LOC21,2025-08-28,2025-09-17,2025-09-19,Ocean,154,1690.33,2,2.0,22,57.8,Normal,Delivered,161316.54,late
SHP00626,ORD100625,SUP034,SKU055,LOC02,LOC20,2026-08-27,2026-09-05,2026-09-10,Air,289,13073.85,6,4.0,14,78.8,Normal,Delivered,197722.24,late
SHP00627,ORD100626,SUP021,SKU003,LOC12,LOC23,2025-01-02,2025-01-24,2025-01-28,Ocean,47,599.37,2,7.0,26,52.1,Normal,Delivered,79388.17,late
SHP00628,ORD100627,SUP013,SKU053,LOC08,LOC16,2025-07-15,2025-08-06,2025-08-11,Ocean,301,8049.08,7,1.0,27,41.2,Normal,Delivered,234677.66,late
SHP00629,ORD100628,SUP001,SKU049,LOC03,LOC23,2025-02-11,2025-03-11,2025-03-11,Ocean,438,10157.93,3,2.0,28,22.9,Normal,Delivered,151381.56,on_time
SHP00630,ORD100629,SUP020,SKU049,LOC09,LOC18,2026-01-23,2026-02-17,2026-02-25,Ocean,222,6827.25,5,3.0,33,53.3,Normal,Delivered,76727.64,late
SHP00631,ORD100630,SUP007,SKU025,LOC11,LOC19,2025-06-22,2025-07-12,2025-07-18,Ocean,335,4071.66,5,4.0,26,57.9,Normal,Delivered,105387.65,late
SHP00632,ORD100631,SUP040,SKU031,LOC13,LOC24,2026-07-01,2026-07-18,2026-07-21,Ocean,427,7450.74,0,1.0,20,49.9,Normal,Delivered,411709.13,late
SHP00633,ORD100632,SUP012,SKU023,LOC07,LOC15,2026-02-08,2026-03-08,2026-03-21,Ocean,59,1723.23,8,6.0,41,57.9,Priority,Delivered,17790.27,late
SHP00634,ORD100633,SUP019,SKU016,LOC12,LOC25,2026-06-25,2026-07-10,2026-07-19,Rail,234,15591.89,8,2.0,24,65.0,Normal,Delivered,340856.1,late
SHP00635,ORD100634,SUP001,SKU053,LOC05,LOC23,2026-03-15,2026-04-10,2026-04-12,Ocean,404,9813.02,0,4.0,28,35.8,Critical,Delivered,314982.64,late
SHP00636,ORD100635,SUP006,SKU031,LOC09,LOC15,2025-10-30,2025-11-26,2025-12-05,Ocean,68,894.62,5,0.0,36,35.2,Normal,Delivered,65564.92,late
SHP00637,ORD100636,SUP009,SKU044,LOC01,LOC15,2026-08-18,2026-09-20,2026-09-21,Ocean,372,10396.07,4,1.0,34,27.6,Normal,Delivered,578668.32,late
SHP00638,ORD100637,SUP003,SKU007,LOC05,LOC18,2025-11-25,2025-12-25,2026-01-04,Ocean,417,2739.04,7,1.0,40,62.6,Normal,Delivered,28964.82,late
SHP00639,ORD100638,SUP030,SKU048,LOC09,LOC22,2026-10-18,2026-10-28,2026-10-31,Air,484,72080.69,1,3.0,13,43.5,Normal,Delivered,237009.96,late
SHP00640,ORD100639,SUP038,SKU040,LOC03,LOC15,2026-11-18,2026-12-15,2026-12-26,Ocean,239,3371.19,8,2.0,38,63.6,Normal,Delivered,408749.75,late
SHP00641,ORD100640,SUP040,SKU060,LOC04,LOC20,2026-02-11,2026-02-18,2026-02-23,Air,331,10557.53,4,4.0,12,36.3,Normal,Delivered,508975.39,late
SHP00642,ORD100641,SUP011,SKU009,LOC09,LOC21,2026-04-11,2026-04-29,2026-05-11,Ocean,73,2309.21,7,6.0,30,47.6,Critical,Delivered,77734.78,late
SHP00643,ORD100642,SUP032,SKU033,LOC04,LOC24,2025-06-26,2025-07-18,2025-07-27,Ocean,311,9667.78,8,2.0,31,101.5,Normal,Delivered,506668.76,late
SHP00644,ORD100643,SUP021,SKU031,LOC05,LOC23,2026-07-17,2026-08-04,2026-08-09,Rail,115,3207.79,5,3.0,23,55.3,Normal,Delivered,110881.85,late
SHP00645,ORD100644,SUP002,SKU033,LOC07,LOC17,2026-04-09,2026-04-29,2026-05-04,Ocean,400,16484.56,7,2.0,25,43.6,Normal,Delivered,651664.0,late
SHP00646,ORD100645,SUP004,SKU004,LOC01,LOC21,2026-09-15,2026-09-23,2026-10-05,Air,101,2938.71,8,5.0,20,26.5,Normal,Delivered,151863.6,late
SHP00647,ORD100646,SUP022,SKU029,LOC05,LOC25,2025-07-04,2025-07-30,2025-07-26,Ocean,159,505.6,0,0.0,22,16.0,Normal,Delivered,57801.27,on_time
SHP00648,ORD100647,SUP017,SKU018,LOC03,LOC16,2026-06-28,2026-07-13,2026-07-11,Rail,498,29479.77,0,0.0,13,27.0,Priority,Delivered,225733.44,on_time
SHP00649,ORD100648,SUP001,SKU038,LOC09,LOC22,2025-11-21,2025-12-24,2025-12-25,Ocean,92,1329.23,4,0.0,34,11.6,Normal,Delivered,41690.72,late
SHP00650,ORD100649,SUP038,SKU014,LOC04,LOC18,2025-05-08,2025-05-28,2025-06-05,Ocean,172,4859.62,7,5.0,28,89.0,Normal,Delivered,199112.36,late
SHP00651,ORD100650,SUP030,SKU027,LOC12,LOC21,2025-04-29,2025-05-08,2025-05-15,Air,389,39888.27,2,5.0,16,35.4,Normal,Delivered,482223.85,late
SHP00652,ORD100651,SUP021,SKU038,LOC01,LOC17,2026-01-23,2026-02-10,2026-02-17,Ocean,84,1568.51,4,3.0,25,50.1,Priority,Delivered,38065.44,late
SHP00653,ORD100652,SUP040,SKU004,LOC05,LOC19,2025-08-09,2025-08-28,2025-08-30,Ocean,497,3170.86,0,3.0,21,56.0,Priority,Delivered,747289.2,late
SHP00654,ORD100653,SUP039,SKU048,LOC09,LOC21,2025-03-12,2025-03-30,2025-03-31,Rail,406,33743.68,3,0.0,19,36.6,Normal,Delivered,198814.14,late
SHP00655,ORD100654,SUP039,SKU043,LOC08,LOC20,2025-10-22,2025-11-21,2025-11-26,Ocean,439,6029.59,1,5.0,35,33.6,Normal,Delivered,585950.86,late
SHP00656,ORD100655,SUP011,SKU004,LOC03,LOC20,2026-03-27,2026-04-05,2026-04-12,Air,435,11841.24,6,1.0,16,53.7,Normal,Delivered,654066.0,late
SHP00657,ORD100656,SUP036,SKU004,LOC13,LOC19,2025-08-09,2025-08-19,2025-08-26,Air,315,10474.72,6,3.0,17,72.5,Normal,Delivered,473634.0,late
SHP00658,ORD100657,SUP021,SKU052,LOC04,LOC25,2026-10-22,2026-10-29,2026-11-07,Air,191,33517.28,3,5.0,16,62.6,Normal,Delivered,48729.83,late
SHP00659,ORD100658,SUP030,SKU017,LOC09,LOC24,2026-06-22,2026-07-10,2026-07-21,Rail,355,1139.79,7,5.0,29,43.0,Normal,Delivered,83975.25,late
SHP00660,ORD100659,SUP035,SKU052,LOC11,LOC23,2025-12-20,2026-01-16,2026-01-16,Ocean,322,11888.46,2,1.0,27,16.0,Normal,Delivered,82151.86,on_time
SHP00661,ORD100660,SUP007,SKU030,LOC10,LOC22,2026-10-07,2026-10-31,2026-11-05,Ocean,20,187.19,6,3.0,29,67.8,Normal,Delivered,20950.2,late
SHP00662,ORD100661,SUP018,SKU021,LOC01,LOC25,2025-10-26,2025-11-23,2025-11-29,Ocean,484,11807.94,4,3.0,34,38.0,Priority,Delivered,232300.64,late
SHP00663,ORD100662,SUP006,SKU017,LOC13,LOC15,2025-04-07,2025-04-12,2025-04-21,Air,342,2273.69,7,3.0,14,38.4,Priority,Delivered,80900.1,late
SHP00664,ORD100663,SUP012,SKU040,LOC01,LOC22,2025-01-25,2025-01-31,2025-02-04,Air,397,25388.03,3,1.0,10,34.1,Priority,Delivered,678969.25,late
SHP00665,ORD100664,SUP017,SKU007,LOC09,LOC17,2026-10-10,2026-11-01,2026-11-12,Ocean,383,2651.78,7,2.0,33,27.0,Normal,Delivered,26603.18,late
SHP00666,ORD100665,SUP035,SKU025,LOC03,LOC19,2026-10-25,2026-11-12,2026-11-23,Ocean,458,6766.84,6,1.0,29,16.0,Normal,Delivered,144082.22,late
SHP00667,ORD100666,SUP035,SKU021,LOC07,LOC24,2026-05-26,2026-06-14,2026-06-23,Ocean,310,6005.58,6,2.0,28,16.0,Normal,Delivered,148787.6,late
SHP00668,ORD100667,SUP016,SKU010,LOC06,LOC20,2025-03-13,2025-04-09,2025-04-15,Ocean,94,2832.93,3,1.0,33,36.5,Normal,Delivered,122250.76,late
SHP00669,ORD100668,SUP014,SKU022,LOC06,LOC24,2025-07-22,2025-08-07,2025-08-09,Rail,496,37615.09,3,1.0,18,40.5,Normal,Delivered,733127.68,late
SHP00670,ORD100669,SUP022,SKU032,LOC08,LOC22,2025-01-29,2025-02-19,2025-03-01,Ocean,200,7806.75,8,2.0,31,16.0,Normal,Delivered,27238.0,late
SHP00671,ORD100670,SUP037,SKU041,LOC03,LOC24,2025-02-05,2025-02-09,2025-02-17,Air,212,11235.29,2,3.0,12,23.2,Critical,Delivered,208754.28,late
SHP00672,ORD100671,SUP040,SKU006,LOC07,LOC19,2025-06-19,2025-06-27,2025-07-02,Air,42,2692.04,7,1.0,13,68.9,Normal,Delivered,59192.7,late
SHP00673,ORD100672,SUP010,SKU053,LOC01,LOC21,2026-01-30,2026-02-13,2026-02-25,Rail,205,12013.43,5,4.0,26,33.8,Priority,Delivered,159830.3,late
SHP00674,ORD100673,SUP008,SKU053,LOC08,LOC22,2025-02-15,2025-03-10,2025-03-20,Ocean,428,11406.09,6,5.0,33,29.8,Normal,Delivered,333694.48,late
SHP00675,ORD100674,SUP029,SKU042,LOC14,LOC24,2026-11-11,2026-11-28,2026-12-06,Rail,406,25983.35,4,2.0,25,64.2,Critical,Delivered,591424.26,late
SHP00676,ORD100675,SUP013,SKU056,LOC09,LOC24,2025-11-11,2025-11-17,2025-11-24,Air,121,3631.32,4,2.0,13,35.6,Priority,Delivered,36827.56,late
SHP00677,ORD100676,SUP008,SKU026,LOC05,LOC15,2025-07-02,2025-07-09,2025-07-14,Air,217,1614.59,6,0.0,12,29.1,Normal,Delivered,30861.74,late
SHP00678,ORD100677,SUP002,SKU050,LOC02,LOC23,2025-12-23,2026-01-13,2026-01-17,Ocean,138,3101.05,7,0.0,25,59.4,Critical,Delivered,119066.4,late
SHP00679,ORD100678,SUP017,SKU044,LOC12,LOC18,2026-06-30,2026-07-23,2026-07-22,Ocean,38,1176.14,0,1.0,22,27.0,Normal,Delivered,59111.28,on_time
SHP00680,ORD100679,SUP016,SKU034,LOC14,LOC17,2025-08-04,2025-08-15,2025-08-15,Air,233,39840.38,0,5.0,11,42.5,Priority,Delivered,329224.34,on_time
SHP00681,ORD100680,SUP023,SKU011,LOC11,LOC25,2025-02-02,2025-03-02,2025-03-05,Ocean,490,3373.48,3,3.0,31,60.7,Normal,Delivered,819706.3,late
SHP00682,ORD100681,SUP009,SKU034,LOC14,LOC19,2025-02-05,2025-03-02,2025-03-11,Ocean,153,5444.5,7,4.0,34,32.1,Priority,Delivered,216185.94,late
SHP00683,ORD100682,SUP029,SKU055,LOC09,LOC22,2026-08-11,2026-08-25,2026-09-02,Ocean,379,4832.11,5,3.0,22,49.1,Normal,Delivered,259296.64,late
SHP00684,ORD100683,SUP028,SKU060,LOC05,LOC18,2025-03-19,2025-04-08,2025-04-21,Ocean,162,1086.28,5,5.0,33,68.4,Critical,Delivered,249105.78,late
SHP00685,ORD100684,SUP019,SKU027,LOC03,LOC15,2026-03-15,2026-04-02,2026-04-10,Ocean,33,813.29,6,4.0,26,57.1,Normal,Delivered,40908.45,late
SHP00686,ORD100685,SUP008,SKU015,LOC05,LOC21,2025-09-23,2025-10-24,2025-10-30,Ocean,61,1101.05,4,4.0,37,43.0,Priority,Delivered,106185.14,late
SHP00687,ORD100686,SUP021,SKU045,LOC02,LOC19,2026-06-21,2026-07-15,2026-07-26,Ocean,375,1808.48,3,5.0,35,57.0,Normal,Delivered,494486.25,late
SHP00688,ORD100687,SUP027,SKU005,LOC01,LOC15,2025-02-11,2025-02-26,2025-03-08,Rail,294,12060.43,6,3.0,25,64.0,Normal,Delivered,464478.84,late
SHP00689,ORD100688,SUP015,SKU010,LOC01,LOC17,2026-09-12,2026-09-26,2026-10-03,Rail,291,22858.61,4,3.0,21,58.4,Normal,Delivered,378457.14,late
SHP00690,ORD100689,SUP011,SKU034,LOC08,LOC17,2026-04-27,2026-05-22,2026-05-31,Ocean,128,4966.47,6,3.0,34,53.4,Normal,Delivered,180861.44,late
SHP00691,ORD100690,SUP021,SKU060,LOC08,LOC15,2025-11-07,2025-11-25,2025-12-08,Ocean,225,1534.15,11,0.0,31,51.6,Normal,Delivered,345980.25,late
SHP00692,ORD100691,SUP015,SKU020,LOC01,LOC21,2025-05-23,2025-06-11,2025-06-15,Ocean,148,2285.41,4,1.0,23,55.5,Normal,Delivered,117278.16,late
SHP00693,ORD100692,SUP017,SKU027,LOC07,LOC25,2026-11-06,2026-11-28,2026-12-09,Ocean,480,12920.42,8,4.0,33,27.0,Priority,Delivered,595032.0,late
SHP00694,ORD100693,SUP014,SKU020,LOC04,LOC25,2025-07-28,2025-08-12,2025-08-14,Rail,96,3012.17,3,1.0,17,29.7,Priority,Delivered,76072.32,late
SHP00695,ORD100694,SUP013,SKU027,LOC10,LOC24,2025-12-05,2025-12-29,2025-12-30,Ocean,229,6544.49,2,0.0,25,58.4,Critical,Delivered,283879.85,late
SHP00696,ORD100695,SUP029,SKU001,LOC09,LOC23,2025-09-29,2025-10-25,2025-11-05,Ocean,316,7360.94,10,5.0,37,50.5,Priority,Delivered,189429.36,late
SHP00697,ORD100696,SUP019,SKU036,LOC11,LOC23,2025-06-09,2025-06-25,2025-07-12,Ocean,140,5297.07,10,2.0,33,71.3,Normal,Delivered,120009.4,late
SHP00698,ORD100697,SUP019,SKU036,LOC03,LOC19,2025-10-15,2025-11-11,2025-11-19,Ocean,421,14411.09,2,5.0,35,50.0,Priority,Delivered,360885.41,late
SHP00699,ORD100698,SUP027,SKU019,LOC03,LOC21,2025-04-15,2025-04-30,2025-05-11,Rail,449,40098.51,6,3.0,26,56.6,Priority,Delivered,495449.05,late
SHP00700,ORD100699,SUP015,SKU016,LOC14,LOC17,2025-01-02,2025-01-11,2025-01-19,Air,367,54125.33,4,4.0,17,55.3,Normal,Delivered,534590.55,late
SHP00701,ORD100700,SUP005,SKU046,LOC14,LOC15,2025-07-20,2025-08-19,2025-08-24,Ocean,141,6276.07,3,3.0,35,54.0,Normal,Delivered,40347.15,late
SHP00702,ORD100701,SUP035,SKU012,LOC03,LOC18,2025-03-19,2025-04-09,2025-04-07,Ocean,478,7276.15,2,0.0,19,16.0,Normal,Delivered,431375.88,on_time
SHP00703,ORD100702,SUP003,SKU003,LOC14,LOC15,2025-10-14,2025-10-30,2025-11-12,Rail,109,2761.93,7,2.0,29,60.4,Normal,Delivered,184112.99,late
SHP00704,ORD100703,SUP023,SKU003,LOC01,LOC19,2026-08-19,2026-09-20,2026-09-24,Ocean,126,1179.04,7,0.0,36,72.2,Normal,Delivered,212827.86,late
SHP00705,ORD100704,SUP011,SKU053,LOC04,LOC21,2025-04-23,2025-05-12,2025-05-23,Rail,476,27740.99,5,8.0,30,58.4,Normal,Delivered,371118.16,late
SHP00706,ORD100705,SUP009,SKU022,LOC14,LOC23,2025-01-01,2025-01-18,2025-01-25,Rail,314,24003.81,5,5.0,24,31.8,Critical,Delivered,464117.12,late
SHP00707,ORD100706,SUP002,SKU007,LOC03,LOC16,2025-03-18,2025-04-20,2025-04-27,Ocean,362,2465.84,7,4.0,40,63.6,Normal,Delivered,25144.52,late
SHP00708,ORD100707,SUP037,SKU053,LOC07,LOC19,2025-12-17,2025-12-31,2026-01-05,Rail,86,5752.87,6,0.0,19,23.5,Priority,Delivered,67050.76,late
SHP00709,ORD100708,SUP018,SKU009,LOC11,LOC22,2025-07-09,2025-07-27,2025-08-07,Ocean,443,16044.39,4,5.0,29,41.1,Normal,Delivered,471732.98,late
SHP00710,ORD100709,SUP014,SKU021,LOC10,LOC16,2025-12-04,2025-12-14,2025-12-18,Air,241,17562.07,3,4.0,14,29.6,Normal,Delivered,115670.36,late
SHP00711,ORD100710,SUP030,SKU002,LOC14,LOC22,2025-01-21,2025-02-14,2025-02-15,Ocean,51,1518.65,0,0.0,25,26.4,Normal,Delivered,35739.27,late
SHP00712,ORD100711,SUP002,SKU041,LOC01,LOC21,2025-08-18,2025-09-15,2025-09-18,Ocean,322,4188.85,0,2.0,31,42.0,Normal,Delivered,317070.18,late
SHP00713,ORD100712,SUP023,SKU042,LOC11,LOC18,2025-10-10,2025-11-01,2025-11-11,Ocean,70,2075.9,4,4.0,32,61.1,Normal,Delivered,101969.7,late
SHP00714,ORD100713,SUP020,SKU046,LOC02,LOC23,2025-10-25,2025-11-28,2025-12-03,Ocean,200,6318.83,5,2.0,39,61.0,Normal,Delivered,57230.0,late
SHP00715,ORD100714,SUP023,SKU016,LOC14,LOC16,2026-01-16,2026-02-09,2026-02-17,Ocean,391,13373.76,4,4.0,32,64.7,Normal,Delivered,569550.15,late
SHP00716,ORD100715,SUP005,SKU020,LOC13,LOC18,2026-06-23,2026-07-18,2026-07-24,Ocean,391,6915.55,4,3.0,31,43.6,Normal,Delivered,309836.22,late
SHP00717,ORD100716,SUP039,SKU057,LOC12,LOC19,2025-11-19,2025-11-23,2025-12-01,Air,223,17797.52,4,4.0,12,22.0,Normal,Delivered,295608.8,late
SHP00718,ORD100717,SUP010,SKU050,LOC10,LOC19,2026-08-04,2026-08-26,2026-08-26,Ocean,324,8751.43,2,1.0,22,28.8,Priority,Delivered,279547.2,on_time
SHP00719,ORD100718,SUP028,SKU003,LOC10,LOC18,2026-01-01,2026-01-31,2026-02-08,Ocean,117,1169.53,6,3.0,38,53.8,Priority,Delivered,197625.87,late
SHP00720,ORD100719,SUP030,SKU042,LOC02,LOC15,2025-06-29,2025-07-20,2025-07-25,Rail,442,23439.81,6,2.0,26,51.5,Priority,Delivered,643865.82,late
SHP00721,ORD100720,SUP014,SKU049,LOC11,LOC21,2025-06-08,2025-06-18,2025-06-23,Rail,304,19367.55,0,6.0,15,29.4,Critical,Delivered,105068.48,late
SHP00722,ORD100721,SUP006,SKU034,LOC02,LOC24,2025-08-11,2025-09-09,2025-09-10,Ocean,227,8933.52,0,4.0,30,38.6,Priority,Delivered,320746.46,late
SHP00723,ORD100722,SUP012,SKU039,LOC12,LOC16,2026-02-17,2026-03-17,2026-03-29,Ocean,352,4324.25,9,5.0,40,37.2,Normal,Delivered,250257.92,late
SHP00724,ORD100723,SUP033,SKU001,LOC08,LOC21,2025-06-17,2025-06-24,2025-06-26,Air,346,29380.83,1,0.0,9,41.0,Normal,Delivered,207413.16,late
SHP00725,ORD100724,SUP037,SKU002,LOC06,LOC17,2026-09-23,2026-10-03,2026-10-09,Air,141,19835.76,3,5.0,16,38.2,Normal,Delivered,98808.57,late
SHP00726,ORD100725,SUP038,SKU003,LOC07,LOC15,2025-11-28,2025-12-25,2025-12-31,Ocean,108,1088.49,6,0.0,33,65.1,Priority,Delivered,182423.88,late
SHP00727,ORD100726,SUP010,SKU010,LOC10,LOC18,2026-08-19,2026-08-27,2026-08-28,Air,421,77334.72,2,1.0,9,26.1,Normal,Delivered,547527.34,late
SHP00728,ORD100727,SUP025,SKU060,LOC04,LOC24,2026-04-17,2026-05-07,2026-05-16,Ocean,410,2822.17,3,4.0,29,40.3,Normal,Delivered,630452.9,late
SHP00729,ORD100728,SUP007,SKU039,LOC13,LOC24,2025-08-19,2025-09-06,2025-09-10,Ocean,129,1886.69,2,3.0,22,73.7,Normal,Delivered,91713.84,late
SHP00730,ORD100729,SUP029,SKU047,LOC10,LOC21,2025-06-07,2025-06-16,2025-06-23,Air,42,5295.79,5,2.0,16,54.2,Normal,Delivered,59577.42,late
SHP00731,ORD100730,SUP017,SKU018,LOC08,LOC23,2026-05-29,2026-06-05,2026-06-13,Air,30,4092.88,7,0.0,15,27.0,Normal,Delivered,13598.4,late
SHP00732,ORD100731,SUP029,SKU057,LOC03,LOC18,2025-08-17,2025-09-04,2025-09-14,Rail,443,15660.53,7,4.0,28,51.6,Normal,Delivered,587240.8,late
SHP00733,ORD100732,SUP028,SKU012,LOC10,LOC24,2025-06-20,2025-07-17,2025-07-19,Ocean,493,6991.56,3,2.0,29,58.4,Normal,Delivered,444912.78,late
SHP00734,ORD100733,SUP040,SKU055,LOC12,LOC23,2026-10-04,2026-10-27,2026-11-04,Ocean,28,332.8,6,3.0,31,41.2,Normal,Delivered,19156.48,late
SHP00735,ORD100734,SUP020,SKU002,LOC01,LOC23,2025-11-30,2025-12-21,2025-12-28,Ocean,422,14805.36,4,2.0,28,46.7,Normal,Delivered,295724.94,late
SHP00736,ORD100735,SUP014,SKU002,LOC03,LOC17,2025-02-03,2025-02-24,2025-03-01,Ocean,80,2041.21,4,5.0,26,15.7,Normal,Delivered,56061.6,late
SHP00737,ORD100736,SUP022,SKU005,LOC07,LOC22,2025-12-08,2026-01-05,2026-01-11,Ocean,46,1188.06,6,1.0,34,16.0,Normal,Delivered,72673.56,late
SHP00738,ORD100737,SUP007,SKU048,LOC04,LOC25,2025-11-14,2025-12-05,2025-12-06,Ocean,150,6852.29,5,1.0,22,56.6,Normal,Delivered,73453.5,late
SHP00739,ORD100738,SUP005,SKU016,LOC03,LOC25,2026-08-20,2026-09-22,2026-09-27,Ocean,145,5984.65,5,0.0,38,50.8,Priority,Delivered,211214.25,late
SHP00740,ORD100739,SUP021,SKU028,LOC14,LOC18,2026-05-06,2026-05-17,2026-05-24,Air,270,16430.06,9,1.0,18,66.7,Normal,Delivered,251218.8,late
SHP00741,ORD100740,SUP034,SKU029,LOC05,LOC23,2025-05-13,2025-06-07,2025-06-20,Ocean,359,1187.12,7,4.0,38,93.9,Normal,Delivered,130507.27,late
SHP00742,ORD100741,SUP022,SKU048,LOC10,LOC23,2025-04-14,2025-05-14,2025-05-15,Ocean,280,13112.55,0,0.0,31,16.0,Normal,Delivered,137113.2,late
SHP00743,ORD100742,SUP032,SKU021,LOC07,LOC22,2026-02-21,2026-03-02,2026-03-11,Air,283,27643.75,3,4.0,18,96.1,Critical,Delivered,135828.68,late
SHP00744,ORD100743,SUP008,SKU001,LOC12,LOC21,2025-02-02,2025-02-26,2025-02-27,Ocean,420,9294.98,3,3.0,25,18.8,Normal,Delivered,251773.2,late
SHP00745,ORD100744,SUP018,SKU024,LOC03,LOC20,2025-08-09,2025-08-27,2025-09-05,Rail,173,5453.19,8,2.0,27,39.1,Normal,Delivered,51467.5,late
SHP00746,ORD100745,SUP025,SKU018,LOC05,LOC20,2025-04-06,2025-05-09,2025-05-13,Ocean,415,14557.78,0,8.0,37,49.6,Normal,Delivered,188111.2,late
SHP00747,ORD100746,SUP014,SKU044,LOC06,LOC25,2025-01-15,2025-02-09,2025-02-15,Ocean,363,10447.14,4,2.0,31,15.6,Normal,Delivered,564668.28,late
SHP00748,ORD100747,SUP001,SKU046,LOC05,LOC22,2026-09-26,2026-10-13,2026-10-22,Rail,438,39677.67,4,5.0,26,25.4,Priority,Delivered,125333.7,late
SHP00749,ORD100748,SUP003,SKU006,LOC09,LOC15,2025-03-03,2025-03-21,2025-03-29,Ocean,277,3360.61,7,2.0,26,58.4,Normal,Delivered,390389.95,late
SHP00750,ORD100749,SUP038,SKU048,LOC11,LOC15,2025-01-07,2025-01-13,2025-01-30,Air,348,69397.43,7,7.0,23,64.4,Priority,Delivered,170412.12,late
SHP00751,ORD100750,SUP025,SKU005,LOC11,LOC23,2026-10-06,2026-10-20,2026-10-18,Air,173,17635.86,4,0.0,12,46.7,Normal,Delivered,273315.78,on_time
SHP00752,ORD100751,SUP011,SKU038,LOC04,LOC18,2025-05-10,2025-05-25,2025-06-05,Ocean,251,4989.82,11,0.0,26,35.4,Normal,Delivered,113743.16,late
SHP00753,ORD100752,SUP011,SKU024,LOC12,LOC23,2026-07-18,2026-07-27,2026-07-28,Air,396,30176.64,1,2.0,10,56.8,Normal,Delivered,117810.0,late
SHP00754,ORD100753,SUP002,SKU019,LOC08,LOC23,2025-01-22,2025-02-10,2025-02-17,Rail,449,39966.98,2,3.0,26,50.6,Priority,Delivered,495449.05,late
SHP00755,ORD100754,SUP038,SKU029,LOC11,LOC15,2025-04-16,2025-04-28,2025-05-08,Rail,217,1342.41,5,3.0,22,71.7,Normal,Delivered,78886.01,late
SHP00756,ORD100755,SUP005,SKU019,LOC04,LOC23,2025-03-18,2025-04-16,2025-04-17,Ocean,146,4476.37,3,2.0,30,48.7,Normal,Delivered,161103.7,late
SHP00757,ORD100756,SUP031,SKU048,LOC01,LOC20,2026-05-03,2026-06-01,2026-05-30,Ocean,293,13985.95,1,0.0,27,13.7,Priority,Delivered,143479.17,on_time
SHP00758,ORD100757,SUP010,SKU059,LOC03,LOC24,2026-03-04,2026-03-07,2026-03-16,Air,446,72094.81,6,2.0,12,9.4,Normal,Delivered,581882.82,late
SHP00759,ORD100758,SUP014,SKU049,LOC12,LOC21,2025-11-25,2025-12-21,2025-12-31,Ocean,149,3134.71,2,6.0,36,33.1,Critical,Delivered,51497.38,late
SHP00760,ORD100759,SUP011,SKU027,LOC04,LOC20,2025-06-16,2025-07-12,2025-07-13,Ocean,437,13473.18,4,0.0,27,39.0,Normal,Delivered,541727.05,late
SHP00761,ORD100760,SUP033,SKU031,LOC06,LOC19,2025-03-03,2025-03-31,2025-04-07,Ocean,196,2687.2,4,6.0,35,53.3,Normal,Delivered,188981.24,late
SHP00762,ORD100761,SUP002,SKU027,LOC14,LOC20,2026-01-28,2026-02-25,2026-03-02,Ocean,438,10453.47,6,2.0,33,46.0,Normal,Delivered,542966.7,late
SHP00763,ORD100762,SUP015,SKU048,LOC14,LOC17,2025-06-09,2025-07-12,2025-07-18,Ocean,174,6909.46,7,4.0,39,55.6,Normal,Delivered,85206.06,late
SHP00764,ORD100763,SUP012,SKU034,LOC11,LOC17,2026-02-12,2026-03-18,2026-03-16,Ocean,346,10494.06,3,1.0,32,53.1,Normal,Delivered,488891.08,on_time
SHP00765,ORD100764,SUP011,SKU029,LOC08,LOC20,2026-04-20,2026-05-08,2026-05-15,Ocean,161,343.56,6,2.0,25,47.4,Normal,Delivered,58528.33,late
SHP00766,ORD100765,SUP008,SKU025,LOC03,LOC16,2026-08-10,2026-09-01,2026-09-05,Ocean,436,5598.09,6,0.0,26,31.7,Normal,Delivered,137161.24,late
SHP00767,ORD100766,SUP037,SKU023,LOC07,LOC24,2025-12-07,2025-12-25,2026-01-04,Rail,51,3019.92,7,3.0,28,45.6,Critical,Delivered,15378.03,late
SHP00768,ORD100767,SUP016,SKU034,LOC05,LOC21,2025-01-04,2025-01-29,2025-02-12,Ocean,94,2603.82,6,4.0,39,44.1,Normal,Delivered,132820.12,late
SHP00769,ORD100768,SUP017,SKU042,LOC13,LOC22,2025-07-13,2025-08-15,2025-08-19,Ocean,193,5290.13,6,2.0,37,27.0,Normal,Delivered,281145.03,late
SHP00770,ORD100769,SUP016,SKU026,LOC09,LOC20,2026-08-12,2026-08-31,2026-09-09,Ocean,207,421.83,3,6.0,28,25.6,Priority,Delivered,29439.54,late
SHP00771,ORD100770,SUP040,SKU049,LOC10,LOC19,2026-01-03,2026-01-21,2026-01-27,Ocean,127,3349.08,6,4.0,24,56.4,Normal,Delivered,43893.74,late
SHP00772,ORD100771,SUP014,SKU050,LOC01,LOC17,2026-03-04,2026-03-22,2026-03-26,Rail,56,3147.08,5,1.0,22,34.2,Priority,Delivered,48316.8,late
SHP00773,ORD100772,SUP014,SKU026,LOC02,LOC19,2025-11-12,2025-12-01,2025-11-30,Rail,97,394.54,3,1.0,18,33.0,Normal,Delivered,13795.34,on_time
SHP00774,ORD100773,SUP014,SKU055,LOC10,LOC18,2025-04-23,2025-05-08,2025-05-16,Ocean,168,2408.43,8,0.0,23,40.2,Normal,Delivered,114938.88,late
SHP00775,ORD100774,SUP014,SKU011,LOC06,LOC25,2026-09-11,2026-10-05,2026-10-12,Ocean,489,3381.78,4,4.0,31,23.3,Normal,Delivered,818033.43,late
SHP00776,ORD100775,SUP004,SKU056,LOC05,LOC15,2026-06-18,2026-07-17,2026-07-20,Ocean,423,3336.72,0,5.0,32,24.9,Critical,Delivered,128744.28,late
SHP00777,ORD100776,SUP025,SKU018,LOC10,LOC25,2026-11-18,2026-12-14,2026-12-23,Ocean,432,17173.89,3,6.0,35,45.7,Normal,Delivered,195816.96,late
SHP00778,ORD100777,SUP002,SKU034,LOC02,LOC18,2026-08-14,2026-09-05,2026-09-09,Ocean,388,11117.38,2,4.0,26,42.2,Normal,Delivered,548236.24,late
SHP00779,ORD100778,SUP010,SKU018,LOC07,LOC23,2025-07-20,2025-08-20,2025-08-23,Ocean,163,5138.77,3,1.0,34,24.6,Normal,Delivered,73884.64,late
SHP00780,ORD100779,SUP009,SKU027,LOC14,LOC23,2025-06-25,2025-07-26,2025-07-30,Ocean,196,5951.26,8,1.0,35,29.5,Priority,Delivered,242971.4,late
SHP00781,ORD100780,SUP012,SKU021,LOC10,LOC16,2025-06-21,2025-07-14,2025-07-18,Ocean,134,2653.21,0,3.0,27,43.7,Priority,Delivered,64314.64,late
SHP00782,ORD100781,SUP031,SKU043,LOC02,LOC16,2026-09-26,2026-10-22,2026-10-27,Ocean,436,6491.74,4,2.0,31,22.0,Normal,Delivered,581946.64,late
SHP00783,ORD100782,SUP024,SKU005,LOC14,LOC20,2026-01-20,2026-02-14,2026-02-19,Ocean,55,1657.83,4,2.0,30,70.7,Priority,Delivered,86892.3,late
SHP00784,ORD100783,SUP040,SKU051,LOC10,LOC20,2025-11-10,2025-11-29,2025-12-10,Ocean,403,16852.29,8,3.0,30,61.0,Normal,Delivered,366218.19,late
SHP00785,ORD100784,SUP015,SKU055,LOC13,LOC16,2026-10-31,2026-11-29,2026-12-06,Ocean,416,5989.15,6,3.0,36,53.0,Normal,Delivered,284610.56,late
SHP00786,ORD100785,SUP038,SKU034,LOC09,LOC18,2026-02-21,2026-03-22,2026-03-25,Ocean,317,12258.78,2,0.0,32,74.9,Normal,Delivered,447914.66,late
SHP00787,ORD100786,SUP002,SKU033,LOC08,LOC21,2026-09-20,2026-10-10,2026-10-17,Ocean,100,4118.43,6,5.0,27,71.2,Normal,Delivered,162916.0,late
SHP00788,ORD100787,SUP021,SKU042,LOC10,LOC19,2026-11-11,2026-12-05,2026-12-18,Ocean,417,9372.19,10,2.0,37,61.3,Normal,Delivered,607448.07,late
SHP00789,ORD100788,SUP032,SKU012,LOC08,LOC15,2025-02-24,2025-03-24,2025-04-13,Ocean,237,3802.5,12,2.0,48,91.4,Normal,Delivered,213883.02,late
SHP00790,ORD100789,SUP022,SKU045,LOC09,LOC20,2025-09-07,2025-09-17,2025-09-21,Air,226,5733.32,2,2.0,14,16.0,Priority,Delivered,298010.38,late
SHP00791,ORD100790,SUP038,SKU014,LOC09,LOC21,2026-05-22,2026-06-03,2026-06-10,Rail,96,4667.21,8,2.0,19,63.5,Normal,Delivered,111132.48,late
SHP00792,ORD100791,SUP013,SKU041,LOC07,LOC18,2026-07-16,2026-08-03,2026-08-07,Ocean,380,5476.78,3,4.0,22,29.8,Critical,Delivered,374182.2,late
SHP00793,ORD100792,SUP002,SKU019,LOC08,LOC21,2025-04-13,2025-05-03,2025-05-19,Ocean,162,5309.51,7,4.0,36,50.1,Normal,Delivered,178758.9,late
SHP00794,ORD100793,SUP031,SKU045,LOC04,LOC17,2025-08-08,2025-08-19,2025-08-19,Air,318,6177.78,3,0.0,11,23.4,Normal,Delivered,419324.34,on_time
SHP00795,ORD100794,SUP003,SKU048,LOC14,LOC17,2026-01-14,2026-01-22,2026-01-25,Air,206,45028.33,4,3.0,11,71.0,Normal,Delivered,100876.14,late
SHP00796,ORD100795,SUP031,SKU013,LOC06,LOC15,2026-07-06,2026-07-28,2026-07-31,Ocean,235,2999.75,5,1.0,25,8.1,Normal,Delivered,391989.4,late
SHP00797,ORD100796,SUP030,SKU038,LOC13,LOC25,2025-03-19,2025-04-07,2025-04-08,Ocean,44,902.44,2,1.0,20,50.7,Normal,Delivered,19939.04,late
SHP00798,ORD100797,SUP034,SKU030,LOC08,LOC18,2026-02-19,2026-03-11,2026-03-25,Ocean,58,766.22,9,6.0,34,71.0,Priority,Delivered,60755.58,late
SHP00799,ORD100798,SUP020,SKU018,LOC08,LOC15,2025-07-24,2025-08-22,2025-08-27,Ocean,314,12128.59,4,3.0,34,58.9,Normal,Delivered,142329.92,late
SHP00800,ORD100799,SUP036,SKU036,LOC14,LOC16,2025-05-30,2025-06-27,2025-07-02,Ocean,344,14115.34,5,3.0,33,67.7,Normal,Delivered,294880.24,late
SHP00801,ORD100800,SUP007,SKU060,LOC06,LOC23,2025-12-22,2026-01-12,2026-01-18,Ocean,137,850.61,5,2.0,27,63.3,Normal,Delivered,210663.53,late
SHP00802,ORD100801,SUP018,SKU001,LOC05,LOC21,2025-10-13,2025-10-28,2025-11-01,Ocean,54,1118.47,2,3.0,19,33.5,Priority,Delivered,32370.84,late
SHP00803,ORD100802,SUP005,SKU058,LOC04,LOC17,2026-03-15,2026-04-12,2026-04-29,Ocean,435,15137.16,10,4.0,45,50.9,Normal,Delivered,615277.05,late
SHP00804,ORD100803,SUP031,SKU052,LOC14,LOC15,2025-08-08,2025-08-25,2025-08-30,Ocean,248,8252.87,4,1.0,22,11.6,Normal,Delivered,63272.24,late
SHP00805,ORD100804,SUP029,SKU032,LOC10,LOC24,2026-07-23,2026-07-29,2026-08-05,Air,42,7811.39,2,5.0,13,45.9,Priority,Delivered,5719.98,late
SHP00806,ORD100805,SUP033,SKU037,LOC14,LOC23,2025-02-23,2025-03-23,2025-04-01,Ocean,475,4890.41,3,5.0,37,57.3,Priority,Delivered,137887.75,late
SHP00807,ORD100806,SUP031,SKU023,LOC09,LOC15,2026-08-18,2026-09-14,2026-09-17,Ocean,366,8232.33,3,2.0,30,17.5,Normal,Delivered,110359.98,late
SHP00808,ORD100807,SUP013,SKU008,LOC10,LOC22,2025-01-21,2025-02-15,2025-02-27,Ocean,407,3013.45,9,5.0,37,41.2,Normal,Delivered,502356.03,late
SHP00809,ORD100808,SUP003,SKU035,LOC05,LOC16,2026-05-23,2026-06-02,2026-06-01,Air,188,5533.68,1,1.0,9,59.6,Normal,Delivered,185330.4,on_time
SHP00810,ORD100809,SUP038,SKU049,LOC14,LOC17,2025-08-28,2025-09-17,2025-09-24,Ocean,47,1305.78,7,1.0,27,76.4,Normal,Delivered,16244.14,late
SHP00811,ORD100810,SUP020,SKU014,LOC08,LOC21,2025-09-22,2025-10-11,2025-10-20,Ocean,287,8197.8,2,3.0,28,47.3,Critical,Delivered,332239.81,late
SHP00812,ORD100811,SUP004,SKU044,LOC10,LOC18,2025-01-14,2025-02-10,2025-02-10,Ocean,91,2699.94,3,0.0,27,34.3,Normal,Delivered,141555.96,on_time
SHP00813,ORD100812,SUP038,SKU045,LOC11,LOC18,2026-04-30,2026-05-12,2026-05-21,Air,371,8938.47,7,4.0,21,79.0,Normal,Delivered,489211.73,late
SHP00814,ORD100813,SUP040,SKU046,LOC08,LOC18,2025-04-25,2025-05-07,2025-05-15,Air,443,74439.75,7,2.0,20,53.0,Normal,Delivered,126764.45,late
SHP00815,ORD100814,SUP018,SKU021,LOC08,LOC24,2026-03-31,2026-04-20,2026-04-30,Rail,170,6371.67,6,4.0,30,44.3,Normal,Delivered,81593.2,late
SHP00816,ORD100815,SUP031,SKU024,LOC03,LOC16,2026-05-16,2026-05-24,2026-05-20,Air,417,27996.76,0,0.0,4,32.5,Normal,Delivered,124057.5,on_time
SHP00817,ORD100816,SUP002,SKU025,LOC14,LOC17,2026-08-07,2026-09-05,2026-09-14,Ocean,282,4373.75,8,3.0,38,57.3,Normal,Delivered,88714.38,late
SHP00818,ORD100817,SUP004,SKU052,LOC05,LOC16,2026-05-04,2026-05-28,2026-06-01,Ocean,347,13067.74,3,2.0,28,41.6,Normal,Delivered,88530.11,late
SHP00819,ORD100818,SUP012,SKU055,LOC02,LOC15,2025-07-28,2025-08-16,2025-08-30,Ocean,377,4292.35,8,3.0,33,54.2,Normal,Delivered,257928.32,late
SHP00820,ORD100819,SUP027,SKU025,LOC01,LOC23,2026-05-25,2026-06-01,2026-06-08,Air,17,798.24,5,2.0,14,50.5,Normal,Delivered,5348.03,late
SHP00821,ORD100820,SUP006,SKU059,LOC14,LOC21,2026-07-24,2026-08-04,2026-08-05,Air,404,94096.13,2,2.0,12,47.3,Critical,Delivered,527086.68,late
SHP00822,ORD100821,SUP002,SKU035,LOC06,LOC17,2025-08-07,2025-08-28,2025-09-08,Ocean,140,1090.65,4,6.0,32,64.0,Normal,Delivered,138012.0,late
SHP00823,ORD100822,SUP027,SKU024,LOC13,LOC20,2025-03-27,2025-04-13,2025-04-20,Rail,66,1729.82,8,0.0,24,49.5,Normal,Delivered,19635.0,late
SHP00824,ORD100823,SUP031,SKU001,LOC03,LOC16,2026-09-07,2026-09-28,2026-09-26,Ocean,36,685.74,2,0.0,19,10.4,Normal,Delivered,21580.56,on_time
SHP00825,ORD100824,SUP030,SKU037,LOC10,LOC18,2025-04-13,2025-05-09,2025-05-13,Ocean,448,4504.57,4,1.0,30,54.7,Normal,Delivered,130049.92,late
SHP00826,ORD100825,SUP032,SKU039,LOC04,LOC24,2026-02-14,2026-03-15,2026-04-02,Ocean,71,976.02,8,5.0,47,82.6,Normal,Delivered,50478.16,late
SHP00827,ORD100826,SUP033,SKU059,LOC10,LOC16,2025-06-13,2025-07-01,2025-07-09,Rail,213,16920.47,7,3.0,26,66.2,Critical,Delivered,277894.71,late
SHP00828,ORD100827,SUP025,SKU044,LOC08,LOC18,2025-03-28,2025-04-12,2025-04-15,Rail,499,24957.68,3,3.0,18,34.1,Normal,Delivered,776224.44,late
SHP00829,ORD100828,SUP021,SKU002,LOC08,LOC23,2026-06-20,2026-07-18,2026-07-22,Ocean,194,4922.4,3,2.0,32,64.8,Normal,Delivered,135949.38,late
SHP00830,ORD100829,SUP035,SKU035,LOC07,LOC18,2025-04-10,2025-04-25,2025-04-27,Rail,72,949.76,3,0.0,17,16.0,Critical,Delivered,70977.6,late
SHP00831,ORD100830,SUP014,SKU045,LOC12,LOC25,2026-04-08,2026-04-19,2026-04-22,Rail,474,4831.88,4,1.0,14,42.6,Normal,Delivered,625030.62,late
SHP00832,ORD100831,SUP004,SKU030,LOC09,LOC22,2026-04-24,2026-05-05,2026-05-03,Air,275,15904.0,1,0.0,9,38.0,Normal,Delivered,288065.25,on_time
SHP00833,ORD100832,SUP031,SKU026,LOC10,LOC25,2025-02-11,2025-02-25,2025-02-27,Rail,329,947.27,2,1.0,16,31.2,Priority,Delivered,46790.38,late
SHP00834,ORD100833,SUP012,SKU049,LOC05,LOC15,2025-04-30,2025-05-23,2025-06-08,Ocean,461,11643.8,8,6.0,39,51.1,Critical,Delivered,159330.82,late
SHP00835,ORD100834,SUP040,SKU037,LOC04,LOC20,2026-07-03,2026-07-12,2026-07-22,Air,379,21771.55,5,3.0,19,39.9,Normal,Delivered,110019.91,late
SHP00836,ORD100835,SUP017,SKU041,LOC10,LOC23,2025-12-17,2026-01-05,2026-01-10,Ocean,63,780.61,6,2.0,24,27.0,Normal,Delivered,62035.47,late
SHP00837,ORD100836,SUP035,SKU028,LOC08,LOC22,2025-03-25,2025-04-06,2025-04-05,Air,247,17484.73,3,1.0,11,16.0,Normal,Delivered,229818.68,on_time
SHP00838,ORD100837,SUP002,SKU017,LOC04,LOC21,2026-11-16,2026-12-18,2026-12-25,Ocean,23,33.21,2,3.0,39,49.7,Normal,Delivered,5440.65,late
SHP00839,ORD100838,SUP027,SKU032,LOC13,LOC18,2025-07-02,2025-07-09,2025-07-17,Air,25,3591.06,9,3.0,15,52.0,Normal,Delivered,3404.75,late
SHP00840,ORD100839,SUP018,SKU058,LOC09,LOC20,2025-01-03,2025-01-15,2025-01-28,Rail,373,31910.15,6,4.0,25,41.7,Priority,Delivered,527582.39,late
SHP00841,ORD100840,SUP019,SKU037,LOC07,LOC19,2026-09-30,2026-10-27,2026-11-06,Ocean,462,4461.66,7,5.0,37,46.1,Normal,Delivered,134113.98,late
SHP00842,ORD100841,SUP011,SKU043,LOC03,LOC23,2025-01-12,2025-01-30,2025-02-09,Rail,80,2195.26,5,3.0,28,67.1,Normal,Delivered,106779.2,late
SHP00843,ORD100842,SUP039,SKU008,LOC02,LOC21,2026-01-17,2026-02-07,2026-02-10,Ocean,308,2395.68,0,3.0,24,33.4,Normal,Delivered,380161.32,late
SHP00844,ORD100843,SUP016,SKU060,LOC12,LOC15,2026-11-17,2026-12-11,2026-12-14,Ocean,402,2702.45,7,0.0,27,39.1,Normal,Delivered,618151.38,late
SHP00845,ORD100844,SUP035,SKU015,LOC01,LOC19,2026-02-03,2026-02-23,2026-02-21,Ocean,91,1800.32,1,1.0,18,16.0,Priority,Delivered,158407.34,on_time
SHP00846,ORD100845,SUP018,SKU059,LOC13,LOC16,2026-02-08,2026-02-13,2026-02-15,Air,147,23360.72,2,0.0,7,35.3,Priority,Delivered,191786.49,late
SHP00847,ORD100846,SUP002,SKU027,LOC05,LOC25,2025-09-25,2025-10-18,2025-10-26,Ocean,381,11607.6,5,3.0,31,49.1,Priority,Delivered,472306.65,late
SHP00848,ORD100847,SUP036,SKU056,LOC01,LOC19,2025-03-29,2025-04-30,2025-05-10,Ocean,59,538.02,8,5.0,42,73.4,Normal,Delivered,17957.24,late
SHP00849,ORD100848,SUP008,SKU054,LOC07,LOC15,2026-01-31,2026-02-09,2026-02-09,Air,158,24421.66,0,1.0,9,21.6,Priority,Delivered,99623.74,on_time
SHP00850,ORD100849,SUP011,SKU046,LOC04,LOC20,2026-09-12,2026-10-06,2026-10-05,Ocean,124,4820.47,2,3.0,23,49.7,Normal,Delivered,35482.6,on_time
SHP00851,ORD100850,SUP035,SKU055,LOC13,LOC20,2025-03-04,2025-04-02,2025-04-08,Ocean,402,5063.46,7,0.0,35,16.0,Normal,Delivered,275032.32,late
SHP00852,ORD100851,SUP036,SKU037,LOC02,LOC20,2026-08-31,2026-09-10,2026-09-17,Rail,98,2675.65,4,4.0,17,70.2,Normal,Delivered,28448.42,late
SHP00853,ORD100852,SUP037,SKU051,LOC10,LOC19,2025-10-14,2025-10-23,2025-11-01,Air,145,27893.77,8,3.0,18,33.7,Normal,Delivered,131765.85,late
SHP00854,ORD100853,SUP018,SKU011,LOC13,LOC22,2026-01-05,2026-01-18,2026-01-27,Air,12,262.17,7,5.0,22,49.0,Normal,Delivered,20074.44,late
SHP00855,ORD100854,SUP031,SKU005,LOC01,LOC20,2025-04-25,2025-05-01,2025-05-07,Air,45,5587.16,8,0.0,12,31.0,Normal,Delivered,71093.7,late
SHP00856,ORD100855,SUP014,SKU033,LOC11,LOC25,2026-03-06,2026-03-15,2026-03-23,Rail,500,42675.12,6,3.0,17,27.4,Normal,Delivered,814580.0,late
SHP00857,ORD100856,SUP030,SKU049,LOC04,LOC19,2025-05-06,2025-06-01,2025-06-02,Ocean,32,884.57,2,2.0,27,51.4,Priority,Delivered,11059.84,late
SHP00858,ORD100857,SUP021,SKU046,LOC11,LOC18,2025-07-08,2025-08-04,2025-08-09,Ocean,415,17656.34,6,2.0,32,70.0,Normal,Delivered,118752.25,late
SHP00859,ORD100858,SUP003,SKU032,LOC07,LOC20,2026-05-13,2026-06-05,2026-06-14,Ocean,246,8158.81,6,2.0,32,73.9,Normal,Delivered,33502.74,late
SHP00860,ORD100859,SUP017,SKU032,LOC12,LOC25,2025-02-04,2025-02-27,2025-03-01,Ocean,223,7461.42,3,0.0,25,27.0,Normal,Delivered,30370.37,late
SHP00861,ORD100860,SUP019,SKU037,LOC01,LOC19,2025-11-05,2025-11-15,2025-11-25,Air,74,4286.91,5,5.0,20,48.1,Critical,Delivered,21481.46,late
SHP00862,ORD100861,SUP011,SKU053,LOC03,LOC23,2026-02-15,2026-02-19,2026-02-24,Air,163,19084.27,6,0.0,9,50.0,Critical,Delivered,127084.58,late
SHP00863,ORD100862,SUP015,SKU051,LOC02,LOC19,2025-04-02,2025-04-30,2025-05-02,Ocean,382,15425.72,2,0.0,30,45.3,Normal,Delivered,347134.86,late
SHP00864,ORD100863,SUP021,SKU007,LOC12,LOC16,2025-07-23,2025-08-17,2025-08-24,Ocean,245,2043.27,7,2.0,32,53.6,Critical,Delivered,17017.7,late
SHP00865,ORD100864,SUP002,SKU036,LOC13,LOC18,2025-08-26,2025-09-05,2025-09-08,Air,451,73941.48,2,2.0,13,57.5,Normal,Delivered,386601.71,late
SHP00866,ORD100865,SUP007,SKU023,LOC14,LOC18,2026-04-03,2026-04-21,2026-05-05,Rail,467,25627.59,7,4.0,32,55.9,Priority,Delivered,140814.51,late
SHP00867,ORD100866,SUP031,SKU048,LOC11,LOC24,2026-11-05,2026-11-23,2026-11-27,Ocean,98,3677.69,6,0.0,22,14.9,Priority,Delivered,47989.62,late
SHP00868,ORD100867,SUP015,SKU031,LOC13,LOC17,2026-08-01,2026-09-03,2026-09-07,Ocean,288,5075.53,3,3.0,37,51.5,Critical,Delivered,277686.72,late
SHP00869,ORD100868,SUP025,SKU060,LOC11,LOC15,2025-05-11,2025-06-01,2025-06-03,Ocean,410,2670.97,0,2.0,23,49.5,Normal,Delivered,630452.9,late
SHP00870,ORD100869,SUP023,SKU026,LOC07,LOC15,2025-01-13,2025-01-30,2025-02-05,Ocean,413,737.61,6,2.0,23,44.5,Normal,Delivered,58736.86,late
SHP00871,ORD100870,SUP023,SKU041,LOC01,LOC17,2025-02-05,2025-02-23,2025-03-05,Ocean,452,7085.9,6,5.0,28,46.7,Normal,Delivered,445079.88,late
SHP00872,ORD100871,SUP017,SKU007,LOC10,LOC21,2026-02-16,2026-03-14,2026-03-18,Ocean,15,89.67,4,0.0,30,27.0,Normal,Delivered,1041.9,late
SHP00873,ORD100872,SUP020,SKU056,LOC09,LOC18,2025-04-18,2025-04-21,2025-05-03,Air,363,15123.08,4,2.0,15,65.1,Normal,Delivered,110482.68,late
SHP00874,ORD100873,SUP033,SKU010,LOC07,LOC20,2025-06-09,2025-06-27,2025-07-01,Ocean,35,1193.96,3,2.0,22,54.8,Normal,Delivered,45518.9,late
SHP00875,ORD100874,SUP039,SKU023,LOC10,LOC17,2026-08-08,2026-08-30,2026-09-02,Ocean,47,997.57,1,2.0,25,33.3,Priority,Delivered,14171.91,late
SHP00876,ORD100875,SUP011,SKU051,LOC09,LOC20,2026-08-26,2026-09-26,2026-10-03,Ocean,41,1479.13,8,1.0,38,62.4,Critical,Delivered,37257.93,late
SHP00877,ORD100876,SUP027,SKU059,LOC11,LOC16,2026-08-02,2026-08-14,2026-08-24,Rail,377,26178.71,3,2.0,22,46.7,Priority,Delivered,491860.59,late
SHP00878,ORD100877,SUP039,SKU030,LOC01,LOC20,2025-06-25,2025-07-25,2025-08-02,Ocean,269,2701.88,7,0.0,38,37.8,Normal,Delivered,281780.19,late
SHP00879,ORD100878,SUP001,SKU030,LOC10,LOC25,2026-03-04,2026-04-02,2026-04-08,Ocean,357,4331.67,7,0.0,35,17.9,Priority,Delivered,373961.07,late
SHP00880,ORD100879,SUP032,SKU003,LOC08,LOC24,2026-02-26,2026-03-28,2026-03-31,Ocean,317,3393.02,5,2.0,33,100.0,Normal,Delivered,535447.87,late
SHP00881,ORD100880,SUP020,SKU059,LOC12,LOC21,2025-05-08,2025-05-17,2025-05-21,Air,47,10323.12,3,0.0,13,56.7,Normal,Delivered,61319.49,late
SHP00882,ORD100881,SUP039,SKU001,LOC14,LOC25,2026-01-17,2026-02-08,2026-02-12,Rail,389,17119.88,6,1.0,26,40.6,Priority,Delivered,233189.94,late
SHP00883,ORD100882,SUP024,SKU002,LOC01,LOC25,2025-12-29,2026-01-29,2026-01-31,Ocean,218,5855.42,5,1.0,33,67.3,Priority,Delivered,152767.86,late
SHP00884,ORD100883,SUP034,SKU029,LOC14,LOC20,2025-10-01,2025-10-27,2025-10-30,Ocean,24,70.36,6,2.0,29,69.1,Normal,Delivered,8724.72,late
SHP00885,ORD100884,SUP007,SKU001,LOC14,LOC20,2026-06-03,2026-07-02,2026-07-03,Ocean,40,1013.26,3,3.0,30,55.6,Normal,Delivered,23978.4,late
SHP00886,ORD100885,SUP006,SKU010,LOC09,LOC18,2026-04-13,2026-04-19,2026-04-20,Air,152,28946.27,4,0.0,7,41.3,Normal,Delivered,197682.08,late
SHP00887,ORD100886,SUP038,SKU038,LOC10,LOC16,2026-01-03,2026-01-26,2026-02-04,Rail,350,11535.37,4,5.0,32,74.5,Priority,Delivered,158606.0,late
SHP00888,ORD100887,SUP022,SKU043,LOC01,LOC17,2026-05-16,2026-06-11,2026-06-16,Ocean,423,5304.45,4,3.0,31,16.0,Critical,Delivered,564595.02,late
SHP00889,ORD100888,SUP023,SKU018,LOC13,LOC24,2026-06-11,2026-07-05,2026-07-14,Ocean,155,6032.8,6,3.0,33,53.5,Normal,Delivered,70258.4,late
SHP00890,ORD100889,SUP007,SKU048,LOC02,LOC24,2026-01-27,2026-02-06,2026-02-11,Air,23,4683.5,3,2.0,15,73.7,Normal,Delivered,11262.87,late
SHP00891,ORD100890,SUP010,SKU037,LOC14,LOC16,2025-07-04,2025-07-13,2025-07-14,Air,280,13602.23,6,0.0,10,19.0,Normal,Delivered,81281.2,late
SHP00892,ORD100891,SUP033,SKU014,LOC09,LOC17,2026-06-08,2026-07-07,2026-07-20,Ocean,122,3393.12,8,3.0,42,53.8,Priority,Delivered,141230.86,late
SHP00893,ORD100892,SUP013,SKU043,LOC06,LOC21,2026-05-11,2026-06-05,2026-06-05,Ocean,98,1039.02,1,0.0,25,36.2,Normal,Delivered,130804.52,on_time
SHP00894,ORD100893,SUP024,SKU036,LOC02,LOC22,2026-11-10,2026-12-13,2026-12-26,Ocean,398,16316.13,9,4.0,46,72.0,Normal,Delivered,341169.58,late
SHP00895,ORD100894,SUP013,SKU049,LOC08,LOC21,2025-04-14,2025-04-20,2025-04-18,Air,463,47837.13,1,0.0,4,35.6,Critical,Delivered,160022.06,on_time
SHP00896,ORD100895,SUP011,SKU010,LOC05,LOC21,2025-10-17,2025-10-27,2025-10-27,Air,145,23828.15,3,0.0,10,51.5,Normal,Delivered,188578.3,on_time
SHP00897,ORD100896,SUP007,SKU014,LOC08,LOC25,2026-09-30,2026-10-06,2026-10-19,Air,131,14758.53,4,3.0,19,47.9,Normal,Delivered,151649.53,late
SHP00898,ORD100897,SUP038,SKU019,LOC12,LOC22,2025-12-22,2025-12-31,2026-01-04,Air,371,68096.89,5,1.0,13,63.8,Normal,Delivered,409379.95,late
SHP00899,ORD100898,SUP038,SKU021,LOC03,LOC25,2026-10-13,2026-11-09,2026-11-16,Ocean,127,2472.44,5,3.0,34,68.7,Normal,Delivered,60954.92,late
SHP00900,ORD100899,SUP005,SKU054,LOC05,LOC24,2025-01-09,2025-02-12,2025-02-16,Ocean,77,1850.11,1,5.0,38,38.7,Normal,Delivered,48550.81,late
SHP00901,ORD100900,SUP015,SKU044,LOC06,LOC20,2025-01-25,2025-02-12,2025-02-15,Ocean,279,7818.63,5,0.0,21,58.3,Normal,Delivered,434001.24,late
SHP00902,ORD100901,SUP023,SKU033,LOC10,LOC21,2026-07-04,2026-07-23,2026-07-31,Rail,95,5835.06,2,5.0,27,43.9,Priority,Delivered,154770.2,late
SHP00903,ORD100902,SUP016,SKU033,LOC06,LOC22,2025-09-05,2025-09-14,2025-09-14,Air,49,7375.52,4,0.0,9,35.0,Priority,Delivered,79828.84,on_time
SHP00904,ORD100903,SUP029,SKU054,LOC03,LOC16,2025-12-25,2026-01-20,2026-02-05,Ocean,490,11952.56,12,3.0,42,48.6,Normal,Delivered,308959.7,late
SHP00905,ORD100904,SUP011,SKU027,LOC12,LOC20,2025-10-23,2025-11-17,2025-11-20,Ocean,493,13710.51,6,2.0,28,50.5,Normal,Delivered,611147.45,late
SHP00906,ORD100905,SUP003,SKU014,LOC12,LOC16,2025-10-09,2025-10-15,2025-10-25,Air,177,19021.91,7,3.0,16,63.0,Normal,Delivered,204900.51,late
SHP00907,ORD100906,SUP014,SKU009,LOC03,LOC20,2026-10-11,2026-10-21,2026-11-01,Air,103,15819.99,7,4.0,21,14.7,Critical,Delivered,109680.58,late
SHP00908,ORD100907,SUP024,SKU020,LOC10,LOC22,2025-03-06,2025-03-11,2025-03-19,Air,356,33052.81,5,4.0,13,76.8,Normal,Delivered,282101.52,late
SHP00909,ORD100908,SUP008,SKU040,LOC02,LOC21,2026-06-17,2026-07-14,2026-07-21,Ocean,404,5410.67,3,0.0,34,31.6,Normal,Delivered,690941.0,late
SHP00910,ORD100909,SUP033,SKU029,LOC12,LOC16,2026-09-06,2026-09-18,2026-09-27,Rail,137,692.11,9,2.0,21,52.8,Normal,Delivered,49803.61,late
SHP00911,ORD100910,SUP001,SKU026,LOC04,LOC19,2026-03-30,2026-04-09,2026-04-14,Air,272,1774.72,6,4.0,15,25.3,Critical,Delivered,38683.84,late
SHP00912,ORD100911,SUP003,SKU029,LOC06,LOC23,2025-09-30,2025-10-04,2025-10-15,Air,19,227.11,7,2.0,15,58.2,Normal,Delivered,6907.07,late
SHP00913,ORD100912,SUP021,SKU059,LOC14,LOC19,2025-04-21,2025-05-01,2025-05-04,Air,108,16715.11,2,3.0,13,58.0,Normal,Delivered,140904.36,late
SHP00914,ORD100913,SUP021,SKU060,LOC08,LOC16,2026-04-16,2026-04-29,2026-05-04,Rail,191,2563.44,4,2.0,18,61.8,Normal,Delivered,293698.79,late
SHP00915,ORD100914,SUP012,SKU010,LOC01,LOC17,2025-11-20,2025-12-05,2025-12-07,Rail,500,32524.44,0,6.0,17,33.4,Normal,Delivered,650270.0,late
SHP00916,ORD100915,SUP011,SKU007,LOC04,LOC19,2025-04-14,2025-04-25,2025-04-24,Air,424,12170.38,4,0.0,10,37.1,Normal,Delivered,29451.04,on_time
SHP00917,ORD100916,SUP003,SKU015,LOC09,LOC18,2025-09-06,2025-09-29,2025-10-07,Ocean,450,7618.09,4,4.0,31,70.2,Priority,Delivered,783333.0,late
SHP00918,ORD100917,SUP027,SKU052,LOC07,LOC20,2026-10-26,2026-11-15,2026-11-22,Ocean,85,3644.24,5,2.0,27,62.8,Normal,Delivered,21686.05,late
SHP00919,ORD100918,SUP016,SKU028,LOC12,LOC18,2025-07-03,2025-07-14,2025-07-21,Air,494,27004.32,6,5.0,18,56.2,Normal,Delivered,459637.36,late
SHP00920,ORD100919,SUP005,SKU052,LOC05,LOC25,2025-05-04,2025-05-08,2025-05-19,Air,121,21822.37,7,1.0,15,54.8,Normal,Delivered,30870.73,late
SHP00921,ORD100920,SUP016,SKU039,LOC02,LOC16,2026-04-16,2026-05-13,2026-05-17,Ocean,-15,6516.9,2,4.0,31,39.9,Normal,Delivered,322064.88,late
SHP00922,ORD100921,SUP038,SKU034,LOC11,LOC24,2025-05-18,2025-06-08,2025-06-12,Ocean,367,14376.7,2,2.0,25,69.1,Normal,Delivered,518563.66,late
SHP00923,ORD100922,SUP011,SKU017,LOC11,LOC25,2026-09-27,2026-10-10,2026-10-14,Rail,450,1610.45,4,3.0,17,62.6,Normal,Delivered,106447.5,late
SHP00924,ORD100923,SUP036,SKU021,LOC12,LOC20,2026-08-16,2026-08-29,2026-08-29,Rail,394,18051.45,1,0.0,13,63.5,Normal,Delivered,189104.24,on_time
SHP00925,ORD100924,SUP011,SKU009,LOC08,LOC25,2026-11-10,2026-11-30,2026-12-08,Rail,414,26288.11,7,5.0,28,51.8,Normal,Delivered,440852.04,late
SHP00926,ORD100925,SUP008,SKU032,LOC07,LOC23,2026-09-22,2026-10-21,2026-10-28,Ocean,32,1264.91,7,1.0,36,25.5,Normal,Delivered,4358.08,late
SHP00927,ORD100926,SUP011,SKU017,LOC12,LOC17,2025-06-18,2025-06-27,2025-07-08,Air,94,640.88,4,7.0,20,58.1,Normal,Delivered,22235.7,late
SHP00928,ORD100927,SUP013,SKU018,LOC04,LOC20,2025-05-27,2025-06-04,2025-06-09,Air,91,14879.72,3,2.0,13,23.7,Normal,Delivered,41248.48,late
SHP00929,ORD100928,SUP005,SKU003,LOC12,LOC15,2025-08-25,2025-09-17,2025-09-27,Ocean,89,923.15,8,4.0,33,37.4,Normal,Delivered,150330.79,late
SHP00930,ORD100929,SUP024,SKU048,LOC10,LOC24,2025-11-21,2025-12-18,2025-12-31,Ocean,86,3367.48,8,4.0,40,60.5,Normal,Delivered,42113.34,late
SHP00931,ORD100930,SUP014,SKU057,LOC14,LOC20,2026-08-31,2026-09-17,2026-09-21,Rail,255,7959.95,1,3.0,21,39.1,Normal,Delivered,338028.0,late
SHP00932,ORD100931,SUP029,SKU030,LOC02,LOC20,2026-05-22,2026-06-10,2026-06-16,Ocean,315,3138.77,6,0.0,25,57.6,Normal,Delivered,329965.65,late
SHP00933,ORD100932,SUP020,SKU033,LOC01,LOC20,2026-03-21,2026-03-28,2026-04-02,Air,185,26212.64,6,2.0,12,58.0,Normal,Delivered,301394.6,late
SHP00934,ORD100933,SUP018,SKU056,LOC14,LOC15,2026-08-30,2026-09-09,2026-09-15,Air,364,10078.2,5,3.0,16,27.2,Normal,Delivered,110787.04,late
SHP00935,ORD100934,SUP019,SKU031,LOC01,LOC25,2026-03-22,2026-03-28,2026-04-03,Air,435,36371.09,4,4.0,12,53.7,Normal,Delivered,419422.65,late
SHP00936,ORD100935,SUP007,SKU038,LOC14,LOC16,2025-09-19,2025-10-14,2025-10-23,Ocean,357,6100.21,4,3.0,34,62.7,Normal,Delivered,161778.12,late
SHP00937,ORD100936,SUP029,SKU026,LOC09,LOC18,2025-10-12,2025-10-18,2025-10-30,Air,126,1238.23,5,6.0,18,54.0,Priority,Delivered,17919.72,late
SHP00938,ORD100937,SUP005,SKU031,LOC11,LOC24,2025-12-23,2026-01-10,2026-01-16,Ocean,178,3132.9,8,2.0,24,38.7,Priority,Delivered,171625.82,late
SHP00939,ORD100938,SUP029,SKU032,LOC11,LOC20,2025-03-03,2025-03-11,2025-03-13,Air,237,34959.52,3,2.0,10,79.0,Normal,Delivered,32277.03,late
SHP00940,ORD100939,SUP040,SKU043,LOC09,LOC23,2026-05-27,2026-06-13,2026-06-20,Ocean,87,1374.29,4,3.0,24,54.7,Normal,Delivered,116122.38,late
SHP00941,ORD100940,SUP031,SKU037,LOC14,LOC18,2026-03-27,2026-04-04,2026-04-14,Air,187,11301.92,10,1.0,18,38.2,Critical,Delivered,54284.23,late
SHP00942,ORD100941,SUP019,SKU031,LOC08,LOC17,2026-05-20,2026-05-29,2026-06-15,Air,395,28836.99,7,7.0,26,58.8,Normal,Delivered,380855.05,late
SHP00943,ORD100942,SUP013,SKU005,LOC08,LOC22,2026-01-04,2026-02-02,2026-02-09,Ocean,492,14224.91,7,2.0,36,59.1,Normal,Delivered,777291.12,late
SHP00944,ORD100943,SUP035,SKU055,LOC12,LOC19,2026-06-25,2026-07-12,2026-07-16,Ocean,457,6402.74,6,0.0,21,16.0,Normal,Delivered,312661.12,late
SHP00945,ORD100944,SUP011,SKU054,LOC12,LOC22,2026-10-18,2026-10-25,2026-10-27,Air,309,41416.28,1,1.0,9,49.0,Priority,Delivered,194833.77,late
SHP00946,ORD100945,SUP020,SKU012,LOC01,LOC25,2026-01-29,2026-02-14,2026-02-14,Ocean,83,1268.67,0,1.0,16,58.7,Normal,Delivered,74904.18,on_time
SHP00947,ORD100946,SUP031,SKU018,LOC08,LOC20,2025-11-03,2025-12-05,2025-12-02,Ocean,331,12133.97,0,1.0,29,16.6,Normal,Delivered,150035.68,on_time
SHP00948,ORD100947,SUP037,SKU059,LOC03,LOC19,2025-03-14,2025-04-08,2025-04-17,Ocean,277,12435.41,8,3.0,34,44.9,Normal,Delivered,361393.59,late
SHP00949,ORD100948,SUP037,SKU020,LOC09,LOC23,2026-06-22,2026-07-07,2026-07-09,Rail,87,3379.84,5,1.0,17,48.2,Normal,Delivered,68940.54,late
SHP00950,ORD100949,SUP004,SKU049,LOC13,LOC23,2026-09-16,2026-10-06,2026-10-05,Ocean,253,7831.45,4,0.0,19,40.9,Normal,Delivered,87441.86,on_time
SHP00951,ORD100950,SUP036,SKU048,LOC06,LOC21,2026-04-28,2026-05-25,2026-05-25,Ocean,311,13497.51,3,0.0,27,59.7,Normal,Delivered,152293.59,on_time
SHP00952,ORD100951,SUP005,SKU052,LOC11,LOC24,2026-08-21,2026-09-04,2026-09-04,Rail,341,31606.07,3,0.0,14,48.6,Normal,Delivered,86999.33,on_time
SHP00953,ORD100952,SUP024,SKU001,LOC10,LOC25,2026-08-18,2026-09-16,2026-09-29,Ocean,464,8934.35,11,3.0,42,59.3,Critical,Delivered,278149.44,late
SHP00954,ORD100953,SUP038,SKU029,LOC06,LOC21,2026-07-05,2026-07-27,2026-08-03,Ocean,251,546.3,5,2.0,29,73.9,Normal,Delivered,91246.03,late
SHP00955,ORD100954,SUP027,SKU034,LOC06,LOC22,2025-12-13,2026-01-09,2026-01-14,Ocean,264,8128.01,6,0.0,32,59.6,Normal,Delivered,373026.72,late
SHP00956,ORD100955,SUP038,SKU051,LOC14,LOC19,2025-03-10,2025-04-09,2025-04-12,Ocean,351,12092.04,3,0.0,33,74.4,Normal,Delivered,318964.23,late
SHP00957,ORD100956,SUP014,SKU014,LOC01,LOC25,2025-01-03,2025-02-01,2025-02-10,Ocean,75,2166.39,5,5.0,38,49.8,Normal,Delivered,86822.25,late
SHP00958,ORD100957,SUP013,SKU019,LOC11,LOC25,2025-05-22,2025-05-29,2025-06-04,Air,329,51494.06,4,4.0,13,36.4,Priority,Delivered,363035.05,late
SHP00959,ORD100958,SUP014,SKU011,LOC05,LOC22,2025-10-25,2025-11-14,2025-11-19,Ocean,281,1548.01,4,2.0,25,32.4,Priority,Delivered,470076.47,late
SHP00960,ORD100959,SUP015,SKU046,LOC02,LOC19,2026-05-29,2026-06-08,2026-06-11,Air,248,41826.25,4,3.0,13,48.4,Normal,Delivered,70965.2,late
SHP00961,ORD100960,SUP028,SKU060,LOC09,LOC20,2025-11-11,2025-12-01,2025-12-05,Ocean,90,594.41,5,1.0,24,59.4,Normal,Delivered,138392.1,late
SHP00962,ORD100961,SUP019,SKU009,LOC09,LOC24,2025-01-16,2025-02-12,2025-02-15,Ocean,203,6940.83,1,2.0,30,49.9,Normal,Delivered,216166.58,late
SHP00963,ORD100962,SUP030,SKU014,LOC10,LOC22,2025-05-26,2025-06-26,2025-06-28,Ocean,243,7058.82,4,0.0,33,52.8,Critical,Delivered,281304.09,late
SHP00964,ORD100963,SUP017,SKU019,LOC13,LOC15,2026-11-07,2026-12-04,2026-12-07,Ocean,37,1213.45,3,3.0,30,27.0,Normal,Delivered,40827.65,late
SHP00965,ORD100964,SUP013,SKU054,LOC13,LOC18,2026-11-13,2026-11-20,2026-11-22,Air,138,15635.21,2,2.0,9,51.9,Normal,Delivered,87013.14,late
SHP00966,ORD100965,SUP008,SKU027,LOC08,LOC15,2025-09-18,2025-10-08,2025-10-08,Ocean,387,8382.53,4,0.0,20,34.8,Priority,Delivered,479744.55,on_time
SHP00967,ORD100966,SUP023,SKU017,LOC08,LOC19,2026-07-10,2026-07-30,2026-08-12,Ocean,107,173.52,7,2.0,33,61.6,Priority,Delivered,25310.85,late
SHP00968,ORD100967,SUP036,SKU020,LOC08,LOC22,2026-05-12,2026-06-10,2026-06-20,Ocean,221,3141.69,6,3.0,39,61.1,Priority,Delivered,175124.82,late
SHP00969,ORD100968,SUP035,SKU036,LOC12,LOC16,2026-10-05,2026-10-14,2026-10-17,Air,498,98986.6,5,1.0,12,16.0,Normal,Delivered,426890.58,late
SHP00970,ORD100969,SUP011,SKU024,LOC02,LOC21,2026-09-05,2026-09-29,2026-10-11,Ocean,302,4886.74,4,4.0,36,39.7,Critical,Delivered,89845.0,late
SHP00971,ORD100970,SUP020,SKU009,LOC06,LOC24,2026-03-10,2026-03-19,2026-03-23,Air,425,68216.79,4,3.0,13,72.8,Priority,Delivered,452565.5,late
SHP00972,ORD100971,SUP029,SKU050,LOC11,LOC22,2025-09-30,2025-10-29,2025-11-10,Ocean,79,2337.78,6,6.0,41,49.3,Priority,Delivered,68161.2,late
SHP00973,ORD100972,SUP025,SKU026,LOC06,LOC25,2026-03-09,2026-03-26,2026-04-01,Ocean,369,735.47,5,3.0,23,44.8,Normal,Delivered,52479.18,late
SHP00974,ORD100973,SUP003,SKU016,LOC10,LOC15,2025-08-09,2025-08-16,2025-08-25,Air,83,12944.65,7,2.0,16,61.0,Normal,Delivered,120901.95,late
SHP00975,ORD100974,SUP024,SKU044,LOC01,LOC22,2025-08-29,2025-09-28,2025-10-05,Ocean,238,7706.54,3,5.0,37,67.2,Normal,Delivered,370223.28,late
SHP00976,ORD100975,SUP002,SKU045,LOC02,LOC25,2026-02-25,2026-03-26,2026-04-02,Ocean,380,1611.76,2,4.0,36,50.7,Normal,Delivered,501079.4,late
SHP00977,ORD100976,SUP005,SKU010,LOC01,LOC21,2026-01-30,2026-02-16,2026-02-19,Rail,241,20253.19,4,1.0,20,56.4,Normal,Delivered,313430.14,late
SHP00978,ORD100977,SUP027,SKU005,LOC06,LOC23,2026-02-05,2026-03-07,2026-03-11,Ocean,248,5193.91,6,0.0,34,66.3,Priority,Delivered,391805.28,late
SHP00979,ORD100978,SUP005,SKU003,LOC07,LOC23,2025-09-23,2025-10-11,2025-10-20,Ocean,295,3296.08,8,3.0,27,40.6,Normal,Delivered,498287.45,late
SHP00980,ORD100979,SUP014,SKU046,LOC06,LOC25,2025-10-10,2025-11-07,2025-11-07,Ocean,370,16226.72,1,1.0,28,20.4,Priority,Delivered,105875.5,on_time
SHP00981,ORD100980,SUP024,SKU038,LOC04,LOC17,2025-01-08,2025-02-08,2025-02-18,Ocean,18,329.79,5,4.0,41,67.1,Critical,Delivered,8156.88,late
SHP00982,ORD100981,SUP027,SKU048,LOC07,LOC18,2026-02-20,2026-02-28,2026-03-15,Air,230,50037.89,9,3.0,23,56.7,Normal,Delivered,112628.7,late
SHP00983,ORD100982,SUP018,SKU038,LOC10,LOC21,2026-02-02,2026-02-24,2026-03-01,Ocean,93,1648.65,1,5.0,27,33.1,Priority,Delivered,42143.88,late
SHP00984,ORD100983,SUP004,SKU025,LOC08,LOC19,2026-10-08,2026-10-25,2026-10-26,Rail,114,3446.94,2,0.0,18,46.1,Normal,Delivered,35863.26,late
SHP00985,ORD100984,SUP032,SKU036,LOC02,LOC23,2025-12-14,2025-12-26,2026-01-07,Air,344,67695.49,8,5.0,24,107.7,Normal,Delivered,294880.24,late
SHP00986,ORD100985,SUP038,SKU044,LOC11,LOC20,2025-11-19,2025-12-11,2025-12-12,Rail,485,23761.19,3,4.0,23,51.0,Normal,Delivered,754446.6,late
SHP00987,ORD100986,SUP036,SKU024,LOC08,LOC24,2025-02-16,2025-02-26,2025-03-05,Air,296,17114.13,4,5.0,17,71.9,Normal,Delivered,88060.0,late
SHP00988,ORD100987,SUP030,SKU055,LOC03,LOC25,2025-05-16,2025-06-02,2025-06-11,Rail,393,8777.77,2,3.0,26,53.7,Normal,Delivered,268874.88,late
SHP00989,ORD100988,SUP017,SKU054,LOC01,LOC25,2025-08-22,2025-09-01,2025-08-30,Air,51,6109.45,2,1.0,8,27.0,Normal,Delivered,32157.03,on_time
SHP00990,ORD100989,SUP036,SKU049,LOC02,LOC24,2025-09-18,2025-10-20,2025-10-21,Ocean,98,3137.07,0,4.0,33,83.0,Normal,Delivered,33870.76,late
SHP00991,ORD100990,SUP020,SKU060,LOC05,LOC21,2025-09-08,2025-10-10,2025-10-16,Ocean,438,2590.27,9,3.0,38,54.6,Critical,Delivered,673508.22,late
SHP00992,ORD100991,SUP006,SKU024,LOC09,LOC16,2025-09-29,2025-10-03,2025-10-12,Air,400,27807.66,4,3.0,13,59.8,Priority,Delivered,119000.0,late
SHP00993,ORD100992,SUP035,SKU007,LOC08,LOC21,2026-06-15,2026-07-07,2026-07-18,Ocean,349,2279.74,8,3.0,33,16.0,Priority,Delivered,24241.54,late
SHP00994,ORD100993,SUP013,SKU030,LOC07,LOC16,2025-04-01,2025-04-10,2025-04-17,Air,421,26491.88,8,3.0,16,43.6,Normal,Delivered,441001.71,late
SHP00995,ORD100994,SUP038,SKU045,LOC14,LOC19,2025-08-18,2025-09-17,2025-09-30,Ocean,139,605.49,9,2.0,43,71.0,Priority,Delivered,183289.57,late
SHP00996,ORD100995,SUP015,SKU047,LOC05,LOC24,2025-04-23,2025-04-29,2025-05-03,Air,331,32038.27,5,1.0,10,40.9,Priority,Delivered,469526.81,late
SHP00997,ORD100996,SUP035,SKU024,LOC14,LOC15,2025-08-01,2025-08-28,2025-08-28,Ocean,259,4132.87,5,0.0,27,16.0,Priority,Delivered,77052.5,on_time
SHP00998,ORD100997,SUP022,SKU018,LOC07,LOC25,2026-04-18,2026-05-02,2026-05-02,Rail,128,9005.21,3,0.0,14,16.0,Normal,Delivered,58019.84,on_time
SHP00999,ORD100998,SUP019,SKU027,LOC08,LOC18,2025-02-02,2025-02-20,2025-03-06,Ocean,424,11033.83,8,2.0,32,58.3,Normal,Delivered,525611.6,late
SHP01000,ORD100999,SUP012,SKU049,LOC03,LOC18,2025-08-23,2025-09-15,2025-09-25,Ocean,65,1470.28,5,5.0,33,62.5,Normal,Delivered,22465.3,late
SHP01001,ORD101000,SUP034,SKU004,LOC13,LOC18,2025-01-17,2025-01-27,2025-01-27,Air,498,12763.75,1,5.0,10,78.1,Normal,Delivered,748792.8,on_time
SHP01002,ORD101001,SUP003,SKU020,LOC02,LOC23,2026-10-21,2026-10-29,2026-11-06,Air,68,4686.76,1,6.0,16,65.4,Normal,Delivered,53884.56,late
SHP01003,ORD101002,SUP019,SKU014,LOC06,LOC25,2026-05-17,2026-05-25,2026-05-30,Air,330,29535.41,3,5.0,13,66.8,Normal,Delivered,382017.9,late
SHP01004,ORD101003,SUP015,SKU049,LOC10,LOC17,2025-06-18,2025-07-08,2025-07-11,Rail,95,5391.17,2,4.0,23,56.1,Normal,Delivered,32833.9,late
SHP01005,ORD101004,SUP022,SKU029,LOC01,LOC20,2025-05-17,2025-06-02,2025-06-06,Ocean,220,572.33,4,2.0,20,16.0,Priority,Delivered,79976.6,late
SHP01006,ORD101005,SUP011,SKU006,LOC11,LOC17,2025-03-10,2025-03-23,2025-03-26,Air,165,9146.75,7,1.0,16,55.6,Normal,Delivered,232542.75,late
SHP01007,ORD101006,SUP027,SKU016,LOC13,LOC25,2025-11-23,2025-12-14,2025-12-27,Ocean,363,15977.91,7,2.0,34,40.5,Normal,Delivered,528763.95,late
SHP01008,ORD101007,SUP016,SKU003,LOC08,LOC17,2026-06-04,2026-06-23,2026-06-29,Ocean,424,4676.1,4,4.0,25,27.7,Normal,Delivered,716182.64,late
SHP01009,ORD101008,SUP008,SKU029,LOC13,LOC17,2026-02-08,2026-03-01,2026-03-02,Ocean,462,1191.87,4,2.0,22,35.2,Normal,Delivered,167950.86,late
SHP01010,ORD101009,SUP008,SKU060,LOC06,LOC20,2026-08-31,2026-09-18,2026-09-20,Ocean,332,1997.95,2,2.0,20,33.8,Normal,Delivered,510513.08,late
SHP01011,ORD101010,SUP028,SKU035,LOC06,LOC17,2025-08-26,2025-09-27,2025-10-08,Ocean,297,1557.8,6,8.0,43,47.4,Priority,Delivered,292782.6,late
SHP01012,ORD101011,SUP011,SKU053,LOC14,LOC23,2025-07-11,2025-07-19,2025-07-20,Air,453,57771.72,4,1.0,9,60.8,Normal,Delivered,353185.98,late
SHP01013,ORD101012,SUP013,SKU045,LOC13,LOC25,2025-11-26,2025-12-26,2026-01-04,Ocean,464,2262.5,6,6.0,39,37.0,Normal,Delivered,611844.32,late
SHP01014,ORD101013,SUP026,SKU053,LOC09,LOC21,2025-05-20,2025-05-31,2025-06-06,Rail,373,19930.32,5,0.0,17,35.6,Normal,Delivered,290813.18,late
SHP01015,ORD101014,SUP014,SKU019,LOC01,LOC20,2026-11-05,2026-12-03,2026-12-11,Ocean,12,501.73,7,0.0,36,25.7,Normal,Delivered,13241.4,late
SHP01016,ORD101015,SUP016,SKU058,LOC08,LOC15,2025-05-09,2025-05-30,2025-05-26,Ocean,130,6296.72,0,0.0,17,48.2,Normal,Delivered,183875.9,on_time
SHP01017,ORD101016,SUP010,SKU015,LOC14,LOC18,2025-11-27,2025-12-04,2025-12-04,Air,65,5845.38,3,0.0,7,24.4,Priority,Delivered,113148.1,on_time
SHP01018,ORD101017,SUP014,SKU027,LOC13,LOC16,2025-12-27,2026-01-13,2026-01-20,Ocean,246,5427.58,3,5.0,24,38.2,Normal,Delivered,304953.9,late
SHP01019,ORD101018,SUP028,SKU041,LOC10,LOC21,2025-02-09,2025-03-06,2025-03-14,Ocean,253,3302.37,8,3.0,33,60.7,Priority,Delivered,249126.57,late
SHP01020,ORD101019,SUP022,SKU018,LOC11,LOC25,2025-11-20,2025-11-30,2025-12-08,Air,180,22357.86,5,4.0,18,16.0,Normal,Delivered,81590.4,late
SHP01021,ORD101020,SUP040,SKU016,LOC14,LOC25,2025-11-10,2025-12-10,2025-12-10,Ocean,371,13286.77,1,2.0,30,45.5,Normal,Delivered,540417.15,on_time
SHP01022,ORD101021,SUP031,SKU008,LOC03,LOC21,2025-06-29,2025-07-23,2025-08-01,Ocean,80,469.93,8,2.0,33,40.0,Normal,Delivered,98743.2,late
SHP01023,ORD101022,SUP001,SKU001,LOC12,LOC16,2025-03-30,2025-04-09,2025-04-12,Air,375,31678.15,0,0.0,13,10.1,Critical,Delivered,224797.5,late
SHP01024,ORD101023,SUP016,SKU031,LOC07,LOC20,2025-02-01,2025-02-21,2025-02-27,Ocean,277,3745.77,4,1.0,26,37.1,Critical,Delivered,267080.63,late
SHP01025,ORD101024,SUP012,SKU060,LOC09,LOC18,2025-01-06,2025-01-10,2025-01-21,Air,62,1719.51,7,4.0,15,52.1,Normal,Delivered,95336.78,late
SHP01026,ORD101025,SUP024,SKU014,LOC02,LOC21,2025-11-29,2025-12-06,2025-12-11,Air,395,40937.94,8,1.0,12,63.1,Normal,Delivered,457263.85,late
SHP01027,ORD101026,SUP011,SKU027,LOC10,LOC19,2025-03-03,2025-03-25,2025-04-02,Ocean,193,5785.29,6,2.0,30,48.3,Priority,Delivered,239252.45,late
SHP01028,ORD101027,SUP039,SKU057,LOC03,LOC23,2026-10-24,2026-11-15,2026-11-18,Ocean,189,2722.79,6,2.0,25,48.4,Normal,Delivered,250538.4,late
SHP01029,ORD101028,SUP012,SKU047,LOC03,LOC16,2025-06-18,2025-07-05,2025-07-07,Ocean,385,10527.78,1,3.0,19,45.4,Priority,Delivered,546126.35,late
SHP01030,ORD101029,SUP021,SKU001,LOC10,LOC15,2026-03-27,2026-04-04,2026-04-16,Air,88,7599.63,4,3.0,20,57.5,Priority,Delivered,52752.48,late
SHP01031,ORD101030,SUP005,SKU031,LOC07,LOC19,2026-04-10,2026-04-27,2026-05-02,Ocean,324,5661.23,3,1.0,22,50.4,Normal,Delivered,312397.56,late
SHP01032,ORD101031,SUP037,SKU009,LOC12,LOC15,2025-12-08,2025-12-22,2026-01-02,Rail,97,6744.75,6,1.0,25,52.6,Normal,Delivered,103291.42,late
SHP01033,ORD101032,SUP037,SKU015,LOC12,LOC15,2026-09-02,2026-09-16,2026-09-23,Ocean,490,10518.19,5,2.0,21,44.4,Normal,Delivered,852962.6,late
SHP01034,ORD101033,SUP032,SKU015,LOC12,LOC25,2025-03-18,2025-03-28,2025-03-31,Air,247,16827.55,0,5.0,13,92.8,Normal,Delivered,429962.78,late
SHP01035,ORD101034,SUP015,SKU037,LOC08,LOC16,2025-06-11,2025-07-08,2025-07-08,Ocean,126,1757.73,3,0.0,27,49.0,Normal,Delivered,36576.54,on_time
SHP01036,ORD101035,SUP003,SKU012,LOC08,LOC17,2025-06-24,2025-07-10,2025-07-16,Ocean,273,4389.35,5,0.0,22,69.6,Normal,Delivered,246371.58,late
SHP01037,ORD101036,SUP029,SKU016,LOC12,LOC24,2025-04-04,2025-05-04,2025-05-16,Ocean,104,4023.1,8,4.0,42,49.3,Priority,Delivered,151491.6,late
SHP01038,ORD101037,SUP018,SKU014,LOC06,LOC25,2025-07-23,2025-08-23,2025-08-29,Ocean,415,8510.4,2,3.0,37,43.8,Normal,Delivered,480416.45,late
SHP01039,ORD101038,SUP040,SKU022,LOC01,LOC15,2025-08-04,2025-08-21,2025-08-29,Rail,89,6510.91,6,3.0,25,50.5,Normal,Delivered,131549.12,late
SHP01040,ORD101039,SUP028,SKU040,LOC11,LOC18,2026-06-12,2026-07-01,2026-07-04,Ocean,109,1177.8,0,5.0,22,61.0,Normal,Delivered,186417.25,late
SHP01041,ORD101040,SUP022,SKU024,LOC07,LOC21,2025-07-28,2025-08-17,2025-08-24,Ocean,114,1708.65,5,65.0,27,16.0,Normal,Delivered,33915.0,late
SHP01042,ORD101041,SUP040,SKU020,LOC03,LOC25,2026-08-28,2026-09-25,2026-09-28,Ocean,358,5990.9,1,4.0,31,50.9,Normal,Delivered,283686.36,late
SHP01043,ORD101042,SUP033,SKU032,LOC02,LOC25,2026-06-18,2026-07-14,2026-07-23,Ocean,307,8727.55,6,3.0,35,63.2,Normal,Delivered,41810.33,late
SHP01044,ORD101043,SUP019,SKU037,LOC05,LOC17,2026-09-15,2026-10-04,2026-10-14,Rail,182,5317.75,6,5.0,29,56.7,Priority,Delivered,52832.78,late
SHP01045,ORD101044,SUP001,SKU001,LOC04,LOC25,2025-03-14,2025-03-27,2025-04-06,Rail,277,12476.66,8,3.0,23,27.7,Normal,Delivered,166050.42,late
SHP01046,ORD101045,SUP004,SKU054,LOC14,LOC22,2026-11-11,2026-11-29,2026-11-30,Rail,250,11641.64,1,0.0,19,35.3,Normal,Delivered,157632.5,late
SHP01047,ORD101046,SUP018,SKU055,LOC01,LOC23,2026-02-28,2026-03-21,2026-04-01,Ocean,115,1153.16,2,6.0,32,44.5,Critical,Delivered,78678.4,late
SHP01048,ORD101047,SUP023,SKU037,LOC09,LOC16,2026-11-09,2026-11-26,2026-12-02,Ocean,70,932.34,1,5.0,23,57.7,Normal,Delivered,20320.3,late
SHP01049,ORD101048,SUP002,SKU035,LOC07,LOC25,2025-09-02,2025-09-10,2025-09-16,Air,462,12908.81,6,3.0,14,52.2,Normal,Delivered,455439.6,late
SHP01050,ORD101049,SUP006,SKU042,LOC06,LOC25,2026-10-20,2026-11-13,2026-11-14,Ocean,188,5359.58,4,0.0,25,44.8,Normal,Delivered,273861.48,late
SHP01051,ORD101050,SUP029,SKU027,LOC08,LOC22,2026-02-11,2026-02-19,2026-02-24,Air,203,23154.42,3,2.0,13,69.1,Priority,Delivered,251648.95,late
SHP01052,ORD101051,SUP031,SKU022,LOC12,LOC17,2025-02-19,2025-03-12,2025-03-10,Ocean,294,11148.39,2,0.0,19,13.2,Normal,Delivered,434555.52,on_time
SHP01053,ORD101052,SUP002,SKU022,LOC08,LOC18,2025-10-10,2025-11-03,2025-11-08,Ocean,202,5230.99,4,1.0,29,50.8,Normal,Delivered,298572.16,late
SHP01054,ORD101053,SUP021,SKU010,LOC09,LOC19,2025-04-06,2025-04-22,2025-04-26,Rail,471,37486.88,2,4.0,20,41.6,Normal,Delivered,612554.34,late
SHP01055,ORD101054,SUP004,SKU051,LOC09,LOC20,2026-10-12,2026-10-27,2026-11-02,Ocean,95,3829.13,5,0.0,21,38.2,Priority,Delivered,86329.35,late
SHP01056,ORD101055,SUP029,SKU020,LOC08,LOC19,2025-07-30,2025-08-15,2025-08-28,Rail,315,9102.7,12,4.0,29,65.3,Normal,Delivered,249612.3,late
SHP01057,ORD101056,SUP034,SKU018,LOC05,LOC20,2025-06-03,2025-06-21,2025-06-27,Ocean,124,3616.69,3,3.0,24,70.3,Normal,Delivered,56206.72,late
SHP01058,ORD101057,SUP035,SKU058,LOC08,LOC23,2026-01-17,2026-02-13,2026-02-20,Ocean,19,735.16,7,0.0,34,16.0,Priority,Delivered,26874.17,late
SHP01059,ORD101058,SUP024,SKU031,LOC10,LOC17,2025-10-21,2025-11-06,2025-11-17,Ocean,461,8140.3,8,0.0,27,52.7,Priority,Delivered,444491.59,late
SHP01060,ORD101059,SUP026,SKU038,LOC03,LOC15,2025-03-08,2025-03-27,2025-03-29,Ocean,367,7720.91,5,0.0,21,39.6,Priority,Delivered,166309.72,late
SHP01061,ORD101060,SUP038,SKU015,LOC10,LOC18,2026-07-18,2026-08-13,2026-08-25,Ocean,152,3324.31,8,5.0,38,62.8,Normal,Delivered,264592.48,late
SHP01062,ORD101061,SUP025,SKU017,LOC13,LOC20,2026-08-07,2026-08-24,2026-09-02,Ocean,45,68.49,4,1.0,26,43.3,Normal,Delivered,10644.75,late
SHP01063,ORD101062,SUP018,SKU044,LOC12,LOC25,2026-05-28,2026-06-04,2026-06-12,Air,404,53325.56,6,4.0,15,33.6,Normal,Delivered,628446.24,late
SHP01064,ORD101063,SUP031,SKU028,LOC06,LOC25,2026-03-02,2026-03-23,2026-03-22,Rail,476,13606.91,2,1.0,20,12.6,Priority,Delivered,442889.44,on_time
SHP01065,ORD101064,SUP024,SKU009,LOC11,LOC17,2025-10-05,2025-10-22,2025-11-01,Ocean,318,10569.15,6,3.0,27,50.4,Normal,Delivered,338625.48,late
SHP01066,ORD101065,SUP034,SKU051,LOC11,LOC25,2026-01-10,2026-02-11,2026-02-11,Ocean,256,10518.13,5,0.0,32,58.2,Critical,Delivered,232634.88,on_time
SHP01067,ORD101066,SUP021,SKU025,LOC01,LOC25,2025-12-26,2026-01-13,2026-01-22,Ocean,200,2107.83,6,3.0,27,70.5,Normal,Delivered,62918.0,late
SHP01068,ORD101067,SUP035,SKU041,LOC08,LOC17,2025-04-25,2025-05-02,2025-05-06,Air,327,17299.17,4,1.0,11,16.0,Priority,Delivered,321993.63,late
SHP01069,ORD101068,SUP002,SKU021,LOC04,LOC19,2025-02-26,2025-03-04,2025-03-04,Air,273,20485.77,0,3.0,6,59.9,Normal,Delivered,131029.08,on_time
SHP01070,ORD101069,SUP002,SKU034,LOC06,LOC24,2025-06-24,2025-07-26,2025-08-04,Ocean,470,15557.42,5,6.0,41,57.3,Priority,Delivered,664100.6,late
SHP01071,ORD101070,SUP004,SKU047,LOC07,LOC24,2025-11-10,2025-11-30,2025-12-07,Ocean,280,6503.24,5,3.0,27,27.8,Priority,Delivered,397182.8,late
SHP01072,ORD101071,SUP023,SKU054,LOC09,LOC22,2025-04-21,2025-05-17,2025-05-23,Ocean,489,15906.17,8,0.0,32,52.6,Normal,Delivered,308329.17,late
SHP01073,ORD101072,SUP029,SKU013,LOC13,LOC16,2025-03-15,2025-04-10,2025-04-26,Ocean,346,4061.76,11,3.0,42,63.9,Normal,Delivered,577141.84,late
SHP01074,ORD101073,SUP009,SKU041,LOC11,LOC24,2026-08-11,2026-09-03,2026-09-06,Ocean,431,5962.81,6,2.0,26,34.4,Priority,Delivered,424401.39,late
SHP01075,ORD101074,SUP007,SKU055,LOC12,LOC15,2025-09-16,2025-10-02,2025-10-15,Rail,59,1170.84,8,3.0,29,67.9,Priority,Delivered,40365.44,late
SHP01076,ORD101075,SUP035,SKU039,LOC05,LOC24,2026-02-08,2026-03-04,2026-03-05,Ocean,329,5213.95,4,1.0,25,16.0,Normal,Delivered,233905.84,late
SHP01077,ORD101076,SUP031,SKU009,LOC07,LOC19,2025-12-28,2026-01-28,2026-02-01,Ocean,284,10113.06,5,2.0,35,20.0,Normal,Delivered,302420.24,late
SHP01078,ORD101077,SUP026,SKU012,LOC08,LOC24,2026-05-23,2026-06-15,2026-06-19,Ocean,436,5328.03,4,4.0,27,45.2,Normal,Delivered,393472.56,late
SHP01079,ORD101078,SUP020,SKU013,LOC08,LOC16,2026-05-26,2026-06-12,2026-06-23,Ocean,316,3233.99,4,5.0,28,64.3,Normal,Delivered,527100.64,late
SHP01080,ORD101079,SUP017,SKU007,LOC03,LOC23,2025-07-24,2025-08-15,2025-08-21,Ocean,434,2884.47,6,0.0,28,27.0,Normal,Delivered,30145.64,late
SHP01081,ORD101080,SUP001,SKU046,LOC07,LOC19,2026-08-09,2026-09-05,2026-09-14,Ocean,464,17798.66,4,4.0,36,35.4,Normal,Delivered,132773.6,late
SHP01082,ORD101081,SUP008,SKU058,LOC02,LOC25,2025-09-14,2025-10-15,2025-10-24,Ocean,119,5196.87,5,2.0,40,30.7,Normal,Delivered,168317.17,late
SHP01083,ORD101082,SUP036,SKU032,LOC02,LOC19,2026-07-31,2026-08-05,2026-08-11,Air,216,33981.36,2,3.0,11,69.0,Normal,Delivered,29417.04,late
SHP01084,ORD101083,SUP014,SKU036,LOC09,LOC17,2025-10-07,2025-10-25,2025-10-29,Ocean,393,13796.98,4,2.0,22,34.2,Normal,Delivered,336883.53,late
SHP01085,ORD101084,SUP029,SKU047,LOC02,LOC17,2025-03-18,2025-04-02,2025-04-13,Rail,302,14620.57,8,6.0,26,50.8,Normal,Delivered,428390.02,late
SHP01086,ORD101085,SUP029,SKU025,LOC11,LOC20,2026-06-09,2026-06-30,2026-06-29,Ocean,191,2157.34,1,1.0,20,57.8,Normal,Delivered,60086.69,on_time
SHP01087,ORD101086,SUP013,SKU029,LOC10,LOC25,2025-01-21,2025-02-20,2025-02-23,Ocean,490,1253.21,5,1.0,33,45.7,Normal,Delivered,178129.7,late
SHP01088,ORD101087,SUP009,SKU036,LOC08,LOC23,2026-06-17,2026-07-07,2026-07-08,Rail,246,14891.51,2,2.0,21,36.5,Priority,Delivered,210873.66,late
SHP01089,ORD101088,SUP028,SKU019,LOC14,LOC20,2025-01-30,2025-02-10,2025-02-11,Air,426,67877.41,2,0.0,12,46.8,Priority,Delivered,470069.7,late
SHP01090,ORD101089,SUP004,SKU004,LOC05,LOC18,2025-05-23,2025-06-17,2025-06-23,Ocean,487,3312.0,6,1.0,31,32.9,Critical,Delivered,732253.2,late
SHP01091,ORD101090,SUP020,SKU035,LOC03,LOC19,2026-02-21,2026-03-12,2026-03-14,Rail,408,6334.56,3,2.0,21,61.2,Normal,Delivered,402206.4,late
SHP01092,ORD101091,SUP036,SKU050,LOC01,LOC22,2026-10-12,2026-11-09,2026-11-15,Ocean,419,12017.14,3,2.0,34,66.7,Normal,Delivered,361513.2,late
SHP01093,ORD101092,SUP029,SKU005,LOC07,LOC18,2025-10-09,2025-10-24,2025-11-06,Ocean,274,6829.14,7,1.0,28,54.4,Normal,Delivered,432881.64,late
SHP01094,ORD101093,SUP031,SKU013,LOC10,LOC15,2025-03-25,2025-04-04,2025-04-08,Rail,421,9007.45,0,4.0,14,11.2,Priority,Delivered,702244.84,late
SHP01095,ORD101094,SUP004,SKU016,LOC07,LOC24,2025-06-10,2025-06-20,2025-06-23,Air,40,6486.42,4,1.0,13,36.2,Normal,Delivered,58266.0,late
SHP01096,ORD101095,SUP008,SKU049,LOC14,LOC15,2026-09-11,2026-10-10,2026-10-15,Ocean,339,10288.68,2,2.0,34,16.0,Normal,Delivered,117165.18,late
SHP01097,ORD101096,SUP012,SKU031,LOC07,LOC22,2026-05-17,2026-05-24,2026-05-30,Air,49,4046.31,1,3.0,13,49.4,Normal,Delivered,47245.31,late
SHP01098,ORD101097,SUP012,SKU033,LOC01,LOC22,2025-03-11,2025-04-03,2025-04-04,Ocean,226,9267.32,3,0.0,24,45.5,Critical,Delivered,368190.16,late
SHP01099,ORD101098,SUP008,SKU039,LOC08,LOC20,2025-09-23,2025-10-20,2025-10-25,Ocean,138,1854.56,6,1.0,32,28.6,Normal,Delivered,98112.48,late
SHP01100,ORD101099,SUP039,SKU017,LOC11,LOC19,2025-07-02,2025-07-18,2025-07-26,Rail,349,1260.28,4,5.0,24,30.6,Normal,Delivered,82555.95,late
SHP01101,ORD101100,SUP007,SKU043,LOC04,LOC18,2025-05-03,2025-05-25,2025-05-28,Ocean,47,556.7,3,3.0,25,69.5,Normal,Delivered,62732.78,late
SHP01102,ORD101101,SUP029,SKU002,LOC06,LOC19,2026-08-08,2026-08-15,2026-08-18,Air,59,7633.96,3,1.0,10,47.7,Normal,Delivered,41345.43,late
SHP01103,ORD101102,SUP024,SKU007,LOC05,LOC17,2026-03-03,2026-03-16,2026-03-19,Air,248,9405.81,1,2.0,16,57.3,Priority,Delivered,17226.08,late
SHP01104,ORD101103,SUP025,SKU049,LOC02,LOC21,2025-05-04,2025-06-07,2025-06-08,Ocean,369,10957.26,4,1.0,35,40.1,Normal,Delivered,127533.78,late
SHP01105,ORD101104,SUP009,SKU040,LOC07,LOC15,2026-03-25,2026-04-27,2026-05-04,Ocean,146,2123.47,5,6.0,40,24.9,Normal,Delivered,249696.5,late
SHP01106,ORD101105,SUP013,SKU011,LOC12,LOC19,2025-10-13,2025-10-21,2025-10-29,Rail,444,5798.62,3,5.0,16,45.7,Normal,Delivered,742754.28,late
SHP01107,ORD101106,SUP025,SKU027,LOC03,LOC18,2025-02-12,2025-02-17,2025-02-23,Air,50,5836.01,3,5.0,11,48.3,Priority,Delivered,61982.5,late
SHP01108,ORD101107,SUP012,SKU004,LOC12,LOC22,2025-11-07,2025-11-14,2025-11-16,Air,190,4739.33,2,0.0,9,65.2,Normal,Delivered,285684.0,late
SHP01109,ORD101108,SUP028,SKU041,LOC06,LOC15,2025-05-08,2025-05-26,2025-05-29,Ocean,209,2409.61,3,4.0,21,38.8,Normal,Delivered,205800.21,late
SHP01110,ORD101109,SUP002,SKU046,LOC10,LOC25,2025-06-19,2025-07-10,2025-07-14,Ocean,305,11643.32,2,4.0,25,56.7,Normal,Delivered,87275.75,late
SHP01111,ORD101110,SUP003,SKU017,LOC07,LOC22,2026-08-30,2026-09-17,2026-10-02,Ocean,339,568.9,8,5.0,33,60.5,Critical,Delivered,80190.45,late
SHP01112,ORD101111,SUP030,SKU022,LOC09,LOC25,2026-05-06,2026-05-31,2026-06-07,Ocean,78,2269.9,5,3.0,32,35.0,Priority,Delivered,115290.24,late
SHP01113,ORD101112,SUP025,SKU015,LOC13,LOC20,2025-04-03,2025-04-21,2025-04-30,Ocean,58,1066.31,5,4.0,27,41.7,Normal,Delivered,100962.92,late
SHP01114,ORD101113,SUP002,SKU024,LOC13,LOC19,2026-08-11,2026-08-25,2026-09-05,Air,218,13157.68,9,2.0,25,67.2,Normal,Delivered,64855.0,late
SHP01115,ORD101114,SUP036,SKU017,LOC05,LOC22,2026-02-01,2026-02-20,2026-02-26,Rail,316,935.19,4,3.0,25,65.3,Normal,Delivered,74749.8,late
SHP01116,ORD101115,SUP001,SKU015,LOC09,LOC25,2026-08-27,2026-09-18,2026-09-18,Ocean,24,531.03,2,2.0,22,30.6,Normal,Delivered,41777.76,on_time
SHP01117,ORD101116,SUP039,SKU026,LOC12,LOC25,2026-05-31,2026-06-14,2026-06-26,Ocean,294,455.57,5,4.0,26,47.1,Normal,Delivered,41812.68,late
SHP01118,ORD101117,SUP030,SKU052,LOC14,LOC15,2025-08-23,2025-08-30,2025-09-01,Air,114,20833.66,2,1.0,9,47.2,Normal,Delivered,29084.82,late
SHP01119,ORD101118,SUP040,SKU046,LOC07,LOC18,2026-01-05,2026-01-30,2026-02-03,Ocean,467,20895.88,5,0.0,29,48.6,Normal,Delivered,133632.05,late
SHP01120,ORD101119,SUP038,SKU018,LOC05,LOC15,2026-01-02,2026-01-13,2026-01-23,Rail,199,12326.31,7,1.0,21,56.8,Normal,Delivered,90202.72,late
SHP01121,ORD101120,SUP013,SKU057,LOC01,LOC21,2026-05-12,2026-06-05,2026-06-12,Ocean,384,7800.03,7,3.0,31,48.7,Normal,Delivered,509030.4,late
SHP01122,ORD101121,SUP031,SKU013,LOC10,LOC17,2025-06-21,2025-07-14,2025-07-15,Ocean,191,2883.49,1,5.0,24,26.1,Normal,Delivered,318595.64,late
SHP01123,ORD101122,SUP009,SKU055,LOC09,LOC22,2025-08-18,2025-09-12,2025-09-14,Ocean,449,4533.08,3,1.0,27,29.9,Normal,Delivered,307187.84,late
SHP01124,ORD101123,SUP019,SKU019,LOC04,LOC18,2025-06-18,2025-07-02,2025-06-29,Rail,399,33212.24,0,0.0,11,57.6,Critical,Delivered,440276.55,on_time
SHP01125,ORD101124,SUP010,SKU033,LOC01,LOC25,2025-07-24,2025-08-17,2025-08-20,Ocean,259,10325.52,6,0.0,27,23.9,Normal,Delivered,421952.44,late
SHP01126,ORD101125,SUP020,SKU013,LOC05,LOC18,2025-04-22,2025-05-01,2025-05-12,Air,54,2687.86,7,3.0,20,58.6,Normal,Delivered,90074.16,late
SHP01127,ORD101126,SUP035,SKU046,LOC12,LOC23,2025-01-26,2025-02-12,2025-02-24,Ocean,456,16833.27,6,6.0,29,16.0,Normal,Delivered,130484.4,late
SHP01128,ORD101127,SUP018,SKU020,LOC12,LOC23,2026-10-11,2026-10-30,2026-11-11,Ocean,357,4972.47,9,3.0,31,46.1,Normal,Delivered,282893.94,late
SHP01129,ORD101128,SUP004,SKU053,LOC06,LOC17,2025-02-21,2025-03-12,2025-03-15,Rail,174,10515.81,6,0.0,22,24.7,Priority,Delivered,135660.84,late
SHP01130,ORD101129,SUP013,SKU005,LOC13,LOC17,2026-09-05,2026-10-05,2026-10-14,Ocean,369,10194.6,8,2.0,39,48.9,Normal,Delivered,582968.34,late
SHP01131,ORD101130,SUP032,SKU031,LOC14,LOC15,2025-01-03,2025-01-23,2025-02-04,Ocean,310,5496.82,5,5.0,32,99.4,Normal,Delivered,298898.9,late
SHP01132,ORD101131,SUP021,SKU010,LOC09,LOC15,2026-06-21,2026-07-15,2026-07-21,Ocean,388,10904.29,2,6.0,30,49.2,Normal,Delivered,504609.52,late
SHP01133,ORD101132,SUP023,SKU054,LOC03,LOC18,2025-08-15,2025-08-30,2025-08-30,Rail,162,8138.21,4,0.0,15,61.4,Normal,Delivered,102145.86,on_time
SHP01134,ORD101133,SUP018,SKU026,LOC08,LOC22,2025-12-24,2026-01-15,2026-01-25,Ocean,138,277.98,3,2.0,32,33.3,Critical,Delivered,19626.36,late
SHP01135,ORD101134,SUP012,SKU041,LOC05,LOC21,2025-07-14,2025-08-02,2025-08-10,Ocean,346,4001.27,4,2.0,27,53.6,Priority,Delivered,340702.74,late
SHP01136,ORD101135,SUP024,SKU053,LOC13,LOC17,2025-12-05,2025-12-19,2025-12-20,Rail,410,22787.42,5,0.0,15,58.6,Priority,Delivered,319660.6,late
SHP01137,ORD101136,SUP026,SKU033,LOC07,LOC23,2025-11-08,2025-11-18,2025-11-20,Air,371,69866.34,0,3.0,12,44.7,Critical,Delivered,604418.36,late
SHP01138,ORD101137,SUP036,SKU004,LOC12,LOC24,2026-01-01,2026-01-13,2026-01-21,Rail,45,506.5,7,4.0,20,68.1,Normal,Delivered,67662.0,late
SHP01139,ORD101138,SUP025,SKU014,LOC04,LOC15,2025-09-29,2025-10-02,2025-10-06,Air,394,49979.05,2,1.0,7,30.9,Normal,Delivered,456106.22,late
SHP01140,ORD101139,SUP040,SKU013,LOC12,LOC24,2026-01-06,2026-01-12,2026-01-14,Air,58,3126.05,3,2.0,8,60.9,Normal,Delivered,96746.32,late
SHP01141,ORD101140,SUP034,SKU055,LOC13,LOC16,2026-07-24,2026-08-13,2026-08-24,Ocean,336,4362.78,6,3.0,31,66.9,Normal,Delivered,229877.76,late
SHP01142,ORD101141,SUP004,SKU055,LOC02,LOC22,2025-10-27,2025-11-23,2025-11-30,Ocean,338,3396.33,4,2.0,34,32.3,Normal,Delivered,231246.08,late
SHP01143,ORD101142,SUP016,SKU029,LOC04,LOC22,2025-09-07,2025-09-18,2025-09-21,Air,170,1914.77,3,0.0,14,23.7,Normal,Delivered,61800.1,late
SHP01144,ORD101143,SUP016,SKU054,LOC11,LOC17,2025-04-01,2025-04-08,2025-04-19,Air,351,47800.49,6,3.0,18,41.3,Priority,Delivered,221316.03,late
SHP01145,ORD101144,SUP001,SKU015,LOC08,LOC16,2025-09-06,2025-09-21,2025-09-24,Rail,230,8543.5,3,0.0,18,36.0,Normal,Delivered,400370.2,late
SHP01146,ORD101145,SUP008,SKU041,LOC14,LOC17,2025-03-28,2025-04-17,2025-04-26,Ocean,399,6408.06,5,0.0,29,32.2,Normal,Delivered,392891.31,late
SHP01147,ORD101146,SUP031,SKU024,LOC06,LOC15,2025-05-06,2025-06-03,2025-06-08,Ocean,462,5952.58,1,2.0,33,20.6,Normal,Delivered,137445.0,late
SHP01148,ORD101147,SUP015,SKU015,LOC04,LOC18,2026-10-20,2026-11-12,2026-11-12,Ocean,475,7297.92,3,1.0,23,42.1,Priority,Delivered,826851.5,on_time
SHP01149,ORD101148,SUP006,SKU016,LOC04,LOC17,2025-03-03,2025-03-11,2025-03-13,Air,20,3290.19,0,2.0,10,38.4,Normal,Delivered,29133.0,late
SHP01150,ORD101149,SUP012,SKU026,LOC01,LOC24,2025-11-29,2025-12-15,2025-12-24,Ocean,157,303.22,7,1.0,25,42.3,Normal,Delivered,22328.54,late
SHP01151,ORD101150,SUP011,SKU021,LOC10,LOC18,2026-07-30,2026-08-05,2026-08-08,Air,277,359187.12,3,1.0,9,36.8,Critical,Delivered,132948.92,late
SHP01152,ORD101151,SUP007,SKU013,LOC08,LOC24,2026-10-20,2026-10-28,2026-11-05,Air,37,2657.19,2,4.0,16,71.8,Critical,Delivered,61717.48,late
SHP01153,ORD101152,SUP005,SKU021,LOC14,LOC19,2025-04-12,2025-05-01,2025-05-07,Ocean,497,11857.52,5,0.0,25,58.5,Normal,Delivered,238540.12,late
SHP01154,ORD101153,SUP031,SKU008,LOC13,LOC21,2025-04-23,2025-05-25,2025-05-29,Ocean,184,1365.28,4,2.0,36,19.2,Priority,Delivered,227109.36,late
SHP01155,ORD101154,SUP033,SKU059,LOC10,LOC23,2025-09-15,2025-09-20,2025-09-26,Air,55,11216.76,6,1.0,11,56.9,Normal,Delivered,71756.85,late
SHP01156,ORD101155,SUP020,SKU023,LOC14,LOC19,2026-01-18,2026-02-05,2026-02-21,Rail,267,14952.41,10,4.0,34,58.9,Priority,Delivered,80508.51,late
SHP01157,ORD101156,SUP025,SKU007,LOC12,LOC20,2026-10-25,2026-11-15,2026-11-15,Ocean,268,1499.78,2,0.0,21,47.8,Normal,Delivered,18615.28,on_time
SHP01158,ORD101157,SUP037,SKU035,LOC02,LOC16,2025-05-24,2025-06-11,2025-06-16,Ocean,70,551.37,2,3.0,23,31.1,Normal,Delivered,69006.0,late
SHP01159,ORD101158,SUP034,SKU053,LOC08,LOC23,2025-04-24,2025-05-17,2025-05-23,Ocean,355,9002.97,7,0.0,29,87.6,Normal,Delivered,276779.3,late
SHP01160,ORD101159,SUP002,SKU022,LOC07,LOC16,2025-06-24,2025-07-26,2025-07-31,Ocean,429,11483.11,5,2.0,37,55.4,Normal,Delivered,634096.32,late
SHP01161,ORD101160,SUP039,SKU051,LOC11,LOC20,2026-08-27,2026-09-23,2026-09-28,Ocean,275,9450.86,1,3.0,32,43.7,Normal,Delivered,249900.75,late
SHP01162,ORD101161,SUP003,SKU037,LOC07,LOC23,2025-01-21,2025-02-04,2025-02-09,Rail,298,7820.02,7,1.0,19,60.5,Normal,Delivered,86506.42,late
SHP01163,ORD101162,SUP002,SKU045,LOC05,LOC21,2025-09-20,2025-10-08,2025-10-17,Rail,66,786.73,6,2.0,27,45.7,Normal,Delivered,87029.58,late
SHP01164,ORD101163,SUP017,SKU018,LOC03,LOC20,2025-03-24,2025-04-26,2025-04-25,Ocean,427,12592.43,3,0.0,32,27.0,Normal,Delivered,193550.56,on_time
SHP01165,ORD101164,SUP030,SKU003,LOC14,LOC19,2025-04-19,2025-05-07,2025-05-10,Ocean,399,3769.94,5,2.0,21,45.4,Normal,Delivered,673954.89,late
SHP01166,ORD101165,SUP004,SKU021,LOC02,LOC19,2026-09-25,2026-10-19,2026-10-31,Ocean,105,2334.72,7,3.0,36,42.3,Normal,Delivered,50395.8,late
SHP01167,ORD101166,SUP012,SKU056,LOC08,LOC25,2025-01-02,2025-01-05,2025-01-14,Air,379,11693.17,5,4.0,12,52.3,Normal,Delivered,115352.44,late
SHP01168,ORD101167,SUP011,SKU048,LOC06,LOC23,2025-08-10,2025-09-03,2025-09-08,Ocean,291,12067.86,5,4.0,29,53.1,Normal,Delivered,142499.79,late
SHP01169,ORD101168,SUP016,SKU048,LOC07,LOC18,2026-09-24,2026-10-02,2026-10-05,Air,27,5446.03,5,1.0,11,44.7,Normal,Delivered,13221.63,late
SHP01170,ORD101169,SUP040,SKU053,LOC03,LOC16,2026-02-24,2026-03-22,2026-03-22,Ocean,102,2956.29,1,1.0,26,45.2,Normal,Delivered,79525.32,on_time
SHP01171,ORD101170,SUP014,SKU023,LOC03,LOC22,2025-02-19,2025-02-26,2025-02-27,Air,63,6234.38,3,0.0,8,34.0,Normal,Delivered,18996.39,late
SHP01172,ORD101171,SUP009,SKU020,LOC13,LOC16,2025-11-17,2025-12-03,2025-12-17,Ocean,10,167.17,6,7.0,30,28.8,Normal,Delivered,7924.2,late
SHP01173,ORD101172,SUP005,SKU056,LOC06,LOC21,2026-11-01,2026-11-06,2026-11-14,Air,407,14988.69,3,2.0,13,50.4,Critical,Delivered,123874.52,late
SHP01174,ORD101173,SUP008,SKU035,LOC11,LOC22,2025-10-04,2025-10-11,2025-10-14,Air,148,3505.6,3,1.0,10,38.4,Normal,Delivered,145898.4,late
SHP01175,ORD101174,SUP006,SKU018,LOC14,LOC17,2025-12-31,2026-01-23,2026-01-28,Ocean,324,9611.47,2,0.0,28,51.8,Normal,Delivered,146862.72,late
SHP01176,ORD101175,SUP023,SKU017,LOC08,LOC24,2026-01-03,2026-01-26,2026-02-02,Ocean,262,339.68,2,2.0,30,60.2,Priority,Delivered,61976.1,late
SHP01177,ORD101176,SUP017,SKU053,LOC06,LOC23,2026-04-01,2026-04-20,2026-04-19,Rail,414,24637.86,1,2.0,18,27.0,Normal,Delivered,322779.24,on_time
SHP01178,ORD101177,SUP020,SKU004,LOC12,LOC21,2025-05-10,2025-05-19,2025-05-21,Air,229,5877.71,4,1.0,11,66.2,Normal,Delivered,344324.4,late
SHP01179,ORD101178,SUP034,SKU004,LOC13,LOC18,2026-08-03,2026-08-21,2026-08-30,Ocean,348,1963.28,5,3.0,27,63.1,Priority,Delivered,523252.8,late
SHP01180,ORD101179,SUP024,SKU045,LOC13,LOC20,2026-11-14,2026-12-15,2026-12-24,Ocean,497,2853.75,5,4.0,40,57.7,Critical,Delivered,655359.11,late
SHP01181,ORD101180,SUP007,SKU001,LOC13,LOC19,2025-04-09,2025-05-10,2025-05-17,Ocean,499,9230.87,5,3.0,38,51.9,Normal,Delivered,299130.54,late
SHP01182,ORD101181,SUP016,SKU011,LOC13,LOC19,2026-07-19,2026-07-26,2026-08-03,Air,122,3104.87,8,3.0,15,51.4,Normal,Delivered,204090.14,late
SHP01183,ORD101182,SUP013,SKU060,LOC11,LOC17,2026-07-18,2026-07-26,2026-08-06,Air,360,7698.8,6,1.0,19,41.3,Normal,Delivered,553568.4,late
SHP01184,ORD101183,SUP034,SKU026,LOC04,LOC17,2026-05-27,2026-06-14,2026-06-20,Ocean,331,678.6,4,5.0,24,53.1,Normal,Delivered,47074.82,late
SHP01185,ORD101184,SUP013,SKU044,LOC13,LOC18,2025-09-13,2025-09-18,2025-09-18,Air,248,36767.29,2,0.0,5,33.7,Normal,Delivered,385778.88,on_time
SHP01186,ORD101185,SUP006,SKU030,LOC09,LOC22,2025-11-20,2025-11-27,2025-11-29,Air,17,794.33,4,0.0,9,43.5,Priority,Delivered,17807.67,late
SHP01187,ORD101186,SUP030,SKU006,LOC12,LOC22,2026-08-03,2026-08-15,2026-08-27,Air,270,13857.31,8,3.0,24,36.4,Critical,Delivered,380524.5,late
SHP01188,ORD101187,SUP018,SKU012,LOC02,LOC16,2025-04-16,2025-05-01,2025-05-11,Ocean,396,5047.13,6,2.0,25,50.6,Priority,Delivered,357374.16,late
SHP01189,ORD101188,SUP004,SKU046,LOC02,LOC20,2026-07-26,2026-08-22,2026-08-31,Ocean,323,10838.51,8,1.0,36,35.2,Priority,Delivered,92426.45,late
SHP01190,ORD101189,SUP028,SKU006,LOC09,LOC20,2026-09-28,2026-10-25,2026-11-02,Ocean,62,998.38,2,5.0,35,48.4,Priority,Delivered,87379.7,late
SHP01191,ORD101190,SUP009,SKU036,LOC07,LOC17,2026-04-16,2026-05-13,2026-05-22,Ocean,161,6632.6,3,5.0,36,46.8,Normal,Delivered,138010.81,late
SHP01192,ORD101191,SUP035,SKU021,LOC09,LOC21,2025-08-24,2025-09-15,2025-09-19,Ocean,251,5344.19,3,1.0,26,16.0,Normal,Delivered,120469.96,late
SHP01193,ORD101192,SUP034,SKU023,LOC13,LOC19,2026-01-21,2026-02-10,2026-02-19,Ocean,419,12024.82,7,5.0,29,88.2,Normal,Delivered,126341.07,late
SHP01194,ORD101193,SUP015,SKU058,LOC08,LOC25,2025-02-04,2025-02-25,2025-02-28,Ocean,319,11780.93,4,1.0,24,53.8,Normal,Delivered,451203.17,late
SHP01195,ORD101194,SUP023,SKU037,LOC05,LOC18,2026-10-05,2026-10-11,2026-10-18,Air,255,17108.82,6,2.0,13,45.2,Normal,Delivered,74023.95,late
SHP01196,ORD101195,SUP023,SKU037,LOC09,LOC16,2025-08-25,2025-09-08,2025-09-19,Ocean,305,4102.12,7,4.0,25,69.3,Priority,Delivered,88538.45,late
SHP01197,ORD101196,SUP027,SKU022,LOC11,LOC21,2025-02-09,2025-02-18,2025-02-22,Air,445,63144.33,1,4.0,13,71.6,Priority,Delivered,657745.6,late
SHP01198,ORD101197,SUP003,SKU023,LOC01,LOC16,2026-07-03,2026-07-28,2026-08-05,Ocean,391,11108.35,8,0.0,33,62.5,Normal,Delivered,117898.23,late
SHP01199,ORD101198,SUP013,SKU042,LOC08,LOC17,2026-03-30,2026-04-25,2026-05-02,Ocean,201,6785.36,7,2.0,33,41.8,Normal,Delivered,292798.71,late
SHP01200,ORD101199,SUP007,SKU003,LOC12,LOC15,2026-03-06,2026-04-02,2026-04-07,Ocean,171,2117.57,8,1.0,32,68.0,Normal,Delivered,288837.81,late
SHP01201,ORD101200,SUP028,SKU015,LOC02,LOC21,2025-02-07,2025-02-13,2025-02-22,Air,121,10456.36,7,2.0,15,48.4,Normal,Delivered,210629.54,late
SHP01202,ORD101201,SUP003,SKU037,LOC05,LOC16,2026-06-03,2026-06-17,2026-06-20,Air,152,7596.89,1,7.0,17,68.4,Priority,Delivered,44124.08,late
SHP01203,ORD101202,SUP021,SKU038,LOC05,LOC24,2026-03-16,2026-04-04,2026-04-10,Ocean,32,564.95,4,2.0,25,47.5,Priority,Delivered,14501.12,late
SHP01204,ORD101203,SUP030,SKU006,LOC05,LOC22,2026-07-02,2026-07-11,2026-07-24,Air,462,31181.6,9,5.0,22,54.6,Priority,Delivered,651119.7,late
SHP01205,ORD101204,SUP038,SKU048,LOC10,LOC18,2026-07-25,2026-08-18,2026-08-30,Ocean,318,13563.99,7,5.0,36,60.5,Normal,Delivered,155721.42,late
SHP01206,ORD101205,SUP012,SKU033,LOC02,LOC25,2025-05-27,2025-06-03,2025-06-13,Air,190,27726.63,8,2.0,17,62.0,Normal,Delivered,309540.4,late
SHP01207,ORD101206,SUP001,SKU015,LOC08,LOC23,2025-05-26,2025-06-16,2025-06-19,Ocean,210,4510.59,2,2.0,24,30.9,Normal,Delivered,365555.4,late
SHP01208,ORD101207,SUP029,SKU046,LOC11,LOC23,2026-09-30,2026-10-24,2026-10-30,Ocean,435,19964.95,5,2.0,30,71.4,Normal,Delivered,124475.25,late
SHP01209,ORD101208,SUP001,SKU060,LOC04,LOC21,2026-01-02,2026-01-27,2026-01-26,Ocean,108,715.18,0,2.0,24,36.8,Critical,Delivered,166070.52,on_time
SHP01210,ORD101209,SUP003,SKU026,LOC12,LOC21,2025-10-30,2025-11-16,2025-11-28,Rail,123,513.0,2,9.0,29,51.5,Critical,Delivered,17493.06,late
SHP01211,ORD101210,SUP040,SKU018,LOC04,LOC23,2025-07-18,2025-08-06,2025-08-15,Ocean,345,12618.83,3,8.0,28,49.2,Priority,Delivered,156381.6,late
SHP01212,ORD101211,SUP035,SKU018,LOC02,LOC18,2026-03-17,2026-03-23,2026-03-24,Air,371,53442.83,3,1.0,7,16.0,Normal,Delivered,168166.88,late
SHP01213,ORD101212,SUP029,SKU036,LOC05,LOC19,2026-06-05,2026-06-25,2026-07-01,Ocean,232,9923.17,6,1.0,26,59.6,Critical,Delivered,198872.72,late
SHP01214,ORD101213,SUP034,SKU003,LOC09,LOC24,2025-01-02,2025-02-02,2025-02-07,Ocean,274,3459.14,4,5.0,36,64.8,Normal,Delivered,462816.14,late
SHP01215,ORD101214,SUP004,SKU030,LOC04,LOC24,2026-01-17,2026-02-03,2026-02-07,Ocean,264,2796.34,4,3.0,21,19.5,Priority,Delivered,276542.64,late
SHP01216,ORD101215,SUP004,SKU002,LOC10,LOC25,2026-11-17,2026-12-07,2026-12-14,Rail,477,26023.02,7,1.0,27,48.7,Priority,Delivered,334267.29,late
SHP01217,ORD101216,SUP013,SKU003,LOC05,LOC17,2025-07-13,2025-07-19,2025-07-27,Air,27,1294.03,5,3.0,14,41.1,Normal,Delivered,45605.97,late
SHP01218,ORD101217,SUP001,SKU026,LOC03,LOC25,2025-07-13,2025-08-12,2025-08-15,Ocean,275,588.52,4,0.0,33,22.6,Normal,Delivered,39110.5,late
SHP01219,ORD101218,SUP036,SKU045,LOC02,LOC18,2026-08-29,2026-09-06,2026-09-13,Air,97,2374.25,4,3.0,15,79.6,Priority,Delivered,127907.11,late
SHP01220,ORD101219,SUP003,SKU054,LOC02,LOC18,2025-02-12,2025-03-07,2025-03-15,Ocean,45,1418.09,9,0.0,31,65.6,Priority,Delivered,28373.85,late
SHP01221,ORD101220,SUP022,SKU006,LOC12,LOC20,2025-10-02,2025-10-24,2025-11-04,Ocean,46,571.14,5,5.0,33,16.0,Normal,Delivered,64830.1,late
SHP01222,ORD101221,SUP035,SKU015,LOC07,LOC24,2025-11-13,2025-12-02,2025-12-06,Ocean,432,6751.09,1,4.0,23,16.0,Priority,Delivered,751999.68,late
SHP01223,ORD101222,SUP030,SKU026,LOC08,LOC24,2026-07-05,2026-08-01,2026-08-07,Ocean,161,253.45,2,5.0,33,45.3,Normal,Delivered,22897.42,late
SHP01224,ORD101223,SUP010,SKU035,LOC14,LOC22,2025-03-31,2025-05-02,2025-04-27,Ocean,491,2805.06,0,2.0,27,16.2,Normal,Delivered,484027.8,on_time
SHP01225,ORD101224,SUP019,SKU060,LOC10,LOC19,2025-10-27,2025-11-07,2025-11-11,Air,428,13948.49,2,3.0,15,52.1,Critical,Delivered,658131.32,late
SHP01226,ORD101225,SUP022,SKU042,LOC02,LOC22,2025-04-16,2025-05-07,2025-05-14,Ocean,247,7392.83,6,1.0,28,16.0,Priority,Delivered,359807.37,late
SHP01227,ORD101226,SUP031,SKU033,LOC06,LOC21,2026-06-28,2026-07-14,2026-07-16,Rail,366,21461.66,5,0.0,18,17.3,Normal,Delivered,596272.56,late
SHP01228,ORD101227,SUP018,SKU004,LOC02,LOC15,2026-03-13,2026-03-19,2026-03-24,Air,286,8173.59,5,2.0,11,53.4,Normal,Delivered,430029.6,late
SHP01229,ORD101228,SUP012,SKU005,LOC08,LOC15,2025-12-09,2025-12-24,2025-12-31,Rail,93,5516.2,8,0.0,22,45.4,Priority,Delivered,146926.98,late
SHP01230,ORD101229,SUP032,SKU010,LOC13,LOC23,2025-09-29,2025-10-11,2025-10-13,Air,240,46315.74,1,6.0,14,113.7,Normal,Delivered,312129.6,late
SHP01231,ORD101230,SUP036,SKU040,LOC05,LOC19,2025-04-16,2025-05-04,2025-05-15,Rail,64,1502.67,7,3.0,29,74.7,Normal,Delivered,109456.0,late
SHP01232,ORD101231,SUP020,SKU020,LOC07,LOC25,2026-09-29,2026-10-19,2026-10-26,Ocean,304,4040.01,5,0.0,27,56.5,Normal,Delivered,240895.68,late
SHP01233,ORD101232,SUP002,SKU015,LOC10,LOC25,2026-03-23,2026-04-20,2026-05-04,Ocean,429,7694.95,8,4.0,42,61.0,Normal,Delivered,746777.46,late
SHP01234,ORD101233,SUP021,SKU041,LOC07,LOC24,2025-08-09,2025-09-06,2025-09-19,Ocean,288,3596.58,9,2.0,41,69.3,Normal,Delivered,283590.72,late
SHP01235,ORD101234,SUP036,SKU049,LOC10,LOC22,2025-10-13,2025-10-28,2025-11-07,Rail,145,8255.7,5,4.0,25,75.5,Normal,Delivered,50114.9,late
SHP01236,ORD101235,SUP040,SKU027,LOC08,LOC25,2026-05-17,2026-06-02,2026-06-10,Ocean,34,966.03,1,3.0,24,59.9,Normal,Delivered,42148.1,late
SHP01237,ORD101236,SUP017,SKU053,LOC07,LOC19,2026-05-12,2026-06-01,2026-06-11,Ocean,412,10571.86,7,4.0,30,27.0,Normal,Delivered,321219.92,late
SHP01238,ORD101237,SUP007,SKU045,LOC03,LOC24,2025-11-15,2025-11-21,2025-11-26,Air,164,3797.56,2,3.0,11,57.5,Normal,Delivered,216255.32,late
SHP01239,ORD101238,SUP023,SKU043,LOC13,LOC20,2025-07-29,2025-08-25,2025-09-03,Ocean,84,1086.48,8,1.0,36,51.4,Normal,Delivered,112118.16,late
SHP01240,ORD101239,SUP034,SKU053,LOC14,LOC17,2026-04-01,2026-04-18,2026-04-26,Rail,158,10640.7,2,4.0,25,58.9,Normal,Delivered,123186.28,late
SHP01241,ORD101240,SUP038,SKU012,LOC05,LOC17,2026-03-31,2026-04-24,2026-05-05,Ocean,298,4171.03,8,3.0,35,63.1,Normal,Delivered,268933.08,late
SHP01242,ORD101241,SUP003,SKU046,LOC05,LOC20,2026-02-18,2026-03-18,2026-03-24,Ocean,218,9580.88,5,2.0,34,68.7,Normal,Delivered,62380.7,late
SHP01243,ORD101242,SUP012,SKU058,LOC08,LOC15,2025-02-20,2025-02-25,2025-03-09,Air,12,2346.84,7,5.0,17,53.9,Normal,Delivered,16973.16,late
SHP01244,ORD101243,SUP020,SKU060,LOC04,LOC17,2025-11-23,2025-12-12,2025-12-13,Ocean,410,2531.97,1,2.0,20,71.4,Normal,Delivered,630452.9,late
SHP01245,ORD101244,SUP004,SKU035,LOC07,LOC19,2026-02-28,2026-03-23,2026-04-04,Ocean,458,2767.96,8,3.0,35,16.6,Normal,Delivered,451496.4,late
SHP01246,ORD101245,SUP036,SKU046,LOC07,LOC25,2026-10-18,2026-11-07,2026-11-15,Ocean,166,6153.0,4,0.0,28,69.6,Normal,Delivered,47500.9,late
SHP01247,ORD101246,SUP005,SKU054,LOC10,LOC17,2025-12-29,2026-01-26,2026-02-04,Ocean,478,11631.55,6,4.0,37,36.6,Normal,Delivered,301393.34,late
SHP01248,ORD101247,SUP027,SKU052,LOC03,LOC24,2025-08-25,2025-09-02,2025-09-10,Air,192,30758.78,6,3.0,16,48.6,Normal,Delivered,48984.96,late
SHP01249,ORD101248,SUP037,SKU054,LOC01,LOC24,2026-01-19,2026-01-31,2026-02-08,Rail,134,8061.45,7,3.0,20,38.6,Priority,Delivered,84491.02,late
SHP01250,ORD101249,SUP028,SKU050,LOC04,LOC21,2025-05-03,2025-06-01,2025-06-06,Ocean,171,4302.32,6,3.0,34,52.6,Normal,Delivered,147538.8,late
SHP01251,ORD101250,SUP031,SKU023,LOC11,LOC17,2025-03-04,2025-03-25,2025-03-27,Ocean,154,3639.13,1,0.0,23,6.8,Normal,Delivered,46435.62,late
SHP01252,ORD101251,SUP011,SKU044,LOC14,LOC15,2026-04-13,2026-05-13,2026-05-24,Ocean,453,16291.17,7,5.0,41,39.3,Normal,Delivered,704668.68,late
SHP01253,ORD101252,SUP034,SKU025,LOC13,LOC22,2026-11-12,2026-11-27,2026-12-06,Rail,100,2714.01,3,5.0,24,85.2,Normal,Delivered,31459.0,late
SHP01254,ORD101253,SUP017,SKU049,LOC11,LOC15,2026-08-07,2026-08-20,2026-08-28,Air,342,44421.88,10,4.0,21,27.0,Normal,Delivered,118202.04,late
SHP01255,ORD101254,SUP003,SKU049,LOC07,LOC24,2026-02-07,2026-02-23,2026-03-03,Ocean,195,4228.46,6,0.0,24,63.8,Normal,Delivered,67395.9,late
SHP01256,ORD101255,SUP015,SKU057,LOC06,LOC23,2025-01-28,2025-02-18,2025-02-27,Ocean,101,1953.29,5,5.0,30,59.2,Normal,Delivered,133885.6,late
SHP01257,ORD101256,SUP014,SKU036,LOC11,LOC18,2026-11-13,2026-11-28,2026-11-29,Rail,168,14934.51,3,0.0,16,35.5,Normal,Delivered,144011.28,late
SHP01258,ORD101257,SUP021,SKU029,LOC05,LOC17,2025-11-07,2025-11-28,2025-12-04,Rail,362,1701.41,4,7.0,27,68.7,Priority,Delivered,131597.86,late
SHP01259,ORD101258,SUP011,SKU010,LOC12,LOC20,2025-07-19,2025-08-21,2025-08-21,Ocean,144,5797.33,2,2.0,33,34.7,Normal,Delivered,187277.76,on_time
SHP01260,ORD101259,SUP019,SKU039,LOC04,LOC23,2026-09-08,2026-09-12,2026-09-17,Air,288,15972.99,5,0.0,9,56.2,Normal,Delivered,204756.48,late
SHP01261,ORD101260,SUP018,SKU034,LOC08,LOC16,2026-05-31,2026-06-27,2026-06-28,Ocean,325,10394.43,2,2.0,28,48.9,Normal,Delivered,459218.5,late
SHP01262,ORD101261,SUP014,SKU031,LOC06,LOC24,2026-06-02,2026-06-19,2026-06-27,Ocean,80,1455.08,5,2.0,25,36.6,Normal,Delivered,77135.2,late
SHP01263,ORD101262,SUP028,SKU041,LOC07,LOC25,2025-07-11,2025-07-18,2025-07-27,Air,152,10427.75,8,2.0,16,67.4,Normal,Delivered,149672.88,late
SHP01264,ORD101263,SUP013,SKU052,LOC01,LOC24,2026-11-16,2026-12-09,2026-12-10,Ocean,175,6162.6,3,0.0,24,41.3,Critical,Delivered,44647.75,late
SHP01265,ORD101264,SUP031,SKU009,LOC04,LOC21,2025-11-09,2025-12-11,2025-12-10,Ocean,470,11288.37,0,0.0,31,9.1,Normal,Delivered,500484.2,on_time
SHP01266,ORD101265,SUP011,SKU026,LOC14,LOC25,2026-01-02,2026-01-18,2026-01-21,Rail,485,1902.53,0,2.0,19,44.3,Normal,Delivered,68976.7,late
SHP01267,ORD101266,SUP035,SKU044,LOC10,LOC22,2026-06-03,2026-06-16,2026-06-21,Rail,199,9632.56,5,0.0,18,16.0,Normal,Delivered,309556.44,late
SHP01268,ORD101267,SUP015,SKU050,LOC02,LOC25,2026-04-01,2026-04-24,2026-04-29,Ocean,453,12443.05,1,4.0,28,46.1,Normal,Delivered,390848.4,late
SHP01269,ORD101268,SUP002,SKU047,LOC08,LOC22,2025-04-29,2025-05-07,2025-05-15,Air,436,45420.35,3,4.0,16,48.5,Normal,Delivered,618470.36,late
SHP01270,ORD101269,SUP006,SKU048,LOC11,LOC18,2025-07-28,2025-08-08,2025-08-08,Air,118,18759.29,2,0.0,11,32.6,Normal,Delivered,57783.42,on_time
SHP01271,ORD101270,SUP033,SKU052,LOC11,LOC19,2025-09-07,2025-09-23,2025-09-27,Ocean,175,7464.11,3,3.0,20,57.5,Normal,Delivered,44647.75,late
SHP01272,ORD101271,SUP035,SKU058,LOC07,LOC23,2026-10-16,2026-11-02,2026-11-06,Rail,223,20845.64,5,3.0,21,16.0,Priority,Delivered,315417.89,late
SHP01273,ORD101272,SUP009,SKU037,LOC07,LOC22,2026-05-09,2026-05-19,2026-05-14,Air,79,4217.21,0,1.0,5,34.9,Priority,Delivered,22932.91,on_time
SHP01274,ORD101273,SUP025,SKU015,LOC12,LOC20,2025-09-10,2025-10-02,2025-10-13,Ocean,226,3687.39,7,5.0,33,47.2,Normal,Delivered,393407.24,late
SHP01275,ORD101274,SUP023,SKU034,LOC05,LOC18,2026-05-22,2026-06-25,2026-07-05,Ocean,442,14188.73,10,5.0,44,53.6,Normal,Delivered,624537.16,late
SHP01276,ORD101275,SUP006,SKU043,LOC05,LOC19,2026-05-25,2026-06-01,2026-06-08,Air,96,5628.64,4,2.0,14,34.3,Normal,Delivered,128135.04,late
SHP01277,ORD101276,SUP019,SKU007,LOC11,LOC24,2025-09-30,2025-10-16,2025-10-19,Rail,441,6427.64,2,1.0,19,61.5,Normal,Delivered,30631.86,late
SHP01278,ORD101277,SUP028,SKU046,LOC09,LOC24,2025-10-06,2025-10-28,2025-10-28,Ocean,153,4920.21,4,1.0,22,55.8,Normal,Delivered,43780.95,on_time
SHP01279,ORD101278,SUP039,SKU033,LOC07,LOC20,2026-09-10,2026-10-07,2026-10-10,Ocean,413,15871.97,6,2.0,30,29.4,Normal,Delivered,672843.08,late
SHP01280,ORD101279,SUP034,SKU057,LOC10,LOC15,2026-01-23,2026-01-28,2026-02-04,Air,121,10041.95,3,4.0,12,75.3,Normal,Delivered,160397.6,late
SHP01281,ORD101280,SUP004,SKU013,LOC06,LOC19,2025-04-14,2025-05-04,2025-05-04,Ocean,343,3793.19,1,1.0,20,42.2,Priority,Delivered,572137.72,on_time
SHP01282,ORD101281,SUP010,SKU055,LOC14,LOC16,2026-05-12,2026-06-02,2026-06-07,Ocean,248,2769.05,3,1.0,26,30.8,Normal,Delivered,169671.68,late
SHP01283,ORD101282,SUP018,SKU027,LOC09,LOC22,2026-02-11,2026-03-04,2026-03-12,Rail,164,9163.98,6,4.0,29,41.6,Priority,Delivered,203302.6,late
SHP01284,ORD101283,SUP007,SKU035,LOC06,LOC16,2025-12-18,2026-01-02,2026-01-05,Air,183,5294.09,5,4.0,18,68.3,Normal,Delivered,180401.4,late
SHP01285,ORD101284,SUP023,SKU040,LOC08,LOC16,2026-05-16,2026-06-03,2026-06-17,Rail,346,7409.26,5,6.0,32,69.2,Normal,Delivered,591746.5,late
SHP01286,ORD101285,SUP001,SKU035,LOC11,LOC20,2026-09-18,2026-09-25,2026-10-02,Air,135,4206.11,0,7.0,14,27.4,Normal,Delivered,133083.0,late
SHP01287,ORD101286,SUP005,SKU055,LOC13,LOC25,2025-08-17,2025-09-03,2025-09-12,Ocean,411,4053.16,3,6.0,26,33.2,Normal,Delivered,281189.76,late
SHP01288,ORD101287,SUP002,SKU011,LOC06,LOC24,2025-10-17,2025-11-04,2025-11-17,Rail,425,4804.12,6,5.0,31,41.9,Normal,Delivered,710969.75,late
SHP01289,ORD101288,SUP012,SKU044,LOC07,LOC19,2025-05-11,2025-05-29,2025-06-04,Ocean,381,11821.59,5,3.0,24,44.3,Critical,Delivered,592668.36,late
SHP01290,ORD101289,SUP031,SKU059,LOC05,LOC23,2026-03-23,2026-04-09,2026-04-18,Ocean,214,8299.82,6,2.0,26,21.0,Priority,Delivered,279199.38,late
SHP01291,ORD101290,SUP008,SKU014,LOC01,LOC20,2025-10-05,2025-10-26,2025-10-30,Rail,452,23727.75,6,,25,22.3,Normal,Delivered,523248.76,late
SHP01292,ORD101291,SUP040,SKU016,LOC14,LOC22,2025-08-25,2025-09-05,2025-09-08,Air,296,55327.44,6,0.0,14,59.4,Normal,Delivered,431168.4,late
SHP01293,ORD101292,SUP011,SKU029,LOC09,LOC22,2026-04-26,2026-05-14,2026-05-20,Rail,434,2103.02,2,2.0,24,59.0,Normal,Delivered,157772.02,late
SHP01294,ORD101293,SUP002,SKU044,LOC10,LOC25,2025-10-09,2025-11-03,2025-11-10,Ocean,460,15868.89,4,4.0,32,54.8,Priority,Delivered,715557.6,late
SHP01295,ORD101294,SUP014,SKU058,LOC04,LOC19,2025-11-17,2025-11-30,2025-12-03,Rail,436,32048.82,4,1.0,16,45.3,Priority,Delivered,616691.48,late
SHP01296,ORD101295,SUP030,SKU048,LOC01,LOC20,2025-10-31,2025-11-13,2025-11-16,Air,310,66994.21,0,5.0,16,52.3,Normal,Delivered,151803.9,late
SHP01297,ORD101296,SUP005,SKU048,LOC09,LOC19,2025-06-28,2025-07-07,2025-07-13,Air,319,48048.66,8,1.0,15,54.4,Critical,Delivered,156211.11,late
SHP01298,ORD101297,SUP003,SKU027,LOC06,LOC25,2025-03-28,2025-04-12,2025-04-21,Rail,92,4121.74,5,6.0,24,59.0,Normal,Delivered,114047.8,late
SHP01299,ORD101298,SUP034,SKU039,LOC09,LOC18,2026-07-25,2026-08-15,2026-08-29,Ocean,427,5110.28,6,7.0,35,71.0,Normal,Delivered,303579.92,late
SHP01300,ORD101299,SUP024,SKU013,LOC03,LOC24,2025-03-05,2025-03-10,2025-03-15,Air,109,5360.89,4,3.0,10,55.9,Normal,Delivered,181816.36,late
SHP01301,ORD101300,SUP014,SKU028,LOC09,LOC19,2025-08-13,2025-08-24,2025-09-02,Air,38,2804.88,4,4.0,20,35.7,Normal,Delivered,35356.72,late
SHP01302,ORD101301,SUP031,SKU012,LOC02,LOC16,2026-04-06,2026-04-16,2026-04-22,Air,49,3710.3,5,2.0,16,15.0,Normal,Delivered,44220.54,late
SHP01303,ORD101302,SUP034,SKU002,LOC09,LOC17,2025-04-01,2025-04-17,2025-04-22,Rail,478,32493.19,2,4.0,21,68.4,Normal,Delivered,334968.06,late
SHP01304,ORD101303,SUP015,SKU052,LOC03,LOC16,2026-03-29,2026-04-09,2026-04-11,Air,197,36542.09,2,4.0,13,51.3,Priority,Delivered,50260.61,late
SHP01305,ORD101304,SUP023,SKU049,LOC06,LOC23,2026-05-21,2026-06-19,2026-06-24,Ocean,229,6960.53,6,2.0,34,54.8,Normal,Delivered,79146.98,late
SHP01306,ORD101305,SUP001,SKU031,LOC11,LOC15,2026-04-03,2026-04-24,2026-04-30,Ocean,133,2297.88,7,2.0,27,28.2,Priority,Delivered,128237.27,late
SHP01307,ORD101306,SUP013,SKU001,LOC03,LOC15,2025-07-30,2025-08-16,2025-08-29,Rail,130,5260.12,7,3.0,30,59.0,Normal,Delivered,77929.8,late
SHP01308,ORD101307,SUP024,SKU006,LOC11,LOC23,2025-01-14,2025-01-26,2025-02-03,Rail,37,935.1,4,2.0,20,65.4,Normal,Delivered,52145.95,late
SHP01309,ORD101308,SUP008,SKU007,LOC04,LOC19,2026-09-05,2026-09-24,2026-09-27,Rail,100,1677.4,5,0.0,22,37.3,Normal,Delivered,6946.0,late
SHP01310,ORD101309,SUP040,SKU044,LOC12,LOC20,2025-08-14,2025-09-01,2025-09-05,Ocean,235,7254.0,3,3.0,22,64.0,Priority,Delivered,365556.6,late
SHP01311,ORD101310,SUP039,SKU013,LOC04,LOC20,2026-07-10,2026-08-02,2026-08-13,Ocean,428,5270.17,11,0.0,34,31.9,Priority,Delivered,713921.12,late
SHP01312,ORD101311,SUP011,SKU016,LOC07,LOC15,2025-05-17,2025-05-27,2025-06-04,Air,315,60632.0,7,4.0,18,36.7,Normal,Delivered,458844.75,late
SHP01313,ORD101312,SUP016,SKU052,LOC09,LOC20,2025-04-23,2025-04-29,2025-05-05,Air,296,44956.95,8,1.0,12,42.3,Normal,Delivered,75518.48,late
SHP01314,ORD101313,SUP008,SKU053,LOC05,LOC23,2026-06-21,2026-07-12,2026-07-15,Ocean,415,11924.42,5,3.0,24,43.8,Priority,Delivered,323558.9,late
SHP01315,ORD101314,SUP021,SKU046,LOC09,LOC21,2026-10-11,2026-10-18,2026-11-03,Air,402,86457.32,11,7.0,23,55.2,Normal,Delivered,115032.3,late
SHP01316,ORD101315,SUP005,SKU019,LOC08,LOC19,2026-08-17,2026-09-16,2026-09-23,Ocean,433,18266.49,5,2.0,37,53.3,Normal,Delivered,477793.85,late
SHP01317,ORD101316,SUP016,SKU035,LOC12,LOC15,2026-06-03,2026-07-03,2026-07-11,Ocean,90,584.41,6,0.0,38,31.1,Normal,Delivered,88722.0,late
SHP01318,ORD101317,SUP023,SKU013,LOC08,LOC22,2025-06-20,2025-07-20,2025-07-23,Ocean,457,6106.36,5,1.0,33,54.0,Normal,Delivered,762294.28,late
SHP01319,ORD101318,SUP025,SKU052,LOC12,LOC18,2026-09-23,2026-10-22,2026-10-30,Ocean,364,17621.01,8,4.0,37,40.3,Priority,Delivered,92867.32,late
SHP01320,ORD101319,SUP024,SKU006,LOC08,LOC23,2026-04-06,2026-05-09,2026-05-18,Ocean,478,6323.63,7,4.0,42,58.1,Critical,Delivered,673669.3,late
SHP01321,ORD101320,SUP009,SKU045,LOC12,LOC17,2025-04-29,2025-05-09,2025-05-20,Rail,290,3397.84,5,3.0,21,28.2,Priority,Delivered,382402.7,late
SHP01322,ORD101321,SUP032,SKU031,LOC09,LOC23,2025-03-31,2025-04-10,2025-04-13,Air,115,10589.67,6,1.0,13,116.4,Normal,Delivered,110881.85,late
SHP01323,ORD101322,SUP028,SKU046,LOC13,LOC24,2026-08-25,2026-09-10,2026-09-13,Rail,422,30972.39,2,4.0,19,49.2,Normal,Delivered,120755.3,late
SHP01324,ORD101323,SUP031,SKU028,LOC12,LOC20,2025-07-09,2025-08-06,2025-08-06,Ocean,483,6010.33,5,0.0,28,17.1,Priority,Delivered,449402.52,on_time
SHP01325,ORD101324,SUP019,SKU010,LOC11,LOC19,2026-06-13,2026-07-07,2026-07-13,Ocean,201,6448.68,8,0.0,30,65.6,Normal,Delivered,261408.54,late
SHP01326,ORD101325,SUP036,SKU046,LOC08,LOC16,2025-04-06,2025-05-07,2025-05-22,Ocean,263,11966.93,7,5.0,46,80.8,Normal,Delivered,75257.45,late
SHP01327,ORD101326,SUP016,SKU038,LOC14,LOC16,2025-07-13,2025-07-19,2025-07-16,Air,352,30535.2,0,0.0,3,42.1,Normal,Delivered,159512.32,on_time
SHP01328,ORD101327,SUP033,SKU028,LOC08,LOC24,2025-07-15,2025-08-11,2025-08-16,Ocean,335,5822.61,8,0.0,32,56.1,Normal,Delivered,311697.4,late
SHP01329,ORD101328,SUP009,SKU023,LOC12,LOC18,2025-07-13,2025-07-17,2025-07-20,Air,330,44100.67,3,0.0,7,37.7,Normal,Delivered,99504.9,late
SHP01330,ORD101329,SUP010,SKU021,LOC08,LOC22,2026-04-11,2026-04-19,2026-04-21,Air,52,3944.17,4,1.0,10,24.0,Normal,Delivered,24957.92,late
SHP01331,ORD101330,SUP022,SKU029,LOC12,LOC19,2026-09-23,2026-10-08,2026-10-17,Rail,31,205.88,1,3.0,24,16.0,Priority,Delivered,11269.43,late
SHP01332,ORD101331,SUP023,SKU016,LOC13,LOC20,2026-09-21,2026-10-16,2026-10-21,Ocean,393,18591.82,3,2.0,30,48.0,Normal,Delivered,572463.45,late
SHP01333,ORD101332,SUP030,SKU017,LOC08,LOC18,2026-05-27,2026-06-26,2026-06-30,Ocean,42,62.5,7,0.0,34,28.3,Normal,Delivered,9935.1,late
SHP01334,ORD101333,SUP012,SKU017,LOC10,LOC20,2025-05-20,2025-06-18,2025-07-07,Ocean,440,784.01,10,5.0,48,54.3,Normal,Delivered,104082.0,late
SHP01335,ORD101334,SUP035,SKU001,LOC10,LOC18,2026-10-25,2026-11-22,2026-11-28,Ocean,376,10097.89,6,3.0,34,16.0,Normal,Delivered,225396.96,late
SHP01336,ORD101335,SUP014,SKU056,LOC12,LOC23,2026-01-10,2026-01-19,2026-01-17,Air,86,3008.25,3,0.0,7,17.9,Priority,Delivered,26174.96,on_time
SHP01337,ORD101336,SUP022,SKU015,LOC12,LOC20,2026-01-12,2026-02-03,2026-02-07,Ocean,270,5316.99,2,3.0,26,16.0,Priority,Delivered,469999.8,late
SHP01338,ORD101337,SUP038,SKU010,LOC03,LOC25,2026-04-29,2026-05-08,2026-05-13,Air,56,7901.08,7,2.0,14,77.9,Critical,Delivered,72830.24,late
SHP01339,ORD101338,SUP022,SKU010,LOC09,LOC20,2026-06-15,2026-07-15,2026-07-17,Ocean,164,4480.71,3,4.0,32,16.0,Priority,Delivered,213288.56,late
SHP01340,ORD101339,SUP028,SKU060,LOC01,LOC25,2026-10-20,2026-11-04,2026-11-07,Rail,303,3311.95,4,0.0,18,57.5,Normal,Delivered,465920.07,late
SHP01341,ORD101340,SUP037,SKU029,LOC11,LOC19,2026-02-06,2026-02-22,2026-03-01,Rail,469,2608.54,4,3.0,23,33.1,Critical,Delivered,170495.57,late
SHP01342,ORD101341,SUP039,SKU020,LOC06,LOC22,2026-02-25,2026-03-20,2026-03-23,Ocean,466,8924.95,5,1.0,26,23.7,Critical,Delivered,369267.72,late
SHP01343,ORD101342,SUP020,SKU025,LOC04,LOC19,2026-05-30,2026-06-15,2026-06-20,Rail,437,9187.23,4,1.0,21,60.7,Critical,Delivered,137475.83,late
SHP01344,ORD101343,SUP017,SKU006,LOC02,LOC19,2025-06-26,2025-07-21,2025-07-20,Ocean,140,2085.27,0,0.0,24,27.0,Critical,Delivered,197309.0,on_time
SHP01345,ORD101344,SUP008,SKU019,LOC04,LOC22,2025-08-01,2025-08-07,2025-08-13,Air,401,73396.91,4,5.0,12,42.5,Priority,Delivered,442483.45,late
SHP01346,ORD101345,SUP022,SKU015,LOC03,LOC16,2026-03-08,2026-03-21,2026-03-29,Rail,247,11175.99,8,2.0,21,16.0,Priority,Delivered,429962.78,late
SHP01347,ORD101346,SUP037,SKU049,LOC04,LOC21,2025-02-14,2025-02-25,2025-03-06,Air,492,71032.55,3,6.0,20,21.0,Normal,Delivered,170045.04,late
SHP01348,ORD101347,SUP020,SKU004,LOC01,LOC16,2025-08-10,2025-08-21,2025-08-29,Air,450,14317.79,5,2.0,19,74.4,Priority,Delivered,676620.0,late
SHP01349,ORD101348,SUP014,SKU026,LOC09,LOC23,2026-05-11,2026-05-29,2026-06-03,Ocean,138,253.28,6,1.0,23,23.8,Priority,Delivered,19626.36,late
SHP01350,ORD101349,SUP005,SKU048,LOC07,LOC18,2026-11-05,2026-11-10,2026-11-09,Air,292,48705.85,1,0.0,4,34.8,Normal,Delivered,142989.48,on_time
SHP01351,ORD101350,SUP016,SKU051,LOC06,LOC16,2025-12-25,2026-01-04,2026-01-04,Air,288,49773.37,3,2.0,10,40.9,Normal,Delivered,261714.24,on_time
SHP01352,ORD101351,SUP010,SKU031,LOC02,LOC25,2025-10-03,2025-11-01,2025-11-01,Ocean,499,8783.31,2,0.0,29,31.9,Normal,Delivered,481130.81,on_time
SHP01353,ORD101352,SUP040,SKU014,LOC14,LOC24,2025-10-31,2025-11-30,2025-12-04,Ocean,455,11906.17,3,2.0,34,54.0,Normal,Delivered,526721.65,late
SHP01354,ORD101353,SUP022,SKU021,LOC11,LOC25,2026-04-18,2026-04-22,2026-04-30,Air,305,26262.46,6,2.0,12,16.0,Normal,Delivered,146387.8,late
SHP01355,ORD101354,SUP006,SKU014,LOC10,LOC25,2026-01-11,2026-01-17,2026-01-22,Air,252,32828.19,3,4.0,11,43.6,Normal,Delivered,291722.76,late
SHP01356,ORD101355,SUP003,SKU040,LOC14,LOC18,2025-01-17,2025-02-06,2025-02-12,Ocean,332,3783.65,4,5.0,26,66.5,Priority,Delivered,567803.0,late
SHP01357,ORD101356,SUP035,SKU018,LOC09,LOC15,2026-01-08,2026-01-23,2026-01-26,Rail,326,18933.71,2,1.0,18,16.0,Priority,Delivered,147769.28,late
SHP01358,ORD101357,SUP038,SKU038,LOC09,LOC18,2025-10-04,2025-10-11,2025-10-23,Air,64,6581.29,8,5.0,19,62.0,Normal,Delivered,29002.24,late
SHP01359,ORD101358,SUP031,SKU040,LOC11,LOC20,2026-04-29,2026-05-16,2026-05-20,Ocean,284,3333.37,4,2.0,21,27.6,Priority,Delivered,485711.0,late
SHP01360,ORD101359,SUP005,SKU057,LOC01,LOC21,2026-08-27,2026-09-11,2026-09-26,Ocean,335,6150.78,8,7.0,30,64.7,Normal,Delivered,444076.0,late
SHP01361,ORD101360,SUP004,SKU023,LOC02,LOC20,2026-10-27,2026-11-06,2026-11-15,Air,251,23439.97,7,4.0,19,31.7,Normal,Delivered,75684.03,late
SHP01362,ORD101361,SUP008,SKU058,LOC03,LOC15,2026-02-26,2026-03-04,2026-03-09,Air,125,24960.51,5,0.0,11,26.4,Normal,Delivered,176803.75,late
SHP01363,ORD101362,SUP031,SKU025,LOC08,LOC21,2025-09-08,2025-10-08,2025-10-07,Ocean,202,2505.05,2,0.0,29,19.5,Normal,Delivered,63547.18,on_time
SHP01364,ORD101363,SUP031,SKU041,LOC06,LOC23,2025-11-03,2025-11-18,2025-11-20,Ocean,319,3914.08,2,0.0,17,20.7,Priority,Delivered,314116.11,late
SHP01365,ORD101364,SUP034,SKU040,LOC09,LOC23,2025-05-02,2025-05-12,2025-05-22,Air,239,13119.45,5,2.0,20,80.9,Critical,Delivered,408749.75,late
SHP01366,ORD101365,SUP004,SKU050,LOC13,LOC25,2026-10-08,2026-10-17,2026-10-21,Air,440,40483.51,5,1.0,13,28.6,Critical,Delivered,379632.0,late
SHP01367,ORD101366,SUP007,SKU029,LOC04,LOC20,2026-08-08,2026-08-21,2026-08-28,Rail,142,904.41,6,2.0,20,54.4,Normal,Delivered,51621.26,late
SHP01368,ORD101367,SUP037,SKU048,LOC07,LOC25,2026-08-13,2026-08-31,2026-09-04,Ocean,369,12175.02,7,0.0,22,32.1,Normal,Delivered,180695.61,late
SHP01369,ORD101368,SUP038,SKU022,LOC14,LOC25,2025-08-15,2025-08-26,2025-09-04,Air,495,82615.43,7,0.0,20,58.5,Priority,Delivered,731649.6,late
SHP01370,ORD101369,SUP030,SKU030,LOC07,LOC17,2025-08-11,2025-09-04,2025-09-16,Ocean,193,1828.64,5,6.0,36,41.4,Normal,Delivered,202169.43,late
SHP01371,ORD101370,SUP005,SKU030,LOC06,LOC18,2026-08-15,2026-09-15,2026-09-22,Ocean,192,1960.88,5,4.0,38,62.3,Priority,Delivered,201121.92,late
SHP01372,ORD101371,SUP003,SKU043,LOC09,LOC21,2026-01-11,2026-01-17,2026-01-30,Air,373,24725.45,8,3.0,19,61.6,Priority,Delivered,497858.02,late
SHP01373,ORD101372,SUP003,SKU038,LOC06,LOC22,2026-05-02,2026-05-14,2026-05-17,Air,444,34045.69,7,0.0,15,49.5,Normal,Delivered,201203.04,late
SHP01374,ORD101373,SUP028,SKU005,LOC01,LOC23,2025-12-04,2025-12-20,2025-12-23,Ocean,211,4470.42,5,0.0,19,55.0,Normal,Delivered,333350.46,late
SHP01375,ORD101374,SUP034,SKU049,LOC07,LOC16,2025-11-02,2025-11-11,2025-11-17,Air,378,54096.06,7,1.0,15,71.8,Priority,Delivered,130644.36,late
SHP01376,ORD101375,SUP026,SKU046,LOC05,LOC21,2026-03-13,2026-04-02,2026-04-04,Ocean,274,12543.33,4,0.0,22,31.9,Normal,Delivered,78405.1,late
SHP01377,ORD101376,SUP011,SKU007,LOC13,LOC21,2026-07-15,2026-08-11,2026-08-12,Ocean,146,1012.78,2,0.0,28,39.7,Priority,Delivered,10141.16,late
SHP01378,ORD101377,SUP031,SKU058,LOC06,LOC24,2025-08-19,2025-09-14,2025-09-21,Ocean,89,4147.65,5,2.0,33,11.3,Normal,Delivered,125884.27,late
SHP01379,ORD101378,SUP003,SKU040,LOC05,LOC24,2026-07-13,2026-08-06,2026-08-15,Ocean,66,804.66,5,3.0,33,64.4,Normal,Delivered,112876.5,late
SHP01380,ORD101379,SUP034,SKU006,LOC12,LOC23,2025-06-18,2025-06-28,2025-07-09,Air,137,8891.77,8,3.0,21,79.4,Normal,Delivered,193080.95,late
SHP01381,ORD101380,SUP036,SKU030,LOC13,LOC16,2025-10-05,2025-10-23,2025-11-03,Rail,234,4626.57,6,5.0,29,77.5,Normal,Delivered,245117.34,late
SHP01382,ORD101381,SUP029,SKU051,LOC09,LOC21,2026-09-22,2026-10-01,2026-10-04,Air,230,38347.13,4,1.0,12,64.0,Normal,Delivered,209007.9,late
SHP01383,ORD101382,SUP036,SKU017,LOC14,LOC25,2026-10-21,2026-11-20,2026-11-27,Ocean,127,207.21,5,3.0,37,79.6,Priority,Delivered,30041.85,late
SHP01384,ORD101383,SUP024,SKU056,LOC12,LOC23,2026-09-30,2026-10-24,2026-11-01,Ocean,220,1736.59,4,2.0,32,61.8,Normal,Delivered,66959.2,late
SHP01385,ORD101384,SUP019,SKU026,LOC11,LOC23,2025-08-07,2025-09-01,2025-09-13,Ocean,65,111.46,9,5.0,37,53.9,Normal,Delivered,9244.3,late
SHP01386,ORD101385,SUP013,SKU014,LOC08,LOC20,2026-08-05,2026-08-16,2026-08-22,Air,309,30294.25,5,3.0,17,39.4,Normal,Delivered,357707.67,late
SHP01387,ORD101386,SUP037,SKU022,LOC14,LOC16,2026-10-08,2026-11-02,2026-11-01,Ocean,499,13229.12,1,1.0,24,41.6,Normal,Delivered,737561.92,on_time
SHP01388,ORD101387,SUP028,SKU032,LOC08,LOC15,2026-11-06,2026-12-06,2026-12-07,Ocean,379,15977.61,4,0.0,31,58.3,Normal,Delivered,51616.01,late
SHP01389,ORD101388,SUP008,SKU042,LOC03,LOC20,2025-01-15,2025-01-21,2025-01-26,Air,18,1928.5,6,0.0,11,20.4,Priority,Delivered,26220.78,late
SHP01390,ORD101389,SUP039,SKU056,LOC01,LOC17,2026-05-30,2026-06-06,2026-06-13,Air,237,8038.08,4,1.0,14,46.5,Normal,Delivered,72133.32,late
SHP01391,ORD101390,SUP003,SKU012,LOC06,LOC25,2026-11-19,2026-12-10,2026-12-17,Ocean,309,4274.99,5,2.0,28,68.5,Normal,Delivered,278860.14,late
SHP01392,ORD101391,SUP024,SKU058,LOC04,LOC21,2026-06-12,2026-07-05,2026-07-13,Ocean,354,11347.64,4,2.0,31,47.0,Normal,Delivered,500708.22,late
SHP01393,ORD101392,SUP008,SKU032,LOC03,LOC23,2025-06-10,2025-06-17,2025-06-18,Air,384,75987.51,3,0.0,8,28.6,Normal,Delivered,52296.96,late
SHP01394,ORD101393,SUP027,SKU008,LOC08,LOC20,2026-06-11,2026-07-07,2026-07-21,Ocean,25,154.89,9,2.0,40,55.2,Normal,Delivered,30857.25,late
SHP01395,ORD101394,SUP017,SKU056,LOC12,LOC21,2025-03-14,2025-04-09,2025-04-13,Ocean,215,1532.56,5,3.0,30,27.0,Critical,Delivered,65437.4,late
SHP01396,ORD101395,SUP018,SKU021,LOC05,LOC21,2025-11-28,2025-12-11,2025-12-21,Rail,136,5218.08,5,5.0,23,51.3,Normal,Delivered,65274.56,late
SHP01397,ORD101396,SUP027,SKU038,LOC08,LOC19,2026-03-09,2026-04-08,2026-04-18,Ocean,97,1786.46,3,3.0,40,47.9,Normal,Delivered,43956.52,late
SHP01398,ORD101397,SUP031,SKU042,LOC04,LOC24,2025-11-11,2025-12-10,2025-12-13,Ocean,148,4010.74,1,3.0,32,28.4,Normal,Delivered,215593.08,late
SHP01399,ORD101398,SUP016,SKU001,LOC08,LOC16,2026-04-28,2026-05-20,2026-05-27,Ocean,416,10636.26,7,1.0,29,36.2,Normal,Delivered,249375.36,late
SHP01400,ORD101399,SUP040,SKU014,LOC06,LOC22,2025-06-15,2025-07-08,2025-07-11,Ocean,276,7097.43,5,0.0,26,50.0,Normal,Delivered,319505.88,late
SHP01401,ORD101400,SUP020,SKU042,LOC11,LOC17,2026-02-23,2026-03-15,2026-03-27,Ocean,159,4699.33,10,3.0,32,65.1,Normal,Delivered,231616.89,late
SHP01402,ORD101401,SUP007,SKU020,LOC07,LOC22,2026-03-21,2026-04-11,2026-04-17,Ocean,169,3249.97,6,2.0,27,69.7,Normal,Delivered,133918.98,late
SHP01403,ORD101402,SUP001,SKU001,LOC12,LOC23,2026-03-14,2026-03-31,2026-04-09,Ocean,473,10409.86,5,4.0,26,34.8,Priority,Delivered,283544.58,late
SHP01404,ORD101403,SUP009,SKU002,LOC14,LOC20,2025-07-19,2025-08-06,2025-08-12,Ocean,196,6594.35,4,3.0,24,26.8,Priority,Delivered,137350.92,late
SHP01405,ORD101404,SUP028,SKU050,LOC14,LOC21,2025-07-30,2025-08-12,2025-08-21,Rail,427,21308.51,7,2.0,22,56.3,Normal,Delivered,368415.6,late
SHP01406,ORD101405,SUP022,SKU010,LOC06,LOC24,2025-06-27,2025-07-10,2025-07-21,Rail,54,2978.05,9,3.0,24,16.0,Normal,Delivered,70229.16,late
SHP01407,ORD101406,SUP014,SKU007,LOC12,LOC18,2025-11-15,2025-12-03,2025-12-06,Ocean,89,717.31,5,0.0,21,23.8,Normal,Delivered,6181.94,late
SHP01408,ORD101407,SUP020,SKU034,LOC04,LOC25,2026-02-09,2026-02-27,2026-03-03,Ocean,282,10394.12,6,1.0,22,62.1,Normal,Delivered,398460.36,late
SHP01409,ORD101408,SUP034,SKU008,LOC07,LOC22,2025-09-08,2025-09-17,2025-10-02,Air,366,12260.04,10,3.0,24,67.0,Normal,Delivered,451750.14,late
SHP01410,ORD101409,SUP023,SKU040,LOC14,LOC18,2025-10-10,2025-10-25,2025-11-02,Rail,387,8461.22,7,4.0,23,57.0,Normal,Delivered,661866.75,late
SHP01411,ORD101410,SUP003,SKU033,LOC11,LOC25,2025-07-17,2025-08-01,2025-08-08,Rail,286,20955.53,5,3.0,22,65.1,Normal,Delivered,465939.76,late
SHP01412,ORD101411,SUP002,SKU039,LOC07,LOC23,2025-06-01,2025-06-22,2025-06-26,Ocean,392,6159.63,4,3.0,25,46.4,Critical,Delivered,278696.32,late
SHP01413,ORD101412,SUP020,SKU030,LOC03,LOC23,2026-03-30,2026-05-02,2026-05-13,Ocean,298,2783.06,9,3.0,44,47.0,Normal,Delivered,312157.98,late
SHP01414,ORD101413,SUP017,SKU047,LOC03,LOC16,2026-07-18,2026-08-04,2026-08-05,Ocean,432,11166.25,1,0.0,18,27.0,Normal,Delivered,612796.32,late
SHP01415,ORD101414,SUP035,SKU039,LOC02,LOC21,2025-07-20,2025-07-29,2025-07-29,Air,319,18217.84,2,1.0,9,16.0,Normal,Delivered,226796.24,on_time
SHP01416,ORD101415,SUP024,SKU025,LOC04,LOC25,2026-08-17,2026-08-29,2026-09-05,Air,58,3755.99,11,0.0,19,69.0,Normal,Delivered,18246.22,late
SHP01417,ORD101416,SUP031,SKU001,LOC06,LOC24,2026-01-29,2026-02-20,2026-02-25,Ocean,410,10454.58,0,0.0,27,9.2,Normal,Delivered,245778.6,late
SHP01418,ORD101417,SUP024,SKU017,LOC12,LOC16,2025-04-26,2025-05-14,2025-05-18,Ocean,327,597.69,3,0.0,22,68.6,Priority,Delivered,77351.85,late
SHP01419,ORD101418,SUP014,SKU008,LOC07,LOC25,2025-09-10,2025-10-10,2025-10-12,Ocean,135,746.72,2,2.0,32,37.1,Normal,Delivered,166629.15,late
SHP01420,ORD101419,SUP027,SKU001,LOC10,LOC20,2025-01-06,2025-01-14,2025-01-20,Air,458,52502.63,6,5.0,14,52.1,Normal,Delivered,274552.68,late
SHP01421,ORD101420,SUP025,SKU017,LOC08,LOC24,2025-01-28,2025-02-21,2025-02-25,Ocean,395,725.58,1,0.0,28,36.4,Normal,Delivered,93437.25,late
SHP01422,ORD101421,SUP029,SKU013,LOC02,LOC24,2025-08-20,2025-08-26,2025-09-01,Air,138,7411.88,3,4.0,12,55.6,Critical,Delivered,230189.52,late
SHP01423,ORD101422,SUP008,SKU005,LOC02,LOC21,2025-11-10,2025-11-21,2025-11-23,Air,494,65933.92,5,1.0,13,48.5,Normal,Delivered,780450.84,late
SHP01424,ORD101423,SUP026,SKU019,LOC06,LOC15,2026-07-05,2026-07-10,2026-07-17,Air,167,23041.06,5,1.0,12,25.2,Normal,Delivered,184276.15,late
SHP01425,ORD101424,SUP012,SKU031,LOC09,LOC20,2025-04-03,2025-05-02,2025-05-06,Ocean,50,793.58,2,1.0,33,34.7,Normal,Delivered,48209.5,late
SHP01426,ORD101425,SUP032,SKU011,LOC12,LOC21,2026-08-03,2026-08-09,2026-08-19,Air,74,2222.89,5,4.0,16,104.4,Priority,Delivered,123792.38,late
SHP01427,ORD101426,SUP032,SKU017,LOC04,LOC24,2025-06-11,2025-06-19,2025-06-30,Air,173,1387.82,11,2.0,19,86.0,Normal,Delivered,40923.15,late
SHP01428,ORD101427,SUP025,SKU002,LOC03,LOC15,2025-04-06,2025-05-05,2025-05-10,Ocean,137,4164.98,4,3.0,34,55.3,Priority,Delivered,96005.49,late
SHP01429,ORD101428,SUP038,SKU004,LOC14,LOC20,2026-04-28,2026-05-19,2026-05-31,Ocean,239,1683.14,9,4.0,33,62.6,Normal,Delivered,359360.4,late
SHP01430,ORD101429,SUP022,SKU010,LOC01,LOC24,2026-06-19,2026-06-29,2026-07-01,Air,264,43313.59,0,3.0,12,16.0,Normal,Delivered,343342.56,late
SHP01431,ORD101430,SUP002,SKU028,LOC13,LOC20,2026-02-22,2026-03-16,2026-03-20,Ocean,185,2611.65,6,2.0,26,57.7,Normal,Delivered,172131.4,late
SHP01432,ORD101431,SUP025,SKU040,LOC11,LOC18,2025-03-21,2025-04-16,2025-04-15,Ocean,101,1441.51,0,2.0,25,44.9,Normal,Delivered,172735.25,on_time
SHP01433,ORD101432,SUP032,SKU048,LOC08,LOC16,2025-03-21,2025-04-18,2025-05-04,Ocean,469,19379.63,8,5.0,44,87.1,Normal,Delivered,229664.61,late
SHP01434,ORD101433,SUP005,SKU038,LOC06,LOC20,2025-09-27,2025-10-16,2025-10-22,Ocean,305,6587.74,2,2.0,25,47.0,Normal,Delivered,138213.8,late
SHP01435,ORD101434,SUP005,SKU038,LOC07,LOC24,2025-11-07,2025-12-08,2025-12-20,Ocean,225,4114.03,8,5.0,43,46.5,Normal,Delivered,101961.0,late
SHP01436,ORD101435,SUP011,SKU057,LOC01,LOC25,2026-11-21,2026-11-30,2026-12-09,Air,426,32649.59,6,3.0,18,47.1,Normal,Delivered,564705.6,late
SHP01437,ORD101436,SUP034,SKU016,LOC01,LOC19,2025-07-17,2025-08-12,2025-08-23,Ocean,103,3881.77,7,5.0,37,54.2,Normal,Delivered,150034.95,late
SHP01438,ORD101437,SUP022,SKU048,LOC04,LOC24,2025-05-13,2025-05-21,2025-05-25,Air,436,73327.12,5,4.0,12,16.0,Priority,Delivered,213504.84,late
SHP01439,ORD101438,SUP040,SKU057,LOC11,LOC20,2026-10-15,2026-11-04,2026-11-11,Ocean,486,7011.04,4,4.0,27,58.7,Priority,Delivered,644241.6,late
SHP01440,ORD101439,SUP035,SKU035,LOC02,LOC23,2025-04-17,2025-05-11,2025-05-11,Ocean,369,2063.17,0,4.0,24,16.0,Normal,Delivered,363760.2,on_time
SHP01441,ORD101440,SUP023,SKU051,LOC13,LOC23,2025-01-19,2025-02-11,2025-02-10,Ocean,128,4987.15,1,0.0,22,64.0,Normal,delivered,116317.44,on_time
SHP01442,ORD101441,SUP028,SKU009,LOC04,LOC19,2025-10-19,2025-10-30,2025-11-07,Air,245,39678.0,5,3.0,19,57.8,Critical,Delivered,260890.7,late
SHP01443,ORD101442,SUP014,SKU053,LOC02,LOC24,2025-10-04,2025-10-16,2025-10-20,Rail,15,875.33,1,3.0,16,30.9,Normal,Delivered,11694.9,late
SHP01444,ORD101443,SUP004,SKU034,LOC01,LOC22,2026-03-04,2026-04-02,2026-04-11,Ocean,313,10512.16,4,6.0,38,31.9,Priority,Delivered,442262.74,late
SHP01445,ORD101444,SUP016,SKU014,LOC14,LOC20,2026-08-29,2026-09-17,2026-09-23,Ocean,463,13465.13,5,3.0,25,39.5,Normal,Delivered,535982.69,late
SHP01446,ORD101445,SUP024,SKU004,LOC02,LOC25,2026-10-06,2026-11-04,2026-11-15,Ocean,457,2573.69,4,6.0,40,64.1,Normal,Delivered,687145.2,late
SHP01447,ORD101446,SUP008,SKU044,LOC07,LOC18,2025-07-19,2025-08-09,2025-08-16,Ocean,208,7634.36,3,1.0,28,30.2,Normal,Delivered,323556.48,late
SHP01448,ORD101447,SUP009,SKU026,LOC01,LOC19,2026-11-08,2026-11-21,2026-11-28,Rail,40,144.2,4,4.0,20,31.6,Priority,Delivered,5688.8,late
SHP01449,ORD101448,SUP001,SKU019,LOC07,LOC20,2026-03-13,2026-04-13,2026-04-14,Ocean,421,16074.56,3,1.0,32,27.1,Critical,Delivered,464552.45,late
SHP01450,ORD101449,SUP030,SKU024,LOC11,LOC23,2025-02-18,2025-03-02,2025-03-05,Rail,91,2603.5,0,1.0,15,40.7,Normal,Delivered,27072.5,late
SHP01451,ORD101450,SUP036,SKU060,LOC12,LOC15,2026-10-10,2026-10-16,2026-11-02,Air,375,11412.77,10,7.0,23,72.8,Normal,Delivered,576633.75,late
SHP01452,ORD101451,SUP034,SKU026,LOC06,LOC21,2025-04-06,2025-04-29,2025-05-09,Ocean,438,622.63,8,2.0,33,74.4,Normal,Delivered,62292.36,late
SHP01453,ORD101452,SUP016,SKU005,LOC01,LOC25,2026-02-11,2026-02-24,2026-03-04,Rail,105,4398.08,5,2.0,21,46.3,Normal,Delivered,165885.3,late
SHP01454,ORD101453,SUP024,SKU017,LOC02,LOC25,2026-06-30,2026-07-21,2026-08-02,Ocean,250,453.25,8,5.0,33,70.8,Normal,Delivered,59137.5,late
SHP01455,ORD101454,SUP039,SKU009,LOC12,LOC22,2025-06-22,2025-07-01,2025-07-06,Air,380,61720.93,5,2.0,14,37.3,Normal,Delivered,404646.8,late
SHP01456,ORD101455,SUP024,SKU042,LOC05,LOC24,2025-07-06,2025-07-25,2025-07-31,Ocean,417,12661.99,4,3.0,25,45.3,Normal,Delivered,607448.07,late
SHP01457,ORD101456,SUP012,SKU049,LOC02,LOC25,2025-11-25,2025-12-14,2025-12-11,Rail,77,4681.52,0,2.0,16,34.6,Priority,Delivered,26612.74,on_time
SHP01458,ORD101457,SUP014,SKU051,LOC14,LOC18,2026-09-03,2026-09-27,2026-10-02,Ocean,453,17334.8,5,1.0,29,48.3,Priority,Delivered,411654.69,late
SHP01459,ORD101458,SUP030,SKU038,LOC12,LOC23,2025-06-04,2025-07-04,2025-07-07,Ocean,112,1738.09,5,0.0,33,56.7,Normal,Delivered,50753.92,late
SHP01460,ORD101459,SUP018,SKU047,LOC12,LOC17,2026-04-03,2026-04-21,2026-05-02,Rail,392,16996.74,8,1.0,29,41.1,Priority,Delivered,556055.92,late
SHP01461,ORD101460,SUP034,SKU026,LOC01,LOC22,2025-11-09,2025-12-01,2025-12-03,Ocean,236,448.54,4,0.0,24,82.9,Priority,Delivered,33563.92,late
SHP01462,ORD101461,SUP035,SKU038,LOC01,LOC17,2025-03-19,2025-04-14,2025-04-16,Ocean,35,576.56,0,2.0,28,16.0,Critical,Delivered,15860.6,late
SHP01463,ORD101462,SUP002,SKU007,LOC06,LOC20,2026-05-06,2026-05-14,2026-05-15,Air,19,576.19,3,1.0,9,54.5,Normal,Delivered,1319.74,late
SHP01464,ORD101463,SUP029,SKU033,LOC07,LOC20,2026-07-29,2026-08-16,2026-08-24,Ocean,405,15413.52,6,2.0,26,59.8,Normal,Delivered,659809.8,late
SHP01465,ORD101464,SUP015,SKU034,LOC12,LOC18,2026-02-02,2026-02-14,2026-02-12,Rail,415,24923.51,0,1.0,10,60.7,Normal,Delivered,586386.7,on_time
SHP01466,ORD101465,SUP021,SKU002,LOC08,LOC25,2025-05-02,2025-05-06,2025-05-15,Air,278,32445.86,7,0.0,13,82.1,Normal,Delivered,194814.06,late
SHP01467,ORD101466,SUP011,SKU033,LOC01,LOC16,2025-04-18,2025-04-25,2025-04-29,Air,109,17597.85,5,1.0,11,44.9,Normal,Delivered,177578.44,late
SHP01468,ORD101467,SUP015,SKU044,LOC11,LOC19,2025-10-20,2025-11-06,2025-11-14,Ocean,368,11011.36,3,4.0,25,41.9,Priority,Delivered,572446.08,late
SHP01469,ORD101468,SUP014,SKU023,LOC09,LOC16,2025-12-16,2026-01-03,2026-01-08,Ocean,88,1842.64,3,2.0,23,26.0,Normal,Delivered,26534.64,late
SHP01470,ORD101469,SUP003,SKU033,LOC01,LOC18,2026-01-17,2026-02-05,2026-02-22,Rail,196,14205.03,9,9.0,36,77.0,Normal,Delivered,319315.36,late
SHP01471,ORD101470,SUP032,SKU018,LOC01,LOC20,2025-06-18,2025-07-19,2025-07-30,Ocean,313,10528.23,4,2.0,42,93.9,Normal,Delivered,141876.64,late
SHP01472,ORD101471,SUP006,SKU017,LOC06,LOC15,2025-12-12,2026-01-08,2026-01-16,Ocean,260,339.6,8,5.0,35,37.9,Critical,Delivered,61503.0,late
SHP01473,ORD101472,SUP016,SKU008,LOC11,LOC18,2025-07-23,2025-08-18,2025-09-02,Ocean,100,724.59,10,4.0,41,47.1,Normal,Delivered,123429.0,late
SHP01474,ORD101473,SUP008,SKU020,LOC04,LOC18,2026-04-19,2026-05-18,2026-05-28,Ocean,250,3972.96,8,2.0,39,29.2,Normal,Delivered,198105.0,late
SHP01475,ORD101474,SUP007,SKU049,LOC02,LOC18,2026-07-04,2026-07-12,2026-07-20,Air,48,6715.86,7,3.0,16,69.6,Normal,Delivered,16589.76,late
SHP01476,ORD101475,SUP015,SKU057,LOC09,LOC18,2026-03-27,2026-04-07,2026-04-14,Air,68,4927.73,3,1.0,18,54.3,Normal,Delivered,90140.8,late
SHP01477,ORD101476,SUP037,SKU039,LOC05,LOC16,2025-01-01,2025-01-13,2025-01-15,Air,243,15691.04,4,2.0,14,43.8,Priority,Delivered,172763.28,late
SHP01478,ORD101477,SUP038,SKU038,LOC05,LOC16,2026-11-16,2026-12-02,2026-12-10,Rail,240,9730.81,3,6.0,24,66.9,Normal,Delivered,108758.4,late
SHP01479,ORD101478,SUP016,SKU037,LOC10,LOC24,2025-01-17,2025-02-15,2025-02-12,Ocean,172,2491.78,0,0.0,26,44.0,Priority,Delivered,49929.88,on_time
SHP01480,ORD101479,SUP021,SKU029,LOC03,LOC25,2026-11-21,2026-12-17,2026-12-20,Ocean,150,333.5,3,4.0,29,73.7,Normal,Delivered,54529.5,late
SHP01481,ORD101480,SUP040,SKU026,LOC02,LOC15,2025-01-22,2025-02-25,2025-03-01,Ocean,263,518.06,6,2.0,38,44.6,Normal,Delivered,37403.86,late
SHP01482,ORD101481,SUP010,SKU038,LOC01,LOC24,2025-12-23,2026-01-01,2026-01-04,Air,231,22818.5,5,0.0,12,15.4,Normal,Delivered,104679.96,late
SHP01483,ORD101482,SUP038,SKU048,LOC04,LOC19,2025-03-15,2025-04-01,2025-04-16,Ocean,50,1969.78,7,7.0,32,63.9,Normal,Delivered,24484.5,late
SHP01484,ORD101483,SUP005,SKU025,LOC10,LOC25,2025-03-07,2025-04-02,2025-04-07,Ocean,489,7339.64,5,3.0,31,59.8,Priority,Delivered,153834.51,late
SHP01485,ORD101484,SUP010,SKU034,LOC06,LOC18,2026-04-17,2026-05-08,2026-05-12,Ocean,405,16160.42,4,2.0,25,15.2,Normal,Delivered,572256.9,late
SHP01486,ORD101485,SUP014,SKU029,LOC01,LOC16,2026-05-18,2026-05-28,2026-06-02,Air,10,129.45,0,6.0,15,37.5,Normal,Delivered,3635.3,late
SHP01487,ORD101486,SUP002,SKU018,LOC01,LOC24,2025-03-23,2025-03-29,2025-04-08,Air,324,53596.24,3,6.0,16,48.1,Normal,Delivered,146862.72,late
SHP01488,ORD101487,SUP033,SKU018,LOC13,LOC23,2026-11-05,2026-11-16,2026-11-27,Rail,404,28685.03,5,2.0,22,58.2,Priority,Delivered,183125.12,late
SHP01489,ORD101488,SUP035,SKU005,LOC04,LOC15,2025-08-10,2025-09-02,2025-08-30,Ocean,148,3382.24,0,0.0,20,16.0,Normal,Delivered,233819.28,on_time
SHP01490,ORD101489,SUP016,SKU027,LOC02,LOC16,2025-08-08,2025-08-27,2025-09-04,Rail,315,19315.18,5,1.0,27,40.7,Normal,Delivered,390489.75,late
SHP01491,ORD101490,SUP034,SKU043,LOC02,LOC17,2025-07-24,2025-08-16,2025-08-24,Ocean,212,3181.37,4,2.0,31,70.1,Normal,Delivered,282964.88,late
SHP01492,ORD101491,SUP031,SKU042,LOC03,LOC15,2025-11-15,2025-12-16,2025-12-16,Ocean,392,11785.44,3,0.0,31,13.7,Normal,Delivered,571030.32,on_time
SHP01493,ORD101492,SUP033,SKU060,LOC01,LOC24,2025-05-03,2025-05-20,2025-05-29,Ocean,96,541.45,7,2.0,26,47.2,Normal,Delivered,147618.24,late
SHP01494,ORD101493,SUP033,SKU003,LOC10,LOC16,2025-10-21,2025-11-08,2025-11-12,Ocean,335,4211.25,5,3.0,22,49.7,Priority,Delivered,565851.85,late
SHP01495,ORD101494,SUP023,SKU046,LOC02,LOC22,2025-05-25,2025-06-17,2025-06-17,Ocean,56,2597.28,0,0.0,23,49.1,Normal,Delivered,16024.4,on_time
SHP01496,ORD101495,SUP005,SKU048,LOC13,LOC23,2025-02-05,2025-02-25,2025-03-08,Ocean,316,15553.52,5,3.0,31,46.7,Normal,Delivered,154742.04,late
SHP01497,ORD101496,SUP037,SKU027,LOC13,LOC17,2025-09-12,2025-10-14,2025-10-22,Ocean,371,8205.23,4,3.0,40,32.6,Normal,Delivered,459910.15,late
SHP01498,ORD101497,SUP025,SKU017,LOC12,LOC18,2026-04-09,2026-04-17,2026-04-24,Air,41,327.29,7,2.0,15,50.4,Priority,Delivered,9698.55,late
SHP01499,ORD101498,SUP037,SKU022,LOC11,LOC24,2026-06-11,2026-06-22,2026-06-29,Rail,27,1739.16,6,0.0,18,35.0,Normal,Delivered,39908.16,late
SHP01500,ORD101499,SUP039,SKU041,LOC08,LOC15,2025-09-01,2025-09-08,2025-09-09,Air,420,26259.58,2,1.0,8,38.2,Normal,Delivered,413569.8,late
SHP01501,ORD101500,SUP008,SKU052,LOC13,LOC18,2025-08-12,2025-08-22,2025-08-27,Air,326,64680.6,1,6.0,15,14.2,Priority,Delivered,83172.38,late
SHP01502,ORD101501,SUP017,SKU039,LOC02,LOC22,2026-06-28,2026-07-18,2026-07-20,Ocean,387,5592.7,3,0.0,22,27.0,Normal,Delivered,275141.52,late
SHP01503,ORD101502,SUP008,SKU031,LOC09,LOC16,2026-04-16,2026-04-23,2026-05-01,Air,276,20435.86,3,5.0,15,35.7,Normal,Delivered,266116.44,late
SHP01504,ORD101503,SUP003,SKU040,LOC10,LOC16,2026-07-29,2026-08-18,2026-08-23,Ocean,128,1868.18,0,5.0,25,71.0,Normal,Delivered,218912.0,late
SHP01505,ORD101504,SUP039,SKU005,LOC11,LOC20,2026-09-18,2026-10-15,2026-10-20,Ocean,438,12032.07,2,3.0,32,35.4,Normal,Delivered,691978.68,late
SHP01506,ORD101505,SUP037,SKU037,LOC06,LOC16,2026-07-21,2026-08-16,2026-08-23,Ocean,348,4939.67,5,4.0,33,34.6,Normal,Delivered,101020.92,late
SHP01507,ORD101506,SUP038,SKU003,LOC09,LOC19,2026-10-09,2026-10-19,2026-10-24,Air,145,8329.24,5,4.0,15,67.3,Normal,Delivered,244920.95,late
SHP01508,ORD101507,SUP036,SKU058,LOC08,LOC18,2025-10-15,2025-11-08,2025-11-17,Ocean,477,22032.74,7,2.0,33,70.9,Priority,Delivered,674683.11,late
SHP01509,ORD101508,SUP026,SKU054,LOC09,LOC22,2025-09-30,2025-10-11,2025-10-09,Air,363,49037.1,2,0.0,9,38.9,Normal,Delivered,228882.39,on_time
SHP01510,ORD101509,SUP021,SKU031,LOC06,LOC23,2025-08-10,2025-09-11,2025-09-13,Ocean,388,7356.91,2,3.0,34,38.4,Normal,Delivered,374105.72,late
SHP01511,ORD101510,SUP040,SKU023,LOC02,LOC17,2025-06-12,2025-07-11,2025-07-17,Ocean,437,10951.81,5,4.0,35,53.0,Priority,Delivered,131768.61,late
SHP01512,ORD101511,SUP023,SKU044,LOC05,LOC24,2026-06-01,2026-06-30,2026-07-07,Ocean,379,13210.38,4,5.0,36,61.4,Normal,Delivered,589557.24,late
SHP01513,ORD101512,SUP026,SKU039,LOC04,LOC22,2026-05-08,2026-06-03,2026-06-07,Ocean,169,2899.78,4,0.0,30,31.4,Normal,Delivered,120152.24,late
SHP01514,ORD101513,SUP009,SKU043,LOC06,LOC15,2026-07-07,2026-08-10,2026-08-11,Ocean,152,1854.8,6,0.0,35,47.8,Normal,Delivered,202880.48,late
SHP01515,ORD101514,SUP030,SKU031,LOC10,LOC20,2025-04-26,2025-05-02,2025-05-06,Air,57,4610.88,4,2.0,10,61.7,Normal,Delivered,54958.83,late
SHP01516,ORD101515,SUP033,SKU015,LOC04,LOC16,2025-12-05,2025-12-21,2025-12-28,Ocean,406,7218.2,6,2.0,23,60.0,Normal,Delivered,706740.44,late
SHP01517,ORD101516,SUP028,SKU005,LOC04,LOC24,2025-06-03,2025-06-27,2025-07-07,Ocean,242,6726.77,4,6.0,34,37.2,Normal,Delivered,382326.12,late
SHP01518,ORD101517,SUP020,SKU017,LOC08,LOC21,2026-09-09,2026-09-18,2026-09-28,Air,300,2533.08,6,2.0,19,54.8,Priority,Delivered,70965.0,late
SHP01519,ORD101518,SUP008,SKU032,LOC10,LOC23,2025-07-04,2025-08-01,2025-08-02,Ocean,341,10062.9,0,0.0,29,32.2,Priority,Delivered,46440.79,late
SHP01520,ORD101519,SUP002,SKU026,LOC11,LOC23,2025-04-10,2025-04-30,2025-05-01,Ocean,407,697.59,0,3.0,21,55.9,Normal,Delivered,57883.54,late
SHP01521,ORD101520,SUP026,SKU031,LOC09,LOC16,2026-01-29,2026-02-17,2026-02-25,Ocean,240,4246.17,4,2.0,27,37.2,Normal,Delivered,231405.6,late
SHP01522,ORD101521,SUP028,SKU017,LOC11,LOC15,2026-08-30,2026-09-27,2026-10-09,Ocean,296,542.45,8,5.0,40,48.2,Normal,Delivered,70018.8,late
SHP01523,ORD101522,SUP031,SKU057,LOC06,LOC18,2026-09-24,2026-10-11,2026-10-12,Ocean,143,2551.23,3,0.0,18,17.0,Priority,Delivered,189560.8,late
SHP01524,ORD101523,SUP039,SKU023,LOC10,LOC23,2025-03-08,2025-03-20,2025-03-24,Air,33,3943.65,7,1.0,16,32.7,Normal,Delivered,9950.49,late
SHP01525,ORD101524,SUP020,SKU051,LOC08,LOC16,2025-08-13,2025-09-04,2025-09-09,Ocean,473,15851.05,4,0.0,27,49.0,Normal,Delivered,429829.29,late
SHP01526,ORD101525,SUP034,SKU024,LOC08,LOC18,2025-04-16,2025-04-22,2025-04-30,Air,126,6769.13,3,1.0,14,72.7,Normal,Delivered,37485.0,late
SHP01527,ORD101526,SUP029,SKU027,LOC10,LOC24,2025-08-01,2025-08-23,2025-08-28,Ocean,412,12725.8,5,1.0,27,58.3,Normal,Delivered,510735.8,late
SHP01528,ORD101527,SUP012,SKU037,LOC09,LOC19,2026-01-04,2026-01-11,2026-01-13,Air,277,16330.5,1,0.0,9,56.8,Normal,Delivered,80410.33,late
SHP01529,ORD101528,SUP034,SKU016,LOC09,LOC17,2025-07-13,2025-07-18,2025-07-27,Air,283,54956.86,5,4.0,14,64.8,Normal,Delivered,412231.95,late
SHP01530,ORD101529,SUP003,SKU014,LOC02,LOC23,2025-02-16,2025-03-14,2025-03-15,Ocean,260,7333.18,0,2.0,27,76.8,Normal,Delivered,300983.8,late
SHP01531,ORD101530,SUP024,SKU023,LOC14,LOC17,2025-12-18,2026-01-12,2026-01-25,Ocean,15,305.98,9,5.0,38,63.7,Normal,Delivered,4522.95,late
SHP01532,ORD101531,SUP038,SKU049,LOC02,LOC20,2025-02-06,2025-02-25,2025-03-10,Ocean,224,5523.63,8,2.0,32,54.2,Normal,Delivered,77418.88,late
SHP01533,ORD101532,SUP027,SKU009,LOC11,LOC20,2025-06-06,2025-06-20,2025-06-21,Rail,199,14412.55,2,0.0,15,42.1,Priority,Delivered,211907.14,late
SHP01534,ORD101533,SUP038,SKU027,LOC08,LOC24,2025-01-01,2025-01-14,2025-01-19,Rail,122,6409.92,4,4.0,18,67.9,Normal,Delivered,151237.3,late
SHP01535,ORD101534,SUP003,SKU041,LOC11,LOC15,2025-03-01,2025-03-21,2025-04-01,Ocean,265,3794.04,8,1.0,31,47.8,Normal,Delivered,260942.85,late
SHP01536,ORD101535,SUP022,SKU043,LOC12,LOC18,2025-10-29,2025-11-04,2025-11-05,Air,202,13322.26,2,0.0,7,16.0,Normal,Delivered,269617.48,late
SHP01537,ORD101536,SUP032,SKU027,LOC12,LOC20,2026-08-10,2026-09-03,2026-09-15,Ocean,292,6347.74,10,6.0,36,94.8,Normal,Delivered,361977.8,late
SHP01538,ORD101537,SUP026,SKU005,LOC03,LOC23,2026-06-19,2026-07-08,2026-07-19,Ocean,86,1778.12,6,4.0,30,37.1,Normal,Delivered,135867.96,late
SHP01539,ORD101538,SUP036,SKU001,LOC08,LOC21,2025-03-10,2025-03-20,2025-03-27,Air,164,20226.78,5,5.0,17,65.5,Normal,Delivered,98311.44,late
SHP01540,ORD101539,SUP019,SKU029,LOC11,LOC22,2025-01-25,2025-02-14,2025-02-22,Ocean,313,882.26,4,6.0,28,50.4,Normal,Delivered,113784.89,late
SHP01541,ORD101540,SUP028,SKU049,LOC08,LOC17,2025-08-22,2025-09-10,2025-09-21,Ocean,197,5367.28,7,4.0,30,45.3,Normal,Delivered,68087.14,late
SHP01542,ORD101541,SUP017,SKU002,LOC02,LOC17,2026-03-27,2026-04-04,2026-04-03,Air,63,8579.9,0,3.0,7,27.0,Normal,Delivered,44148.51,on_time
SHP01543,ORD101542,SUP035,SKU054,LOC01,LOC19,2026-05-31,2026-06-29,2026-07-02,Ocean,268,8050.31,4,2.0,32,16.0,Priority,Delivered,168982.04,late
SHP01544,ORD101543,SUP005,SKU041,LOC10,LOC20,2026-07-22,2026-07-29,2026-07-29,Air,169,13263.73,3,0.0,7,45.0,Priority,Delivered,166412.61,on_time
SHP01545,ORD101544,SUP011,SKU001,LOC07,LOC20,2025-08-25,2025-09-18,2025-09-19,Ocean,411,11324.22,3,0.0,25,45.2,Normal,Delivered,246378.06,late
SHP01546,ORD101545,SUP004,SKU021,LOC01,LOC16,2025-04-26,2025-05-28,2025-06-03,Ocean,134,2819.91,3,2.0,38,26.8,Normal,Delivered,64314.64,late
SHP01547,ORD101546,SUP029,SKU014,LOC03,LOC22,2025-01-19,2025-02-10,2025-02-13,Ocean,486,11194.03,4,2.0,25,49.7,Normal,Delivered,562608.18,late
SHP01548,ORD101547,SUP010,SKU057,LOC01,LOC17,2025-04-12,2025-05-02,2025-05-08,Rail,63,2369.72,6,4.0,26,23.7,Normal,Delivered,83512.8,late
SHP01549,ORD101548,SUP013,SKU034,LOC03,LOC18,2025-02-14,2025-03-13,2025-03-20,Ocean,182,7382.98,3,5.0,34,37.7,Priority,Delivered,257162.36,late
SHP01550,ORD101549,SUP034,SKU020,LOC10,LOC23,2026-08-17,2026-09-13,2026-09-21,Ocean,322,5303.47,6,2.0,35,84.7,Normal,Delivered,255159.24,late
SHP01551,ORD101550,SUP015,SKU017,LOC09,LOC20,2025-07-05,2025-07-11,2025-07-18,Air,231,1418.24,4,5.0,13,56.4,Priority,Delivered,54643.05,late
SHP01552,ORD101551,SUP006,SKU034,LOC07,LOC17,2026-07-22,2026-08-09,2026-08-17,Rail,34,2391.55,5,4.0,26,40.8,Normal,Delivered,48041.32,late
SHP01553,ORD101552,SUP001,SKU001,LOC09,LOC18,2026-01-17,2026-02-02,2026-02-10,Rail,340,15877.6,5,5.0,24,16.8,Normal,Delivered,203816.4,late
SHP01554,ORD101553,SUP010,SKU016,LOC03,LOC25,2026-01-07,2026-02-03,2026-02-06,Ocean,213,7957.15,3,1.0,30,31.8,Priority,Delivered,310266.45,late
SHP01555,ORD101554,SUP037,SKU010,LOC04,LOC25,2025-11-10,2025-12-06,2025-12-13,Ocean,192,7464.02,2,6.0,33,29.4,Priority,Delivered,249703.68,late
SHP01556,ORD101555,SUP022,SKU038,LOC01,LOC20,2026-07-20,2026-07-26,2026-08-01,Air,175,14313.59,6,0.0,12,16.0,Normal,Delivered,79303.0,late
SHP01557,ORD101556,SUP040,SKU041,LOC07,LOC21,2025-01-30,2025-02-04,2025-02-11,Air,48,2990.62,5,4.0,12,49.2,Normal,Delivered,47265.12,late
SHP01558,ORD101557,SUP009,SKU029,LOC03,LOC16,2025-03-06,2025-03-24,2025-03-25,Rail,230,1253.14,1,4.0,19,46.0,Normal,Delivered,83611.9,late
SHP01559,ORD101558,SUP015,SKU009,LOC01,LOC20,2025-10-20,2025-10-29,2025-11-04,Air,230,30076.76,3,5.0,15,59.1,Normal,Delivered,244917.8,late
SHP01560,ORD101559,SUP007,SKU023,LOC13,LOC25,2025-09-30,2025-10-23,2025-10-30,Ocean,369,8203.09,7,4.0,30,65.1,Priority,Delivered,111264.57,late
SHP01561,ORD101560,SUP016,SKU051,LOC11,LOC15,2026-01-12,2026-02-06,2026-02-16,Ocean,264,9271.34,9,1.0,35,37.5,Normal,Delivered,239904.72,late
SHP01562,ORD101561,SUP023,SKU013,LOC12,LOC15,2026-05-25,2026-06-21,2026-06-29,Ocean,253,2626.16,8,4.0,35,53.6,Normal,Delivered,422014.12,late
SHP01563,ORD101562,SUP033,SKU010,LOC12,LOC24,2026-02-10,2026-03-02,2026-03-14,Ocean,344,13781.76,6,2.0,32,37.8,Priority,Delivered,447385.76,late
SHP01564,ORD101563,SUP015,SKU007,LOC02,LOC20,2025-06-27,2025-07-13,2025-07-16,Ocean,282,2319.17,2,0.0,19,49.2,Normal,Delivered,19587.72,late
SHP01565,ORD101564,SUP031,SKU050,LOC05,LOC15,2025-08-14,2025-09-11,2025-09-12,Ocean,184,4493.94,2,2.0,29,16.6,Normal,Delivered,158755.2,late
SHP01566,ORD101565,SUP026,SKU008,LOC05,LOC25,2026-06-04,2026-06-10,2026-06-15,Air,460,10723.38,4,1.0,11,39.6,Priority,Delivered,567773.4,late
SHP01567,ORD101566,SUP012,SKU035,LOC14,LOC20,2025-05-20,2025-06-05,2025-06-12,Rail,455,5560.5,5,1.0,23,52.5,Priority,Delivered,448539.0,late
SHP01568,ORD101567,SUP037,SKU060,LOC14,LOC24,2025-12-14,2025-12-22,2025-12-29,Air,398,11775.79,3,2.0,15,39.6,Normal,Delivered,612000.62,late
SHP01569,ORD101568,SUP018,SKU039,LOC10,LOC17,2026-01-07,2026-01-17,2026-01-23,Rail,58,2019.47,3,4.0,16,44.5,Priority,Delivered,41235.68,late
SHP01570,ORD101569,SUP007,SKU025,LOC09,LOC23,2026-06-02,2026-06-09,2026-06-17,Air,88,4680.28,8,2.0,15,69.3,Normal,Delivered,27683.92,late
SHP01571,ORD101570,SUP039,SKU013,LOC03,LOC25,2026-05-08,2026-05-18,2026-05-18,Air,231,12380.38,2,1.0,10,42.4,Normal,Delivered,385317.24,on_time
SHP01572,ORD101571,SUP037,SKU001,LOC10,LOC17,2025-11-17,2025-12-08,2025-12-10,Ocean,277,6150.37,2,5.0,23,27.8,Normal,Delivered,166050.42,late
SHP01573,ORD101572,SUP002,SKU010,LOC12,LOC19,2025-08-02,2025-08-10,2025-08-18,Air,364,54689.62,4,4.0,16,72.1,Priority,Delivered,473396.56,late
SHP01574,ORD101573,SUP037,SKU058,LOC05,LOC19,2025-09-11,2025-10-04,2025-10-09,Ocean,209,9701.76,6,1.0,28,46.7,Priority,Delivered,295615.87,late
SHP01575,ORD101574,SUP038,SKU009,LOC07,LOC18,2025-10-11,2025-10-31,2025-11-08,Ocean,107,3853.23,5,4.0,28,65.8,Normal,Delivered,113940.02,late
SHP01576,ORD101575,SUP034,SKU002,LOC11,LOC18,2025-06-01,2025-06-22,2025-07-02,Ocean,427,11602.15,7,7.0,31,76.7,Normal,Delivered,299228.79,late
SHP01577,ORD101576,SUP011,SKU049,LOC10,LOC15,2026-03-08,2026-03-18,2026-03-26,Air,464,54651.04,8,2.0,18,48.2,Normal,Delivered,160367.68,late
SHP01578,ORD101577,SUP026,SKU026,LOC07,LOC23,2025-05-24,2025-06-04,2025-06-07,Air,422,3676.32,5,1.0,14,40.1,Normal,Delivered,60016.84,late
SHP01579,ORD101578,SUP022,SKU022,LOC01,LOC22,2026-03-24,2026-04-08,2026-04-09,Rail,21,1273.56,1,0.0,16,16.0,Normal,Delivered,31039.68,late
SHP01580,ORD101579,SUP025,SKU044,LOC03,LOC22,2026-06-03,2026-06-24,2026-06-27,Rail,439,21826.34,0,3.0,24,32.4,Normal,Delivered,682890.84,late
SHP01581,ORD101580,SUP025,SKU032,LOC06,LOC22,2026-10-26,2026-11-08,2026-11-15,Rail,213,16646.63,4,1.0,20,44.8,Normal,Delivered,29008.47,late
SHP01582,ORD101581,SUP026,SKU055,LOC04,LOC16,2025-03-24,2025-04-09,2025-04-14,Ocean,67,942.67,3,2.0,21,37.4,Priority,Delivered,45838.72,late
SHP01583,ORD101582,SUP021,SKU029,LOC05,LOC24,2026-06-09,2026-06-25,2026-07-04,Rail,223,1365.78,7,2.0,25,59.6,Normal,Delivered,81067.19,late
SHP01584,ORD101583,SUP028,SKU043,LOC10,LOC18,2025-03-01,2025-03-14,2025-03-20,Rail,144,3427.27,4,2.0,19,40.8,Normal,Delivered,192202.56,late
SHP01585,ORD101584,SUP022,SKU053,LOC03,LOC25,2025-08-21,2025-09-01,2025-09-05,Rail,376,22918.96,7,0.0,15,16.0,Normal,Delivered,293152.16,late
SHP01586,ORD101585,SUP001,SKU028,LOC07,LOC18,2025-05-02,2025-05-21,2025-05-26,Ocean,421,6544.9,0,3.0,24,29.2,Priority,Delivered,391715.24,late
SHP01587,ORD101586,SUP002,SKU018,LOC07,LOC15,2025-04-22,2025-05-18,2025-05-21,Ocean,483,15360.06,4,6.0,29,43.7,Normal,Delivered,218934.24,late
SHP01588,ORD101587,SUP039,SKU059,LOC01,LOC21,2025-05-01,2025-05-19,2025-05-20,Rail,125,12240.58,0,3.0,19,32.4,Priority,Delivered,163083.75,late
SHP01589,ORD101588,SUP037,SKU014,LOC06,LOC24,2025-01-31,2025-03-04,2025-03-03,Ocean,413,9751.04,3,0.0,31,39.3,Priority,Delivered,478101.19,on_time
SHP01590,ORD101589,SUP024,SKU003,LOC01,LOC17,2026-07-22,2026-08-17,2026-08-21,Ocean,160,1526.45,0,5.0,30,64.6,Normal,Delivered,270257.6,late
SHP01591,ORD101590,SUP007,SKU035,LOC05,LOC15,2025-02-12,2025-03-11,2025-03-17,Ocean,96,706.21,7,1.0,33,67.8,Priority,Delivered,94636.8,late
SHP01592,ORD101591,SUP032,SKU060,LOC11,LOC25,2025-10-02,2025-10-27,2025-11-04,Ocean,322,1704.21,8,4.0,33,91.8,Priority,Delivered,495136.18,late
SHP01593,ORD101592,SUP006,SKU006,LOC14,LOC22,2026-04-28,2026-05-24,2026-06-04,Ocean,423,4906.13,5,5.0,37,30.5,Priority,Delivered,596155.05,late
SHP01594,ORD101593,SUP016,SKU051,LOC12,LOC15,2026-11-15,2026-12-05,2026-12-09,Rail,190,11471.63,5,1.0,24,37.7,Normal,Delivered,172658.7,late
SHP01595,ORD101594,SUP014,SKU050,LOC01,LOC17,2026-08-13,2026-08-28,2026-09-05,Rail,476,24086.09,4,4.0,23,40.2,Priority,Delivered,410692.8,late
SHP01596,ORD101595,SUP001,SKU056,LOC03,LOC16,2025-04-05,2025-04-23,2025-04-27,Rail,125,1615.1,2,3.0,22,33.2,Normal,Delivered,38045.0,late
SHP01597,ORD101596,SUP033,SKU026,LOC05,LOC23,2026-11-13,2026-12-07,2026-12-11,Ocean,45,65.77,1,2.0,28,52.7,Normal,Delivered,6399.9,late
SHP01598,ORD101597,SUP021,SKU016,LOC13,LOC23,2026-03-27,2026-04-18,2026-04-29,Ocean,486,16607.71,9,5.0,33,53.7,Normal,Delivered,707931.9,late
SHP01599,ORD101598,SUP013,SKU031,LOC08,LOC20,2025-05-04,2025-05-24,2025-05-30,Ocean,257,4943.6,6,4.0,26,37.0,Normal,Delivered,247796.83,late
SHP01600,ORD101599,SUP021,SKU009,LOC11,LOC19,2025-11-06,2025-11-22,2025-12-03,Ocean,161,4645.59,5,3.0,27,47.1,Normal,Delivered,171442.46,late
SHP01601, ORD101600 ,SUP001,SKU051,LOC04,LOC18,2026-09-26,2026-10-25,2026-10-28,Ocean,440,13737.91,4,1.0,32,11.2,Normal,Delivered,399841.2,late
SHP01602,ORD101601,SUP018,SKU040,LOC10,LOC24,2025-09-29,2025-10-05,2025-10-15,Air,416,20052.31,7,1.0,16,41.4,Critical,Delivered,711464.0,late
SHP01603,ORD101602,SUP021,SKU029,LOC06,LOC15,2025-05-07,2025-05-17,2025-05-23,Rail,126,786.39,2,3.0,16,57.1,Normal,Delivered,45804.78,late
SHP01604,ORD101603,SUP014,SKU031,LOC09,LOC24,2026-08-27,2026-09-13,2026-09-16,Ocean,194,3560.93,5,1.0,20,46.8,Normal,Delivered,187052.86,late
SHP01605,ORD101604,SUP034,SKU043,LOC05,LOC20,2026-10-20,2026-11-07,2026-11-18,Ocean,31,410.95,9,6.0,29,56.8,Normal,Delivered,41376.94,late
SHP01606,ORD101605,SUP010,SKU032,LOC11,LOC15,2026-11-05,2026-12-07,2026-12-10,Ocean,354,15241.03,3,3.0,35,30.1,Normal,Delivered,48211.26,late
SHP01607,ORD101606,SUP006,SKU051,LOC13,LOC20,2026-10-22,2026-11-22,2026-11-28,Ocean,421,13121.23,5,2.0,37,37.0,Normal,Delivered,382575.33,late
SHP01608,ORD101607,SUP022,SKU056,LOC08,LOC19,2026-08-26,2026-09-22,2026-09-29,Ocean,201,1421.31,8,1.0,34,16.0,Normal,Delivered,61176.36,late
SHP01609,ORD101608,SUP036,SKU057,LOC03,LOC16,2025-11-10,2025-12-02,2025-12-09,Ocean,453,8662.21,2,3.0,29,66.2,Normal,Delivered,600496.8,late
SHP01610,ORD101609,SUP016,SKU038,LOC01,LOC17,2025-05-13,2025-06-03,2025-06-06,Ocean,367,8123.76,1,2.0,24,44.2,Normal,Delivered,166309.72,late
SHP01611,ORD101610,SUP002,SKU045,LOC01,LOC15,2026-03-02,2026-04-02,2026-04-07,Ocean,390,1603.16,2,4.0,36,45.4,Normal,Delivered,514265.7,late
SHP01612,ORD101611,SUP039,SKU019,LOC07,LOC18,2025-06-02,2025-06-18,2025-06-18,Rail,171,12025.56,3,0.0,16,40.6,Normal,Delivered,188689.95,on_time
SHP01613,ORD101612,SUP018,SKU003,LOC12,LOC20,2025-11-23,2025-12-23,2025-12-29,Ocean,352,3869.34,3,2.0,36,36.2,Normal,Delivered,594566.72,late
SHP01614,ORD101613,SUP007,SKU025,LOC13,LOC20,2026-03-29,2026-04-16,2026-04-24,Ocean,167,2472.42,7,4.0,26,70.9,Priority,Delivered,52536.53,late
SHP01615,ORD101614,SUP025,SKU053,LOC10,LOC16,2026-10-16,2026-11-04,2026-11-07,Ocean,132,3287.92,4,1.0,22,50.8,Normal,Delivered,102915.12,late
SHP01616,ORD101615,SUP013,SKU009,LOC11,LOC17,2025-07-19,2025-08-08,2025-08-10,Ocean,56,1710.84,4,0.0,22,28.1,Normal,Delivered,59632.16,late
SHP01617,ORD101616,SUP038,SKU033,LOC06,LOC17,2025-06-23,2025-07-16,2025-07-26,Ocean,449,13204.67,7,4.0,33,59.1,Normal,Delivered,731492.84,late
SHP01618,ORD101617,SUP012,SKU012,LOC03,LOC23,2026-05-22,2026-06-02,2026-06-04,Air,189,13151.44,2,3.0,13,53.9,Normal,Delivered,170564.94,late
SHP01619,ORD101618,SUP023,SKU026,LOC11,LOC18,2025-01-05,2025-01-22,2025-01-28,Rail,442,1234.09,3,1.0,23,58.2,Normal,Delivered,62861.24,late
SHP01620,ORD101619,SUP022,SKU009,LOC07,LOC24,2026-01-26,2026-02-06,2026-02-10,Air,302,40628.69,4,4.0,15,16.0,Normal,Delivered,321587.72,late
SHP01621,ORD101620,SUP010,SKU045,LOC02,LOC15,2026-05-30,2026-06-19,2026-06-24,Ocean,348,1924.14,4,3.0,25,26.0,Priority,Delivered,458883.24,late
SHP01622,ORD101621,SUP020,SKU049,LOC03,LOC16,2026-01-16,2026-02-06,2026-02-14,Ocean,480,13984.94,6,3.0,29,64.0,Normal,Delivered,165897.6,late
SHP01623,ORD101622,SUP005,SKU046,LOC14,LOC22,2025-09-22,2025-10-14,2025-10-24,Ocean,112,5455.22,4,3.0,32,43.4,Normal,Delivered,32048.8,late
SHP01624,ORD101623,SUP026,SKU043,LOC06,LOC15,2026-07-26,2026-08-27,2026-08-31,Ocean,153,1573.39,5,2.0,36,57.0,Normal,Delivered,204215.22,late
SHP01625,ORD101624,SUP031,SKU015,LOC04,LOC20,2025-09-14,2025-09-25,2025-09-29,Rail,493,21003.31,4,2.0,15,9.9,Normal,Delivered,858184.82,late
SHP01626,ORD101625,SUP039,SKU032,LOC11,LOC17,2026-05-06,2026-05-22,2026-06-01,Ocean,16,593.04,4,5.0,26,28.2,Normal,Delivered,2179.04,late
SHP01627,ORD101626,SUP014,SKU007,LOC14,LOC20,2025-11-17,2025-12-13,2025-12-15,Ocean,316,1916.61,3,3.0,28,23.8,Priority,Delivered,21949.36,late
SHP01628,ORD101627,SUP012,SKU023,LOC03,LOC18,2025-01-19,2025-02-05,2025-02-12,Ocean,473,11824.89,5,4.0,24,43.7,Priority,Delivered,142623.69,late
SHP01629,ORD101628,SUP022,SKU031,LOC11,LOC24,2026-01-02,2026-01-30,2026-02-04,Ocean,119,1778.87,3,0.0,33,16.0,Priority,Delivered,114738.61,late
SHP01630,ORD101629,SUP028,SKU041,LOC12,LOC15,2025-02-04,2025-02-16,2025-02-22,Rail,87,2016.17,3,2.0,18,65.1,Normal,Delivered,85668.03,late
SHP01631,ORD101630,SUP040,SKU006,LOC07,LOC22,2026-10-05,2026-10-28,2026-11-09,Ocean,362,4553.64,9,4.0,35,60.2,Priority,Delivered,510184.7,late
SHP01632,ORD101631,SUP002,SKU049,LOC12,LOC16,2026-02-20,2026-03-15,2026-03-21,Ocean,491,15960.81,7,2.0,29,52.7,Normal,Delivered,169699.42,late
SHP01633,ORD101632,SUP010,SKU028,LOC06,LOC25,2025-09-14,2025-10-08,2025-10-12,Ocean,432,6408.71,1,3.0,28,41.1,Normal,Delivered,401950.08,late
SHP01634,ORD101633,SUP011,SKU053,LOC09,LOC17,2025-12-02,2025-12-10,2025-12-17,Air,26,3104.41,4,4.0,15,42.1,Normal,Delivered,20271.16,late
SHP01635,ORD101634,SUP011,SKU032,LOC09,LOC25,2026-03-04,2026-03-20,2026-03-30,Ocean,267,8387.43,6,4.0,26,52.2,Normal,Delivered,36362.73,late
SHP01636,ORD101635,SUP019,SKU033,LOC07,LOC23,2025-06-29,2025-07-04,2025-07-12,Air,118,18926.99,1,4.0,13,50.0,Normal,Delivered,192240.88,late
SHP01637,ORD101636,SUP035,SKU042,LOC10,LOC17,2025-07-18,2025-08-16,2025-08-17,Ocean,294,7685.72,6,0.0,30,16.0,Normal,Delivered,428272.74,late
SHP01638,ORD101637,SUP002,SKU050,LOC06,LOC18,2025-10-16,2025-11-07,2025-11-11,Ocean,394,11012.74,1,1.0,26,42.3,Critical,Delivered,339943.2,late
SHP01639,ORD101638,SUP033,SKU010,LOC03,LOC25,2025-06-28,2025-07-12,2025-07-15,Rail,43,3037.64,3,3.0,17,58.8,Normal,Delivered,55923.22,late
SHP01640,ORD101639,SUP025,SKU031,LOC04,LOC17,2026-06-07,2026-06-29,2026-07-10,Ocean,108,1663.71,10,2.0,33,48.3,Normal,Delivered,104132.52,late
SHP01641,ORD101640,SUP025,SKU002,LOC09,LOC24,2025-03-13,2025-04-10,2025-04-12,Ocean,349,11622.6,3,0.0,30,27.5,Normal,Delivered,244568.73,late
SHP01642,ORD101641,SUP028,SKU029,LOC02,LOC17,2026-07-25,2026-08-16,2026-08-22,Ocean,338,1116.27,3,5.0,28,56.5,Normal,Delivered,122873.14,late
SHP01643,ORD101642,SUP005,SKU049,LOC11,LOC18,2025-08-29,2025-09-30,2025-10-01,Ocean,434,11932.38,3,1.0,33,55.0,Normal,Delivered,149999.08,late
SHP01644,ORD101643,SUP030,SKU052,LOC04,LOC17,2026-01-23,2026-02-18,2026-02-20,Ocean,416,14362.16,3,2.0,28,24.7,Normal,Delivered,106134.08,late
SHP01645,ORD101644,SUP010,SKU018,LOC01,LOC15,2025-04-19,2025-04-28,2025-04-30,Air,15,2578.13,3,2.0,11,33.8,Critical,Delivered,6799.2,late
SHP01646,ORD101645,SUP021,SKU024,LOC03,LOC15,2025-09-23,2025-10-17,2025-10-27,Ocean,334,5316.81,4,7.0,34,63.7,Normal,Delivered,99365.0,late
SHP01647,ORD101646,SUP028,SKU034,LOC01,LOC15,2026-06-05,2026-07-03,2026-07-14,Ocean,329,12470.68,8,4.0,39,61.5,Normal,Delivered,464870.42,late
SHP01648,ORD101647,SUP025,SKU024,LOC04,LOC23,2025-07-06,2025-07-26,2025-08-06,Ocean,174,2037.54,6,2.0,31,45.4,Normal,Delivered,51765.0,late
SHP01649,ORD101648,SUP013,SKU011,LOC09,LOC20,2025-04-02,2025-04-11,2025-04-11,Air,24,697.56,0,2.0,9,35.2,Normal,Delivered,40148.88,on_time
SHP01650,ORD101649,SUP016,SKU019,LOC04,LOC19,2025-12-27,2026-01-16,2026-01-25,Ocean,300,9608.65,4,3.0,29,55.6,Normal,Delivered,331035.0,late
SHP01651,ORD101650,SUP020,SKU025,LOC04,LOC20,2025-04-23,2025-05-09,2025-05-15,Ocean,237,3408.54,6,2.0,22,60.5,Priority,Delivered,74557.83,late
SHP01652,ORD101651,SUP002,SKU032,LOC12,LOC20,2025-08-06,2025-08-14,2025-08-20,Air,304,39112.53,3,3.0,14,56.1,Normal,Delivered,41401.76,late
SHP01653,ORD101652,SUP030,SKU056,LOC09,LOC19,2025-11-07,2025-11-12,2025-11-25,Air,207,5656.48,8,6.0,18,32.4,Normal,Delivered,63002.52,late
SHP01654,ORD101653,SUP004,SKU033,LOC10,LOC23,2026-01-25,2026-02-15,2026-02-13,Rail,360,26506.49,1,1.0,19,50.0,Normal,Delivered,586497.6,on_time
SHP01655,ORD101654,SUP019,SKU024,LOC05,LOC16,2026-03-18,2026-04-10,2026-04-23,Ocean,435,5056.27,7,4.0,36,54.4,Priority,Delivered,129412.5,late
SHP01656,ORD101655,SUP027,SKU040,LOC05,LOC20,2026-04-12,2026-04-28,2026-05-09,Ocean,310,3582.75,8,4.0,27,57.6,Normal,Delivered,530177.5,late
SHP01657,ORD101656,SUP004,SKU047,LOC02,LOC17,2026-08-06,2026-08-26,2026-08-26,Ocean,489,10995.43,4,0.0,20,33.0,Critical,Delivered,693651.39,on_time
SHP01658,ORD101657,SUP040,SKU026,LOC04,LOC23,2025-02-15,2025-02-25,2025-03-04,Air,382,3764.38,7,3.0,17,64.5,Normal,Delivered,54328.04,late
SHP01659,ORD101658,SUP016,SKU030,LOC06,LOC20,2025-09-08,2025-10-05,2025-10-10,Ocean,145,1878.82,1,3.0,32,43.9,Normal,Delivered,151888.95,late
SHP01660,ORD101659,SUP001,SKU014,LOC04,LOC22,2025-01-01,2025-01-26,2025-01-27,Ocean,392,9645.38,4,0.0,26,33.6,Normal,Delivered,453790.96,late
SHP01661,ORD101660,SUP027,SKU052,LOC11,LOC15,2025-01-07,2025-01-26,2025-02-02,Ocean,350,16135.95,4,1.0,26,63.0,Normal,Delivered,89295.5,late
SHP01662,ORD101661,SUP023,SKU053,LOC07,LOC19,2025-05-27,2025-06-07,2025-06-20,Rail,110,5236.15,8,3.0,24,66.2,Normal,Delivered,85762.6,late
SHP01663,ORD101662,SUP026,SKU011,LOC08,LOC22,2026-02-17,2026-03-04,2026-03-02,Rail,211,2574.57,2,0.0,13,48.5,Normal,Delivered,352975.57,on_time
SHP01664,ORD101663,SUP031,SKU021,LOC07,LOC21,2026-09-10,2026-10-02,2026-10-06,Ocean,247,4611.5,1,1.0,26,27.5,Priority,Delivered,118550.12,late
SHP01665,ORD101664,SUP020,SKU017,LOC09,LOC20,2026-06-18,2026-06-30,2026-07-05,Rail,444,1536.0,5,3.0,17,50.8,Priority,Delivered,105028.2,late
SHP01666,ORD101665,SUP034,SKU056,LOC07,LOC24,2026-03-22,2026-04-03,2026-04-17,Rail,409,6592.48,4,9.0,26,69.7,Normal,Delivered,124483.24,late
SHP01667,ORD101666,SUP015,SKU004,LOC07,LOC18,2026-06-21,2026-07-14,2026-07-19,Ocean,161,837.97,2,2.0,28,57.3,Normal,Delivered,242079.6,late
SHP01668,ORD101667,SUP022,SKU013,LOC04,LOC22,2025-04-29,2025-05-23,2025-05-29,Ocean,148,1659.49,2,4.0,30,16.0,Priority,Delivered,246869.92,late
SHP01669,ORD101668,SUP007,SKU019,LOC02,LOC18,2026-08-03,2026-08-13,2026-08-23,Air,136,21763.11,5,1.0,20,61.1,Normal,Delivered,150069.2,late
SHP01670,ORD101669,SUP025,SKU034,LOC08,LOC20,2026-09-07,2026-10-03,2026-10-13,Ocean,218,7577.2,7,2.0,36,39.8,Normal,Delivered,308029.64,late
SHP01671,ORD101670,SUP011,SKU015,LOC06,LOC25,2025-03-07,2025-03-24,2025-04-07,Ocean,430,6886.39,6,6.0,31,44.4,Critical,Delivered,748518.2,late
SHP01672,ORD101671,SUP028,SKU033,LOC01,LOC25,2025-11-21,2025-12-12,2025-12-15,Ocean,165,5010.45,5,2.0,24,62.3,Normal,Delivered,268811.4,late
SHP01673,ORD101672,SUP033,SKU045,LOC06,LOC22,2026-07-27,2026-08-06,2026-08-17,Rail,237,2038.44,7,2.0,21,45.3,Normal,Delivered,312515.31,late
SHP01674,ORD101673,SUP035,SKU050,LOC12,LOC15,2025-11-25,2025-12-18,2026-01-01,Ocean,13,362.76,8,5.0,37,16.0,Normal,Delivered,11216.4,late
SHP01675,ORD101674,SUP038,SKU006,LOC11,LOC18,2026-08-03,2026-08-13,2026-08-16,Air,247,12785.0,6,0.0,13,67.5,Normal,Delivered,348109.45,late
SHP01676,ORD101675,SUP005,SKU009,LOC03,LOC18,2026-10-08,2026-11-04,2026-11-06,Ocean,103,3134.06,4,2.0,29,44.0,Priority,Delivered,109680.58,late
SHP01677,ORD101676,SUP006,SKU006,LOC04,LOC23,2025-11-24,2025-12-21,2025-12-26,Ocean,379,5084.53,6,1.0,32,38.1,Normal,Delivered,534143.65,late
SHP01678,ORD101677,SUP038,SKU055,LOC03,LOC15,2025-02-11,2025-02-23,2025-03-06,Rail,339,6938.32,6,5.0,23,70.5,Normal,Delivered,231930.24,late
SHP01679,ORD101678,SUP016,SKU040,LOC03,LOC24,2025-08-23,2025-09-23,2025-09-25,Ocean,196,3127.28,2,1.0,33,38.7,Normal,Delivered,335209.0,late
SHP01680,ORD101679,SUP002,SKU032,LOC04,LOC24,2025-05-29,2025-06-24,2025-07-02,Ocean,118,3395.56,6,3.0,34,54.5,Normal,Delivered,16070.42,late
SHP01681,ORD101680,SUP012,SKU048,LOC09,LOC19,2025-11-24,2025-12-24,2026-01-02,Ocean,135,4878.59,5,2.0,39,57.3,Normal,Delivered,66108.15,late
SHP01682,ORD101681,SUP034,SKU036,LOC09,LOC18,2026-02-09,2026-02-13,2026-02-16,Air,126,24560.44,3,0.0,7,71.3,Priority,Delivered,108008.46,late
SHP01683,ORD101682,SUP015,SKU015,LOC01,LOC21,2025-11-17,2025-12-18,2025-12-24,Ocean,307,5248.36,4,2.0,37,49.3,Critical,Delivered,534407.18,late
SHP01684,ORD101683,SUP004,SKU031,LOC06,LOC17,2025-05-15,2025-06-08,2025-06-12,Ocean,110,1516.06,5,2.0,28,29.1,Normal,Delivered,106060.9,late
SHP01685,ORD101684,SUP029,SKU043,LOC06,LOC15,2025-07-27,2025-08-18,2025-08-23,Ocean,499,7572.52,4,4.0,27,39.1,Critical,Delivered,666035.26,late
SHP01686,ORD101685,SUP008,SKU003,LOC07,LOC19,2026-04-14,2026-05-13,2026-05-20,Ocean,466,6549.83,4,1.0,36,35.7,Priority,Delivered,787125.26,late
SHP01687,ORD101686,SUP015,SKU037,LOC01,LOC25,2025-01-19,2025-02-18,2025-02-26,Ocean,14,134.4,4,4.0,38,62.2,Priority,Delivered,4064.06,late
SHP01688,ORD101687,SUP001,SKU030,LOC06,LOC15,2025-05-28,2025-06-23,2025-06-26,Ocean,126,1469.53,1,2.0,29,28.5,Normal,Delivered,131986.26,late
SHP01689,ORD101688,SUP025,SKU005,LOC01,LOC21,2026-09-08,2026-10-08,2026-10-17,Ocean,323,9093.77,6,1.0,39,34.8,Normal,Delivered,510294.78,late
SHP01690,ORD101689,SUP018,SKU016,LOC05,LOC19,2025-03-10,2025-04-10,2025-04-17,Ocean,357,13372.31,4,4.0,38,28.6,Critical,Delivered,520024.05,late
SHP01691,ORD101690,SUP035,SKU027,LOC04,LOC22,2025-10-14,2025-10-23,2025-10-25,Air,134,15446.02,4,3.0,11,16.0,Priority,Delivered,166113.1,late
SHP01692,ORD101691,SUP014,SKU021,LOC09,LOC21,2025-05-23,2025-06-01,2025-06-09,Air,124,11499.24,5,5.0,17,26.3,Priority,Delivered,59515.04,late
SHP01693,ORD101692,SUP009,SKU018,LOC11,LOC19,2025-03-14,2025-04-14,2025-04-20,Ocean,26,1083.67,8,0.0,37,36.4,Normal,Delivered,11785.28,late
SHP01694,ORD101693,SUP007,SKU039,LOC08,LOC22,2025-10-19,2025-11-12,2025-11-17,Ocean,282,4153.22,7,1.0,29,68.4,Normal,Delivered,200490.72,late
SHP01695,ORD101694,SUP009,SKU025,LOC07,LOC19,2025-12-26,2026-01-23,2026-01-29,Ocean,130,1453.19,7,2.0,34,40.6,Normal,Delivered,40896.7,late
SHP01696,ORD101695,SUP019,SKU030,LOC14,LOC21,2025-05-02,2025-05-19,2025-05-28,Rail,78,1841.67,3,1.0,26,58.6,Priority,Delivered,81705.78,late
SHP01697,ORD101696,SUP004,SKU048,LOC04,LOC18,2025-02-23,2025-03-13,2025-03-20,Ocean,375,12539.49,5,1.0,25,24.6,Priority,Delivered,183633.75,late
SHP01698,ORD101697,SUP017,SKU006,LOC11,LOC23,2025-04-03,2025-04-25,2025-05-02,Ocean,293,4851.73,1,7.0,29,27.0,Normal,Delivered,412939.55,late
SHP01699,ORD101698,SUP035,SKU022,LOC11,LOC16,2026-03-26,2026-04-16,2026-04-16,Ocean,135,4780.71,2,0.0,21,16.0,Normal,Delivered,199540.8,on_time
SHP01700,ORD101699,SUP031,SKU005,LOC01,LOC16,2026-08-17,2026-09-13,2026-09-21,Ocean,49,1446.94,7,2.0,35,23.9,Priority,Delivered,77413.14,late
SHP01701,ORD101700,SUP026,SKU056,LOC05,LOC21,2025-05-05,2025-05-30,2025-06-04,Ocean,463,3385.45,5,3.0,30,36.4,Normal,Delivered,140918.68,late
SHP01702,ORD101701,SUP036,SKU012,LOC06,LOC25,2025-08-10,2025-09-09,2025-09-21,Ocean,401,4589.46,6,7.0,42,60.5,Priority,Delivered,361886.46,late
SHP01703,ORD101702,SUP032,SKU050,LOC13,LOC16,2025-08-26,2025-09-02,2025-09-13,Air,324,30808.42,7,3.0,18,87.2,Critical,Delivered,279547.2,late
SHP01704,ORD101703,SUP027,SKU012,LOC02,LOC22,2025-09-06,2025-09-14,2025-09-21,Air,60,3119.62,3,3.0,15,54.2,Normal,Delivered,54147.6,late
SHP01705,ORD101704,SUP035,SKU020,LOC13,LOC22,2025-06-18,2025-06-30,2025-06-29,Air,49,3499.05,2,0.0,11,16.0,Normal,Delivered,38828.58,on_time
SHP01706,ORD101705,SUP005,SKU037,LOC10,LOC15,2025-02-08,2025-02-15,2025-02-26,Air,62,3067.79,4,5.0,18,49.1,Priority,Delivered,17997.98,late
SHP01707,ORD101706,SUP033,SKU050,LOC05,LOC15,2025-12-29,2026-01-28,2026-01-31,Ocean,20,456.8,4,0.0,33,42.3,Priority,Delivered,17256.0,late
SHP01708,ORD101707,SUP012,SKU011,LOC08,LOC18,2025-09-04,2025-09-20,2025-09-25,Rail,199,2922.77,5,2.0,21,69.0,Priority,Delivered,332901.13,late
SHP01709,ORD101708,SUP030,SKU013,LOC08,LOC19,2025-08-25,2025-09-04,2025-09-12,Air,474,24210.47,3,5.0,18,37.5,Priority,Delivered,790650.96,late
SHP01710,ORD101709,SUP037,SKU053,LOC05,LOC15,2025-07-02,2025-07-11,2025-07-16,Air,82,10691.0,4,1.0,14,47.1,Normal,Delivered,63932.12,late
SHP01711,ORD101710,SUP020,SKU020,LOC14,LOC25,2026-10-04,2026-10-14,2026-10-16,Air,123,10693.46,6,1.0,12,62.0,Critical,Delivered,97467.66,late
SHP01712,ORD101711,SUP004,SKU013,LOC12,LOC22,2026-02-26,2026-03-14,2026-03-20,Ocean,418,6191.18,3,3.0,22,21.5,Normal,Delivered,697240.72,late
SHP01713,ORD101712,SUP015,SKU045,LOC12,LOC25,2025-10-16,2025-11-05,2025-11-05,Ocean,32,125.79,2,1.0,20,57.3,Normal,Delivered,42196.16,on_time
SHP01714,ORD101713,SUP017,SKU006,LOC14,LOC23,2025-05-22,2025-06-14,2025-06-22,Ocean,426,6119.8,7,2.0,31,27.0,Normal,Delivered,600383.1,late
SHP01715,ORD101714,SUP038,SKU053,LOC13,LOC21,2026-07-07,2026-08-09,2026-08-11,Ocean,183,6029.53,5,1.0,35,91.2,Normal,Delivered,142677.78,late
SHP01716,ORD101715,SUP038,SKU053,LOC07,LOC17,2026-09-05,2026-10-04,2026-10-06,Ocean,57,1444.16,1,3.0,31,67.0,Normal,Delivered,44440.62,late
SHP01717,ORD101716,SUP023,SKU052,LOC07,LOC16,2025-01-23,2025-02-23,2025-02-24,Ocean,264,11889.8,2,0.0,32,51.0,Normal,Delivered,67354.32,late
SHP01718,ORD101717,SUP039,SKU018,LOC03,LOC22,2026-10-04,2026-10-24,2026-10-30,Ocean,354,14743.54,3,2.0,26,34.7,Priority,Delivered,160461.12,late
SHP01719,ORD101718,SUP018,SKU007,LOC11,LOC20,2026-04-28,2026-05-13,2026-05-18,Rail,175,2170.65,7,3.0,20,38.3,Priority,Delivered,12155.5,late
SHP01720,ORD101719,SUP017,SKU026,LOC01,LOC20,2025-03-10,2025-03-19,2025-03-18,Air,202,1651.49,0,3.0,8,27.0,Priority,Delivered,28728.44,on_time
SHP01721,ORD101720,SUP034,SKU021,LOC07,LOC18,2026-06-04,2026-06-21,2026-06-30,Ocean,251,4239.58,8,0.0,26,73.5,Priority,Delivered,120469.96,late
SHP01722,ORD101721,SUP027,SKU058,LOC09,LOC16,2025-03-16,2025-04-10,2025-04-15,Ocean,46,1547.33,2,3.0,30,47.2,Normal,Delivered,65063.78,late
SHP01723,ORD101722,SUP021,SKU038,LOC11,LOC22,2025-02-05,2025-02-25,2025-02-27,Ocean,125,2405.27,1,0.0,22,60.8,Priority,Delivered,56645.0,late
SHP01724,ORD101723,SUP019,SKU057,LOC10,LOC18,2025-03-21,2025-04-09,2025-04-11,Rail,14,451.21,4,0.0,21,53.1,Priority,Delivered,18558.4,late
SHP01725,ORD101724,SUP029,SKU046,LOC08,LOC15,2025-11-14,2025-11-21,2025-11-25,Air,75,11152.44,2,0.0,11,49.4,Normal,Delivered,21461.25,late
SHP01726,ORD101725,SUP031,SKU043,LOC14,LOC20,2026-03-04,2026-03-11,2026-03-10,Air,287,18843.24,2,0.0,6,17.4,Normal,Delivered,383070.38,on_time
SHP01727,ORD101726,SUP020,SKU007,LOC10,LOC19,2025-10-09,2025-11-09,2025-11-12,Ocean,286,1777.65,0,5.0,34,56.3,Normal,Delivered,19865.56,late
SHP01728,ORD101727,SUP002,SKU005,LOC02,LOC17,2025-03-26,2025-04-15,2025-05-04,Ocean,42,1166.75,6,8.0,39,62.2,Normal,Delivered,66354.12,late
SHP01729,ORD101728,SUP005,SKU003,LOC01,LOC21,2025-05-18,2025-05-25,2025-06-02,Air,124,6629.02,1,7.0,15,46.7,Normal,Delivered,209449.64,late
SHP01730,ORD101729,SUP006,SKU036,LOC09,LOC24,2026-08-12,2026-08-30,2026-09-09,Rail,267,19316.94,7,3.0,28,35.1,Normal,Delivered,228875.07,late
SHP01731,ORD101730,SUP019,SKU013,LOC01,LOC21,2026-10-27,,2026-11-29,Ocean,133,1894.8,4,5.0,33,51.8,Critical,Delivered,221849.32,unknown
SHP01732,ORD101731,SUP025,SKU060,LOC04,LOC18,2026-06-05,2026-06-27,2026-06-28,Ocean,60,399.92,2,0.0,23,47.9,Normal,Delivered,92261.4,late
SHP01733,ORD101732,SUP033,SKU008,LOC06,LOC20,2025-03-13,2025-04-10,2025-04-14,Ocean,246,1561.29,3,0.0,32,52.8,Priority,Delivered,303635.34,late
SHP01734,ORD101733,SUP010,SKU057,LOC06,LOC16,2026-07-20,2026-08-17,2026-08-20,Ocean,352,6587.19,2,2.0,31,17.9,Normal,Delivered,466611.2,late
SHP01735,ORD101734,SUP032,SKU041,LOC12,LOC24,2026-04-23,2026-05-12,2026-05-24,Rail,223,5817.58,9,4.0,31,82.5,Priority,Delivered,219585.87,late
SHP01736,ORD101735,SUP027,SKU007,LOC13,LOC15,2025-12-29,2026-01-07,2026-01-15,Air,54,2066.67,5,2.0,17,76.1,Normal,Delivered,3750.84,late
SHP01737,ORD101736,SUP003,SKU004,LOC14,LOC20,2025-04-09,2025-05-11,2025-05-21,Ocean,127,753.71,8,3.0,42,60.7,Priority,Delivered,190957.2,late
SHP01738,ORD101737,SUP015,SKU024,LOC13,LOC21,2026-11-19,2026-12-06,2026-12-08,Ocean,207,2859.25,1,4.0,19,48.6,Normal,Delivered,61582.5,late
SHP01739,ORD101738,SUP013,SKU021,LOC12,LOC21,2025-11-02,2025-11-19,2025-12-05,Ocean,129,2993.28,11,2.0,33,42.9,Priority,Delivered,61914.84,late
SHP01740,ORD101739,SUP036,SKU019,LOC03,LOC20,2025-01-31,2025-03-01,2025-03-09,Ocean,64,1880.86,3,4.0,37,70.4,Normal,Delivered,70620.8,late
SHP01741,ORD101740,SUP037,SKU032,LOC10,LOC20,2025-05-25,2025-06-20,2025-06-25,Ocean,411,15411.63,3,4.0,31,37.8,Normal,Delivered,55974.09,late
SHP01742,ORD101741,SUP033,SKU008,LOC14,LOC18,2025-10-04,2025-10-13,2025-10-16,Air,369,9456.48,1,4.0,12,51.5,Normal,Delivered,455453.01,late
SHP01743,ORD101742,SUP022,SKU008,LOC02,LOC20,2025-02-13,2025-02-23,2025-02-26,Air,21,748.15,0,4.0,13,16.0,Critical,Delivered,25920.09,late
SHP01744,ORD101743,SUP020,SKU042,LOC05,LOC21,2025-08-12,2025-08-30,2025-09-07,Ocean,36,1221.98,4,4.0,26,57.0,Normal,Delivered,52441.56,late
SHP01745,ORD101744,SUP013,SKU060,LOC01,LOC18,2025-11-20,2025-12-02,2025-12-05,Air,252,5725.54,6,0.0,15,42.5,Priority,Delivered,387497.88,late
SHP01746,ORD101745,SUP031,SKU017,LOC02,LOC17,2026-10-17,2026-10-30,2026-11-01,Air,488,3852.99,2,5.0,15,10.4,Normal,Delivered,115436.4,late
SHP01747,ORD101746,SUP004,SKU056,LOC12,LOC17,2025-03-01,2025-03-22,2025-04-03,Ocean,358,2356.73,9,2.0,33,22.8,Priority,Delivered,108960.88,late
SHP01748,ORD101747,SUP011,SKU021,LOC05,LOC18,2026-02-03,2026-02-16,2026-02-20,Air,471,40651.34,5,3.0,17,64.9,Priority,Delivered,226061.16,late
SHP01749,ORD101748,SUP006,SKU021,LOC06,LOC16,2026-09-24,2026-10-04,2026-10-05,Air,379,31242.32,4,1.0,11,33.6,Normal,Delivered,181904.84,late
SHP01750,ORD101749,SUP020,SKU006,LOC13,LOC21,2026-07-11,2026-07-23,2026-07-29,Rail,409,13102.67,3,4.0,18,47.8,Normal,Delivered,576424.15,late
SHP01751,ORD101750,SUP012,SKU026,LOC08,LOC25,2026-10-01,2026-10-18,2026-11-02,Ocean,271,392.99,8,3.0,32,44.5,Priority,Delivered,38541.62,late
SHP01752,ORD101751,SUP008,SKU030,LOC03,LOC21,2025-04-28,2025-06-01,2025-06-06,Ocean,61,659.26,7,1.0,39,52.4,Normal,Delivered,63898.11,late
SHP01753,ORD101752,SUP016,SKU040,LOC09,LOC17,2026-07-07,2026-07-26,2026-07-30,Ocean,417,4747.0,7,2.0,23,42.1,Normal,Delivered,713174.25,late
SHP01754,ORD101753,SUP035,SKU010,LOC05,LOC24,2026-11-07,2026-12-08,2026-12-08,Ocean,373,12752.59,5,0.0,31,16.0,Normal,Delivered,485101.42,on_time
SHP01755,ORD101754,SUP023,SKU012,LOC10,LOC17,2025-08-13,2025-09-13,2025-09-18,Ocean,391,6016.81,3,3.0,36,59.6,Normal,Delivered,352861.86,late
SHP01756,ORD101755,SUP033,SKU026,LOC07,LOC21,2025-12-11,2025-12-17,2025-12-21,Air,350,3407.95,5,2.0,10,42.6,Normal,Delivered,49777.0,late
SHP01757,ORD101756,SUP037,SKU005,LOC08,LOC17,2026-01-02,2026-01-30,2026-02-04,Ocean,40,1065.46,3,1.0,33,39.1,Normal,Delivered,63194.4,late
SHP01758,ORD101757,SUP037,SKU009,LOC08,LOC18,2025-12-07,2025-12-28,2026-01-02,Ocean,223,5514.13,7,0.0,26,42.1,Normal,Delivered,237463.78,late
SHP01759,ORD101758,SUP015,SKU038,LOC02,LOC15,2025-07-19,2025-07-30,2025-08-07,Rail,300,11438.51,3,7.0,19,62.5,Critical,Delivered,135948.0,late
SHP01760,ORD101759,SUP036,SKU058,LOC01,LOC23,2026-11-01,2026-11-25,2026-12-07,Ocean,23,1042.39,8,5.0,36,80.5,Priority,Delivered,32531.89,late
SHP01761,ORD101760,SUP037,SKU035,LOC06,LOC25,2026-10-22,2026-11-18,2026-11-21,Ocean,137,887.75,4,0.0,30,28.0,Normal,Delivered,135054.6,late
SHP01762,ORD101761,SUP039,SKU009,LOC13,LOC21,2025-09-20,2025-10-17,2025-10-21,Ocean,207,5838.68,4,3.0,31,37.7,Normal,Delivered,220426.02,late
SHP01763,ORD101762,SUP015,SKU060,LOC05,LOC24,2026-07-10,2026-08-10,2026-08-17,Ocean,341,2363.13,4,4.0,38,56.1,Normal,Delivered,524352.29,late
SHP01764,ORD101763,SUP010,SKU032,LOC04,LOC21,2025-10-02,2025-11-01,2025-10-31,Ocean,455,13787.18,3,2.0,29,20.6,Normal,Delivered,61966.45,on_time
SHP01765,ORD101764,SUP024,SKU044,LOC07,LOC16,2026-07-03,2026-07-12,2026-07-22,Air,317,49380.24,5,6.0,19,68.3,Critical,Delivered,493112.52,late
SHP01766,ORD101765,SUP038,SKU012,LOC14,LOC16,2026-02-08,2026-03-12,2026-03-17,Ocean,203,2823.68,5,1.0,37,69.7,Critical,Delivered,183199.38,late
SHP01767,ORD101766,SUP037,SKU035,LOC01,LOC22,2025-11-21,2025-12-13,2025-12-17,Ocean,419,3180.54,2,3.0,26,33.9,Normal,Delivered,413050.2,late
SHP01768,ORD101767,SUP023,SKU005,LOC11,LOC17,2025-03-30,2025-04-21,2025-04-28,Ocean,438,9545.57,7,1.0,29,59.5,Critical,Delivered,691978.68,late
SHP01769,ORD101768,SUP006,SKU038,LOC13,LOC18,2026-03-28,2026-04-16,2026-04-20,Rail,398,16483.17,7,4.0,23,42.6,Priority,Delivered,180357.68,late
SHP01770,ORD101769,SUP017,SKU013,LOC07,LOC17,2025-08-10,2025-08-30,2025-09-03,Ocean,343,5152.55,6,4.0,24,27.0,Normal,Delivered,572137.72,late
SHP01771,ORD101770,SUP029,SKU055,LOC03,LOC24,2025-05-30,2025-06-05,2025-06-15,Air,330,17376.36,0,6.0,16,55.4,Normal,Delivered,225772.8,late
SHP01772,ORD101771,SUP023,SKU004,LOC06,LOC15,2025-05-14,2025-06-13,2025-06-18,Ocean,256,1767.25,5,3.0,35,55.2,Priority,Delivered,384921.6,late
SHP01773,ORD101772,SUP014,SKU040,LOC11,LOC25,2026-11-09,2026-11-15,2026-11-23,Air,35,1857.96,4,6.0,14,25.0,Normal,Delivered,59858.75,late
SHP01774,ORD101773,SUP014,SKU009,LOC05,LOC24,2025-03-13,2025-04-03,2025-04-10,Ocean,78,1956.47,3,5.0,28,31.2,Normal,Delivered,83059.08,late
SHP01775,ORD101774,SUP003,SKU042,LOC11,LOC17,2026-07-05,2026-07-29,2026-08-06,Ocean,303,10389.24,5,4.0,32,66.5,Normal,Delivered,441383.13,late
SHP01776,ORD101775,SUP012,SKU030,LOC12,LOC18,2026-08-21,2026-09-20,2026-09-24,Ocean,227,2500.87,3,6.0,34,55.4,Normal,Delivered,237784.77,late
SHP01777,ORD101776,SUP027,SKU059,LOC14,LOC19,2025-01-22,2025-01-29,2025-02-01,Air,65,15356.2,0,3.0,10,42.2,Priority,Delivered,84803.55,late
SHP01778,ORD101777,SUP010,SKU040,LOC02,LOC17,2026-02-11,2026-03-16,2026-03-14,Ocean,275,3813.85,0,1.0,31,18.5,Normal,Delivered,470318.75,on_time
SHP01779,ORD101778,SUP040,SKU023,LOC09,LOC20,2026-02-03,2026-03-03,2026-03-15,Ocean,445,11545.35,6,5.0,40,64.4,Normal,Delivered,134180.85,late
SHP01780,ORD101779,SUP004,SKU006,LOC13,LOC23,2025-09-05,2025-10-07,2025-10-16,Ocean,162,2512.0,6,6.0,41,23.4,Normal,Delivered,228314.7,late
SHP01781,ORD101780,SUP024,SKU036,LOC03,LOC25,2026-04-06,2026-04-30,2026-05-07,Ocean,404,14683.71,6,1.0,31,65.2,Normal,Delivered,346312.84,late
SHP01782,ORD101781,SUP020,SKU027,LOC04,LOC15,2025-10-09,2025-11-01,2025-11-11,Ocean,246,5128.98,6,2.0,33,70.0,Priority,Delivered,304953.9,late
SHP01783,ORD101782,SUP034,SKU004,LOC13,LOC18,2025-10-31,2025-11-22,2025-11-29,Ocean,434,2768.94,3,4.0,29,72.4,Normal,Delivered,652562.4,late
SHP01784,ORD101783,SUP036,SKU035,LOC11,LOC18,2025-10-25,2025-11-19,2025-12-01,Ocean,252,1308.59,3,5.0,37,70.8,Normal,Delivered,248421.6,late
SHP01785,ORD101784,SUP022,SKU013,LOC10,LOC25,2026-07-07,2026-07-27,2026-07-28,Ocean,26,358.92,4,0.0,21,16.0,Normal,Delivered,43369.04,late
SHP01786,ORD101785,SUP026,SKU015,LOC13,LOC17,2026-03-13,2026-04-05,2026-04-10,Ocean,94,1980.03,6,3.0,28,38.7,Normal,Delivered,163629.56,late
SHP01787,ORD101786,SUP028,SKU001,LOC06,LOC20,2025-09-19,2025-10-18,2025-10-29,Ocean,360,9696.37,9,3.0,40,63.5,Critical,Delivered,215805.6,late
SHP01788,ORD101787,SUP021,SKU023,LOC01,LOC16,2026-10-02,2026-10-29,2026-11-09,Ocean,166,3805.71,9,2.0,38,62.2,Normal,Delivered,50053.98,late
SHP01789,ORD101788,SUP008,SKU014,LOC10,LOC15,2026-07-08,2026-07-28,2026-08-11,Ocean,117,3299.41,11,4.0,34,26.0,Normal,Delivered,135442.71,late
SHP01790,ORD101789,SUP018,SKU005,LOC11,LOC25,2026-10-06,2026-10-19,2026-10-23,Rail,275,14786.08,2,2.0,17,49.5,Normal,Delivered,434461.5,late
SHP01791,ORD101790,SUP010,SKU027,LOC10,LOC25,2026-05-20,2026-06-19,2026-06-25,Ocean,180,3756.06,3,4.0,36,15.9,Normal,Delivered,223137.0,late
SHP01792,ORD101791,SUP019,SKU014,LOC01,LOC18,2025-09-28,2025-10-07,2025-10-15,Air,225,27096.69,6,3.0,17,53.5,Normal,Delivered,260466.75,late
SHP01793,ORD101792,SUP025,SKU009,LOC09,LOC21,2026-06-18,2026-07-08,2026-07-11,Ocean,470,15564.2,6,2.0,23,59.9,Normal,Delivered,500484.2,late
SHP01794,ORD101793,SUP009,SKU029,LOC05,LOC23,2025-08-16,2025-09-07,2025-09-17,Ocean,213,689.03,4,7.0,32,28.4,Critical,Delivered,77431.89,late
SHP01795,ORD101794,SUP010,SKU004,LOC08,LOC23,2025-07-06,2025-07-31,2025-08-10,Ocean,47,226.07,6,5.0,35,46.2,Critical,Delivered,70669.2,late
SHP01796,ORD101795,SUP033,SKU060,LOC12,LOC20,2025-11-08,2025-12-08,2025-12-14,Ocean,312,1524.43,5,2.0,36,54.5,Normal,Delivered,479759.28,late
SHP01797,ORD101796,SUP016,SKU029,LOC03,LOC25,2026-10-31,2026-11-08,2026-11-10,Air,29,400.82,4,3.0,10,31.4,Normal,Delivered,10542.37,late
SHP01798,ORD101797,SUP008,SKU060,LOC06,LOC15,2026-01-27,2026-02-10,2026-02-14,Rail,16,224.64,4,3.0,18,29.3,Priority,Delivered,24603.04,late
SHP01799,ORD101798,SUP029,SKU053,LOC01,LOC22,2025-09-22,2025-10-13,2025-10-25,Ocean,40,962.39,10,4.0,33,60.1,Normal,Delivered,31186.4,late
SHP01800,ORD101799,SUP029,SKU059,LOC05,LOC18,2025-11-15,2025-11-21,2025-11-24,Air,225,51574.56,0,2.0,9,53.5,Normal,Delivered,293550.75,late
SHP01801,ORD101800,SUP034,SKU033,LOC11,LOC24,2025-07-20,2025-08-18,2025-08-23,Ocean,112,4072.05,3,4.0,34,57.5,Normal,Delivered,182465.92,late
SHP01802,ORD101801,SUP031,SKU026,LOC05,LOC15,2026-03-31,2026-04-23,2026-04-29,Ocean,181,342.85,1,5.0,29,26.3,Normal,Delivered,25741.82,late
SHP01803,ORD101802,SUP040,SKU044,LOC04,LOC25,2025-08-30,2025-09-07,2025-09-14,Air,221,28921.56,7,3.0,15,48.9,Normal,Delivered,343778.76,late
SHP01804,ORD101803,SUP023,SKU005,LOC02,LOC17,2026-01-18,2026-02-06,2026-02-11,Ocean,117,3024.38,3,5.0,24,65.7,Normal,Delivered,184843.62,late
SHP01805,ORD101804,SUP012,SKU051,LOC04,LOC24,2025-09-13,2025-10-02,2025-10-05,Ocean,49,1829.74,3,0.0,22,34.7,Normal,Delivered,44527.77,late
SHP01806,ORD101805,SUP035,SKU020,LOC01,LOC21,2025-08-10,2025-08-25,2025-08-23,Rail,247,7846.19,1,3.0,13,16.0,Priority,Delivered,195727.74,on_time
SHP01807,ORD101806,SUP011,SKU001,LOC07,LOC25,2026-11-01,2026-11-14,2026-11-17,Rail,368,18673.94,0,2.0,16,60.5,Priority,Delivered,220601.28,late
SHP01808,ORD101807,SUP012,SKU015,LOC01,LOC22,2025-08-27,2025-09-03,2025-09-02,Air,384,31409.93,1,0.0,6,57.0,Priority,Delivered,668444.16,on_time
SHP01809,ORD101808,SUP034,SKU015,LOC13,LOC18,2025-02-18,2025-03-18,2025-03-23,Ocean,183,2700.94,5,3.0,33,67.4,Normal,Delivered,318555.42,late
SHP01810,ORD101809,SUP036,SKU001,LOC09,LOC21,2025-09-19,2025-10-02,2025-10-16,Rail,356,13200.91,10,0.0,27,67.1,Normal,Delivered,213407.76,late
SHP01811,ORD101810,SUP014,SKU041,LOC05,LOC20,2026-01-03,2026-01-22,2026-01-31,Ocean,186,2475.2,5,2.0,28,40.3,Normal,Delivered,183152.34,late
SHP01812,ORD101811,SUP030,SKU006,LOC02,LOC25,2025-03-07,2025-03-29,2025-04-06,Ocean,117,1681.3,4,4.0,30,40.5,Priority,Delivered,164893.95,late
SHP01813,ORD101812,SUP037,SKU051,LOC02,LOC23,2025-07-30,2025-08-28,2025-08-31,Ocean,467,14108.96,4,3.0,32,38.5,Normal,Delivered,424376.91,late
SHP01814,ORD101813,SUP032,SKU028,LOC05,LOC20,2025-04-25,2025-05-06,2025-05-21,Rail,136,3216.39,9,3.0,26,96.6,Normal,Delivered,126539.84,late
SHP01815,ORD101814,SUP001,SKU044,LOC04,LOC21,2025-12-12,2025-12-23,2025-12-24,Rail,28,1545.25,3,0.0,12,11.5,Normal,Delivered,43555.68,late
SHP01816,ORD101815,SUP027,SKU021,LOC10,LOC23,2026-05-14,2026-05-19,2026-05-27,Air,145,13685.4,5,3.0,13,38.7,Priority,Delivered,69594.2,late
SHP01817,ORD101816,SUP007,SKU008,LOC06,LOC19,2026-10-31,2026-11-27,2026-12-07,Ocean,440,3194.28,4,6.0,37,77.2,Normal,Delivered,543087.6,late
SHP01818,ORD101817,SUP034,SKU011,LOC03,LOC16,2025-09-26,2025-10-29,2025-11-09,Ocean,173,948.01,9,4.0,44,82.4,Priority,Delivered,289406.51,late
SHP01819,ORD101818,SUP003,SKU039,LOC11,LOC17,2026-08-19,2026-09-08,2026-09-15,Ocean,283,3647.74,6,1.0,27,56.7,Normal,Delivered,201201.68,late
SHP01820,ORD101819,SUP040,SKU043,LOC07,LOC24,2025-05-29,2025-06-09,2025-06-15,Rail,363,9381.34,5,2.0,17,44.0,Priority,Delivered,484510.62,late
SHP01821,ORD101820,SUP008,SKU017,LOC04,LOC21,2026-06-23,2026-07-21,2026-07-19,Ocean,101,139.67,0,1.0,26,32.1,Normal,Delivered,23891.55,on_time
SHP01822,ORD101821,SUP017,SKU022,LOC09,LOC15,2026-01-24,2026-02-13,2026-02-20,Ocean,37,1011.88,4,3.0,27,27.0,Normal,Delivered,54688.96,late
SHP01823,ORD101822,SUP010,SKU057,LOC06,LOC17,2026-06-08,2026-06-15,2026-06-20,Air,178,12442.23,4,2.0,12,22.6,Normal,Delivered,235956.8,late
SHP01824,ORD101823,SUP033,SKU052,LOC12,LOC24,2026-06-06,2026-06-25,2026-06-30,Ocean,428,20544.33,5,1.0,24,43.9,Normal,Delivered,109195.64,late
SHP01825,ORD101824,SUP016,SKU025,LOC07,LOC16,2026-01-03,2026-01-17,2026-01-19,Rail,68,1784.53,1,2.0,16,32.7,Normal,Delivered,21392.12,late
SHP01826,ORD101825,SUP030,SKU015,LOC11,LOC24,2025-06-27,2025-07-28,2025-07-31,Ocean,255,5137.92,4,0.0,34,32.0,Normal,Delivered,443888.7,late
SHP01827,ORD101826,SUP003,SKU019,LOC03,LOC20,2025-12-30,2026-01-09,2026-01-12,Air,389,80912.9,1,4.0,13,69.6,Normal,Delivered,429242.05,late
SHP01828,ORD101827,SUP019,SKU033,LOC09,LOC17,2026-07-25,2026-08-19,2026-09-02,Ocean,329,13007.8,8,7.0,39,58.6,Normal,Delivered,535993.64,late
SHP01829,ORD101828,SUP037,SKU035,LOC09,LOC21,2026-11-01,2026-11-22,2026-11-27,Ocean,123,640.27,2,3.0,26,31.6,Priority,Delivered,121253.4,late
SHP01830,ORD101829,SUP038,SKU012,LOC13,LOC20,2026-10-02,2026-10-28,2026-11-03,Ocean,408,4416.31,7,3.0,32,63.3,Normal,Delivered,368203.68,late
SHP01831,ORD101830,SUP009,SKU004,LOC09,LOC19,2025-05-06,2025-05-21,2025-05-20,Ocean,275,1672.63,0,0.0,14,32.0,Priority,Delivered,413490.0,on_time
SHP01832,ORD101831,SUP016,SKU030,LOC05,LOC23,2026-02-17,2026-02-21,2026-02-26,Air,137,6542.34,2,3.0,9,42.2,Priority,Delivered,143508.87,late
SHP01833,ORD101832,SUP017,SKU048,LOC05,LOC20,2025-03-14,2025-04-14,2025-04-17,Ocean,423,19856.91,5,0.0,34,27.0,Critical,Delivered,207138.87,late
SHP01834,ORD101833,SUP023,SKU010,LOC13,LOC18,2026-04-07,2026-05-01,2026-05-05,Ocean,482,17400.36,5,0.0,28,61.5,Normal,Delivered,626860.28,late
SHP01835,ORD101834,SUP022,SKU025,LOC11,LOC25,2026-11-16,2026-11-25,2026-12-01,Air,221,12633.38,7,1.0,15,16.0,Normal,Delivered,69524.39,late
SHP01836,ORD101835,SUP005,SKU010,LOC09,LOC23,2025-02-06,2025-02-22,2025-03-02,Ocean,439,17043.15,5,4.0,24,55.5,Normal,Delivered,570937.06,late
SHP01837,ORD101836,SUP031,SKU015,LOC11,LOC24,2026-03-30,2026-04-07,2026-04-12,Air,132,10267.14,3,4.0,13,28.2,Normal,Delivered,229777.68,late
SHP01838,ORD101837,SUP010,SKU037,LOC09,LOC23,2026-10-15,2026-10-27,2026-10-27,Air,370,16330.84,4,0.0,12,29.5,Priority,Delivered,107407.3,on_time
SHP01839,ORD101838,SUP013,SKU018,LOC03,LOC24,2026-08-08,2026-08-31,2026-09-06,Ocean,326,12610.11,3,4.0,29,43.6,Priority,Delivered,147769.28,late
SHP01840,ORD101839,SUP034,SKU016,LOC10,LOC15,2025-09-28,2025-10-02,2025-10-13,Air,50,10176.92,8,2.0,15,56.6,Normal,Delivered,72832.5,late
SHP01841,ORD101840,SUP028,SKU060,LOC03,LOC20,2025-03-13,2025-04-10,2025-04-13,Ocean,232,1184.35,4,2.0,31,49.7,Normal,Delivered,356744.08,late
SHP01842,ORD101841,SUP016,SKU011,LOC13,LOC25,2026-09-30,2026-10-23,2026-10-25,Ocean,217,1060.11,6,0.0,25,41.5,Normal,Delivered,363012.79,late
SHP01843,ORD101842,SUP037,SKU012,LOC07,LOC17,2026-09-28,2026-10-20,2026-10-25,Ocean,136,2243.93,6,3.0,27,25.9,Priority,Delivered,122734.56,late
SHP01844,ORD101843,SUP016,SKU056,LOC12,LOC25,2026-02-04,2026-02-17,2026-02-19,Rail,47,824.66,2,3.0,15,36.3,Normal,Delivered,14304.92,late
SHP01845,ORD101844,SUP023,SKU034,LOC04,LOC22,2026-11-07,2026-12-04,2026-12-15,Ocean,499,19274.49,9,3.0,38,62.9,Priority,Delivered,705077.02,late
SHP01846,ORD101845,SUP010,SKU003,LOC01,LOC22,2025-01-04,2025-01-28,2025-01-27,Ocean,44,635.92,2,1.0,23,26.6,Priority,Delivered,74320.84,on_time
SHP01847,ORD101846,SUP008,SKU026,LOC08,LOC15,2026-03-02,2026-03-18,2026-03-22,Rail,141,395.74,3,2.0,20,55.6,Priority,Delivered,20053.02,late
SHP01848,ORD101847,SUP020,SKU034,LOC05,LOC19,2025-01-27,2025-02-17,2025-02-24,Ocean,103,3891.93,5,3.0,28,50.4,Priority,Delivered,145536.94,late
SHP01849,ORD101848,SUP023,SKU016,LOC09,LOC22,2026-10-08,2026-10-18,2026-10-22,Rail,76,7393.44,2,1.0,14,52.4,Normal,Delivered,110705.4,late
SHP01850,ORD101849,SUP033,SKU033,LOC10,LOC23,2026-04-15,2026-04-18,2026-04-24,Air,341,60174.54,5,1.0,9,60.7,Normal,Delivered,555543.56,late
SHP01851,ORD101850,SUP016,SKU039,LOC05,LOC18,2026-09-23,2026-10-12,2026-10-18,Rail,158,3852.56,1,4.0,25,38.9,Priority,Delivered,112331.68,late
SHP01852,ORD101851,SUP036,SKU016,LOC14,LOC22,2026-01-24,2026-02-09,2026-02-14,Rail,17,1148.3,5,2.0,21,53.8,Normal,Delivered,24763.05,late
SHP01853,ORD101852,SUP025,SKU049,LOC04,LOC16,2025-02-27,2025-03-16,2025-03-15,Rail,459,29589.76,3,2.0,16,41.7,Priority,Delivered,158639.58,on_time
SHP01854,ORD101853,SUP003,SKU028,LOC09,LOC19,2025-01-19,2025-02-09,2025-02-16,Ocean,143,2302.52,3,6.0,28,63.8,Priority,Delivered,133052.92,late
SHP01855,ORD101854,SUP030,SKU058,LOC02,LOC18,2025-08-20,2025-08-27,2025-08-28,Air,126,27553.97,1,3.0,8,34.3,Priority,Delivered,178218.18,late
SHP01856,ORD101855,SUP023,SKU006,LOC13,LOC16,2026-05-28,2026-06-04,2026-06-10,Air,485,31698.83,7,2.0,13,72.3,Normal,Delivered,683534.75,late
SHP01857,ORD101856,SUP016,SKU020,LOC03,LOC20,2025-04-15,2025-04-24,2025-05-01,Air,295,25177.01,4,5.0,16,41.8,Normal,Delivered,233763.9,late
SHP01858,ORD101857,SUP019,SKU044,LOC13,LOC23,2026-08-11,2026-08-31,2026-09-07,Ocean,52,1514.55,7,2.0,27,53.3,Normal,Delivered,80889.12,late
SHP01859,ORD101858,SUP013,SKU054,LOC01,LOC19,2025-06-15,2025-06-29,2025-07-02,Rail,334,16321.9,4,4.0,17,38.6,Priority,Delivered,210597.02,late
SHP01860,ORD101859,SUP025,SKU014,LOC07,LOC18,2025-12-09,2026-01-03,2026-01-11,Ocean,206,5278.78,2,4.0,33,60.7,Normal,Delivered,238471.78,late
SHP01861,ORD101860,SUP023,SKU059,LOC08,LOC23,2025-05-21,2025-06-13,2025-06-20,Ocean,166,8224.65,4,3.0,30,63.1,Normal,Delivered,216575.22,late
SHP01862,ORD101861,SUP018,SKU012,LOC03,LOC25,2025-11-18,2025-12-20,2025-12-21,Ocean,330,5155.29,2,1.0,33,39.8,Normal,Delivered,297811.8,late
SHP01863,ORD101862,SUP012,SKU025,LOC08,LOC17,2025-11-09,2025-11-27,2025-12-11,Ocean,441,5070.79,8,3.0,32,48.2,Normal,Delivered,138734.19,late
SHP01864,ORD101863,SUP016,SKU019,LOC10,LOC24,2025-01-04,2025-01-12,2025-01-14,Air,473,84875.02,4,1.0,10,46.8,Normal,Delivered,521931.85,late
SHP01865,ORD101864,SUP020,SKU026,LOC14,LOC19,2026-01-27,2026-02-13,2026-02-21,Ocean,256,484.85,3,3.0,25,59.4,Normal,Delivered,36408.32,late
SHP01866,ORD101865,SUP019,SKU055,LOC13,LOC16,2026-06-27,2026-07-02,2026-07-10,Air,350,23827.19,7,0.0,13,58.7,Normal,Delivered,239456.0,late
SHP01867,ORD101866,SUP013,SKU044,LOC02,LOC24,2026-10-09,2026-10-21,2026-10-24,Rail,469,26072.33,0,3.0,15,35.1,Normal,Delivered,729557.64,late
SHP01868,ORD101867,SUP024,SKU048,LOC09,LOC15,2025-08-17,2025-09-19,2025-09-23,Ocean,188,6540.19,2,6.0,37,68.8,Normal,Delivered,92061.72,late
SHP01869,ORD101868,SUP010,SKU016,LOC11,LOC22,2026-08-31,2026-09-10,2026-09-10,Air,265,44300.19,4,0.0,10,26.4,Normal,Delivered,386012.25,on_time
SHP01870,ORD101869,SUP021,SKU057,LOC04,LOC24,2026-08-30,2026-09-30,2026-10-13,Ocean,167,2560.66,7,5.0,44,61.8,Normal,Delivered,221375.2,late
SHP01871,ORD101870,SUP005,SKU027,LOC04,LOC23,2026-11-13,2026-11-27,2026-12-04,Rail,35,1762.46,3,0.0,21,55.9,Normal,Delivered,43387.75,late
SHP01872,ORD101871,SUP019,SKU040,LOC07,LOC20,2025-09-15,2025-09-24,2025-10-01,Rail,389,9794.19,6,2.0,16,66.4,Normal,Delivered,665287.25,late
SHP01873,ORD101872,SUP032,SKU042,LOC08,LOC15,2026-08-11,2026-09-12,2026-09-28,Ocean,179,5455.88,5,10.0,48,91.8,Priority,Delivered,260751.09,late
SHP01874,ORD101873,SUP033,SKU040,LOC03,LOC20,2026-01-25,2026-01-29,2026-02-09,Air,148,9658.92,9,2.0,15,65.2,Critical,Delivered,253117.0,late
SHP01875,ORD101874,SUP028,SKU037,LOC08,LOC24,2025-02-10,2025-03-12,2025-03-15,Ocean,73,1023.39,8,0.0,33,58.1,Priority,Delivered,21191.17,late
SHP01876,ORD101875,SUP030,SKU029,LOC11,LOC18,2025-07-06,2025-08-05,2025-08-13,Ocean,425,1350.8,5,5.0,38,57.5,Normal,Delivered,154500.25,late
SHP01877,ORD101876,SUP003,SKU039,LOC11,LOC25,2026-04-09,2026-04-17,2026-05-01,Air,198,14316.86,6,5.0,22,66.8,Normal,Delivered,140770.08,late
SHP01878,ORD101877,SUP014,SKU055,LOC03,LOC25,2025-04-21,2025-05-14,2025-05-21,Ocean,401,4627.61,5,0.0,30,37.4,Priority,Delivered,274348.16,late
SHP01879,ORD101878,SUP027,SKU024,LOC09,LOC23,2025-10-27,2025-11-05,2025-11-10,Air,270,20726.86,6,3.0,14,47.3,Normal,Delivered,80325.0,late
SHP01880,ORD101879,SUP033,SKU031,LOC05,LOC16,2026-06-19,2026-07-05,2026-07-15,Ocean,169,2201.26,7,4.0,26,63.9,Normal,Delivered,162948.11,late
SHP01881,ORD101880,SUP024,SKU011,LOC12,LOC23,2025-04-14,2025-05-02,2025-05-16,Ocean,64,356.29,9,1.0,32,63.4,Normal,Delivered,107063.68,late
SHP01882,ORD101881,SUP035,SKU022,LOC10,LOC24,2025-12-09,2025-12-22,2025-12-26,Rail,470,25250.12,2,2.0,17,16.0,Critical,Delivered,694697.6,late
SHP01883,ORD101882,SUP011,SKU047,LOC04,LOC23,2025-05-29,2025-06-27,2025-07-10,Ocean,261,8110.6,9,7.0,42,59.4,Normal,Delivered,370231.11,late
SHP01884,ORD101883,SUP007,SKU039,LOC13,LOC17,2026-01-06,2026-01-12,2026-01-21,Air,201,14680.04,10,0.0,15,59.3,Normal,Delivered,142902.96,late
SHP01885,ORD101884,SUP004,SKU013,LOC05,LOC16,2025-06-16,2025-07-09,2025-07-14,Ocean,67,866.3,3,2.0,28,33.6,Normal,Delivered,111758.68,late
SHP01886,ORD101885,SUP024,SKU033,LOC14,LOC16,2026-10-29,2026-11-16,2026-11-24,Rail,138,10652.37,8,1.0,26,68.4,Normal,Delivered,224824.08,late
SHP01887,ORD101886,SUP027,SKU049,LOC12,LOC19,2025-02-22,2025-03-12,2025-03-18,Ocean,332,9991.85,6,2.0,24,46.9,Normal,Delivered,114745.84,late
SHP01888,ORD101887,SUP012,SKU008,LOC05,LOC17,2026-10-27,2026-11-15,2026-11-21,Ocean,411,2585.61,6,1.0,25,58.1,Normal,Delivered,507293.19,late
SHP01889,ORD101888,SUP032,SKU004,LOC05,LOC25,2026-07-01,2026-08-02,2026-08-12,Ocean,105,650.96,8,1.0,42,93.8,Normal,Delivered,157878.0,late
SHP01890,ORD101889,SUP030,SKU024,LOC04,LOC22,2026-08-14,2026-09-08,2026-09-10,Ocean,283,4251.14,3,0.0,27,27.1,Normal,Delivered,84192.5,late
SHP01891,ORD101890,SUP015,SKU040,LOC13,LOC20,2026-08-11,2026-08-24,2026-09-07,Rail,257,6078.52,8,3.0,27,53.9,Normal,Delivered,439534.25,late
SHP01892,ORD101891,SUP010,SKU019,LOC07,LOC19,2025-05-10,2025-06-09,2025-06-08,Ocean,17,630.13,0,2.0,29,39.6,Critical,Delivered,18758.65,on_time
SHP01893,ORD101892,SUP030,SKU050,LOC07,LOC25,2026-10-05,2026-10-31,2026-11-06,Ocean,256,5914.29,3,3.0,32,30.3,Priority,Delivered,220876.8,late
SHP01894,ORD101893,SUP027,SKU051,LOC06,LOC22,2026-02-15,2026-02-21,2026-03-01,Air,194,34959.39,5,5.0,14,49.5,Normal,Delivered,176293.62,late
SHP01895,ORD101894,SUP007,SKU032,LOC05,LOC17,2026-10-26,2026-11-26,2026-12-04,Ocean,157,4730.79,9,0.0,39,68.3,Normal,Delivered,21381.83,late
SHP01896,ORD101895,SUP011,SKU023,LOC04,LOC21,2026-08-29,2026-09-16,2026-09-26,Ocean,208,4223.56,10,2.0,28,47.9,Normal,Delivered,62718.24,late
SHP01897,ORD101896,SUP020,SKU003,LOC01,LOC15,2026-02-04,2026-03-08,2026-03-17,Ocean,365,4001.37,5,2.0,41,80.9,Priority,Delivered,616525.15,late
SHP01898,ORD101897,SUP021,SKU050,LOC07,LOC15,2025-09-16,2025-10-05,2025-10-17,Ocean,123,2982.72,8,1.0,31,55.1,Normal,Delivered,106124.4,late
SHP01899,ORD101898,SUP007,SKU054,LOC11,LOC25,2025-03-22,2025-04-03,2025-04-04,Air,242,32504.06,2,0.0,13,50.6,Normal,Delivered,152588.26,late
SHP01900,ORD101899,SUP038,SKU027,LOC13,LOC22,2025-03-11,2025-03-28,2025-04-09,Rail,258,12265.21,6,4.0,29,67.6,Priority,Delivered,319829.7,late
SHP01901,ORD101900,SUP016,SKU031,LOC10,LOC24,2025-09-26,2025-10-09,2025-10-13,Rail,103,2830.76,1,1.0,17,27.3,Normal,Delivered,99311.57,late
SHP01902,ORD101901,SUP016,SKU046,LOC05,LOC19,2026-07-14,2026-07-30,2026-08-13,Rail,157,11680.98,7,5.0,30,51.4,Normal,Delivered,44925.55,late
SHP01903,ORD101902,SUP003,SKU042,LOC06,LOC24,2025-12-15,2026-01-03,2026-01-10,Ocean,253,7830.83,6,3.0,26,67.5,Normal,Delivered,368547.63,late
SHP01904,ORD101903,SUP036,SKU009,LOC12,LOC21,2025-11-29,2025-12-19,2025-12-24,Ocean,329,11763.8,3,1.0,25,75.5,Priority,Delivered,350338.94,late
SHP01905,ORD101904,SUP010,SKU041,LOC11,LOC23,2025-06-18,2025-06-30,2025-07-02,Air,256,17441.24,1,1.0,14,20.8,Priority,Delivered,252080.64,late
SHP01906,ORD101905,SUP040,SKU056,LOC04,LOC24,2026-01-25,2026-02-11,2026-02-16,Rail,382,5646.3,5,1.0,22,49.2,Normal,Delivered,116265.52,late
SHP01907,ORD101906,SUP020,SKU046,LOC11,LOC19,2026-03-17,2026-03-26,2026-04-04,Air,346,76066.41,7,1.0,18,53.8,Normal,Delivered,99007.9,late
SHP01908,ORD101907,SUP035,SKU029,LOC02,LOC20,2026-11-09,2026-12-09,2026-12-15,Ocean,369,903.84,2,7.0,36,16.0,Normal,Delivered,134142.57,late
SHP01909,ORD101908,SUP008,SKU032,LOC03,LOC25,2026-05-19,2026-05-24,2026-05-26,Air,200,38360.12,2,2.0,7,40.4,Normal,Delivered,27238.0,late
SHP01910,ORD101909,SUP007,SKU016,LOC06,LOC19,2026-02-23,2026-03-05,2026-03-14,Air,453,68186.09,7,5.0,19,72.6,Critical,Delivered,659862.45,late
SHP01911,ORD101910,SUP033,SKU040,LOC10,LOC19,2026-09-20,2026-10-06,2026-10-10,Rail,243,5165.31,2,1.0,20,64.3,Priority,Delivered,415590.75,late
SHP01912,ORD101911,SUP033,SKU015,LOC12,LOC22,2025-10-21,2025-10-30,2025-11-03,Air,151,15600.37,4,2.0,13,75.0,Priority,Delivered,262851.74,late
SHP01913,ORD101912,SUP022,SKU021,LOC07,LOC20,2026-10-08,2026-11-02,2026-11-06,Ocean,14,286.77,4,0.0,29,16.0,Priority,Delivered,6719.44,late
SHP01914,ORD101913,SUP002,SKU016,LOC03,LOC15,2025-09-13,2025-10-13,2025-10-19,Ocean,455,16261.46,2,2.0,36,71.3,Normal,Delivered,662775.75,late
SHP01915,ORD101914,SUP038,SKU021,LOC07,LOC23,2025-03-30,2025-04-20,2025-04-24,Ocean,73,1751.09,7,0.0,25,80.5,Critical,Delivered,35037.08,late
SHP01916,ORD101915,SUP016,SKU023,LOC03,LOC24,2025-10-16,2025-11-04,2025-11-12,Ocean,288,7944.0,5,4.0,27,36.3,Normal,Delivered,86840.64,late
SHP01917,ORD101916,SUP038,SKU005,LOC07,LOC16,2025-03-30,2025-04-15,2025-04-18,Rail,409,25233.51,5,0.0,19,49.0,Normal,Delivered,646162.74,late
SHP01918,ORD101917,SUP035,SKU044,LOC05,LOC18,2025-03-23,2025-04-16,2025-04-19,Ocean,230,5537.65,0,4.0,27,16.0,Normal,Delivered,357778.8,late
SHP01919,ORD101918,SUP035,SKU027,LOC05,LOC15,2026-09-01,2026-09-22,2026-09-24,Ocean,155,4431.04,4,0.0,23,16.0,Normal,Delivered,192145.75,late
SHP01920,ORD101919,SUP028,SKU057,LOC01,LOC19,2026-07-03,2026-07-26,2026-08-03,Ocean,126,2036.24,3,7.0,31,61.7,Normal,Delivered,167025.6,late
SHP01921,ORD101920,SUP027,SKU011,LOC05,LOC21,2025-06-02,2025-06-10,2025-06-19,Air,413,9871.75,6,3.0,17,44.5,Priority,Delivered,690895.31,late
SHP01922,ORD101921,SUP022,SKU041,LOC12,LOC17,2026-08-02,2026-08-24,2026-08-28,Ocean,359,5688.0,6,1.0,26,16.0,Critical,Delivered,353503.71,late
SHP01923,ORD101922,SUP001,SKU011,LOC07,LOC23,2025-02-17,2025-03-08,2025-03-08,Ocean,119,675.72,0,3.0,19,33.2,Priority,Delivered,199071.53,on_time
SHP01924,ORD101923,SUP016,SKU033,LOC10,LOC24,2025-07-16,2025-08-02,2025-08-15,Rail,397,24967.42,5,5.0,30,46.1,Normal,Delivered,646776.52,late
SHP01925,ORD101924,SUP030,SKU030,LOC03,LOC20,2026-05-03,2026-05-30,2026-06-04,Ocean,447,5050.19,4,2.0,32,46.1,Normal,Delivered,468236.97,late
SHP01926,ORD101925,SUP033,SKU027,LOC07,LOC23,2025-07-29,2025-08-21,2025-08-26,Ocean,395,8060.85,6,2.0,28,43.2,Normal,Delivered,489661.75,late
SHP01927,ORD101926,SUP023,SKU040,LOC12,LOC16,2026-05-20,2026-06-13,2026-06-17,Ocean,166,2169.5,1,3.0,28,58.1,Critical,Delivered,283901.5,late
SHP01928,ORD101927,SUP029,SKU050,LOC10,LOC16,2026-08-27,2026-09-13,2026-09-16,Ocean,306,6750.44,4,0.0,20,48.3,Normal,Delivered,264016.8,late
SHP01929,ORD101928,SUP001,SKU020,LOC06,LOC18,2025-02-15,2025-02-22,2025-02-27,Air,446,29836.38,5,0.0,12,23.9,Critical,Delivered,353419.32,late
SHP01930,ORD101929,SUP019,SKU051,LOC02,LOC22,2025-01-17,2025-02-05,2025-02-05,Rail,227,18165.89,3,2.0,19,56.0,Priority,Delivered,206281.71,on_time
SHP01931,ORD101930,SUP021,SKU012,LOC09,LOC20,2026-10-11,2026-11-01,2026-11-12,Ocean,139,2161.03,3,5.0,32,58.4,Critical,Delivered,125441.94,late
SHP01932,ORD101931,SUP036,SKU018,LOC12,LOC19,2025-12-26,2026-01-15,2026-01-24,Rail,429,27534.07,6,3.0,29,60.6,Priority,Delivered,194457.12,late
SHP01933,ORD101932,SUP013,SKU019,LOC11,LOC18,2025-12-16,2025-12-23,2025-12-23,Air,175,33784.09,1,2.0,7,42.5,Priority,Delivered,193103.75,on_time
SHP01934,ORD101933,SUP010,SKU058,LOC11,LOC19,2025-11-16,2025-12-08,2025-12-17,Ocean,419,15417.75,8,2.0,31,28.5,Critical,Delivered,592646.17,late
SHP01935,ORD101934,SUP015,SKU008,LOC04,LOC25,2025-10-27,2025-11-23,2025-12-02,Ocean,356,2516.73,7,3.0,36,43.5,Normal,Delivered,439407.24,late
SHP01936,ORD101935,SUP007,SKU024,LOC09,LOC25,2026-04-22,2026-05-24,2026-05-25,Ocean,411,6203.64,1,2.0,33,60.8,Normal,Delivered,122272.5,late
SHP01937,ORD101936,SUP023,SKU026,LOC05,LOC17,2026-02-05,2026-02-26,2026-03-02,Rail,376,1403.04,1,5.0,25,62.4,Normal,Delivered,53474.72,late
SHP01938,ORD101937,SUP026,SKU049,LOC09,LOC18,2025-04-23,2025-05-20,2025-05-22,Ocean,411,10432.63,2,1.0,29,21.8,Normal,Delivered,142049.82,late
SHP01939,ORD101938,SUP033,SKU030,LOC04,LOC22,2026-03-09,2026-03-31,2026-04-14,Ocean,146,1818.4,7,5.0,36,46.0,Priority,Delivered,152936.46,late
SHP01940,ORD101939,SUP039,SKU059,LOC03,LOC17,2026-04-07,2026-04-16,2026-04-16,Air,37,7690.43,1,1.0,9,38.5,Priority,Delivered,48272.79,on_time
SHP01941,ORD101940,SUP003,SKU045,LOC12,LOC23,2025-03-20,2025-03-30,2025-04-07,Rail,76,616.55,3,4.0,18,76.6,Priority,Delivered,100215.88,late
SHP01942,ORD101941,SUP010,SKU043,LOC08,LOC22,2025-09-17,2025-09-22,2025-09-28,Air,49,2500.95,4,2.0,11,31.5,Normal,Delivered,65402.26,late
SHP01943,ORD101942,SUP013,SKU046,LOC05,LOC17,2026-06-30,2026-07-07,2026-07-13,Air,452,81949.91,4,3.0,13,46.5,Normal,Delivered,129339.8,late
SHP01944,ORD101943,SUP010,SKU010,LOC09,LOC22,2026-03-03,2026-03-27,2026-03-27,Ocean,68,2348.67,1,2.0,24,20.7,Normal,Delivered,88436.72,on_time
SHP01945,ORD101944,SUP034,SKU027,LOC10,LOC25,2025-04-05,2025-04-16,2025-04-18,Rail,236,10924.83,0,2.0,13,79.4,Normal,Delivered,292557.4,late
SHP01946,ORD101945,SUP006,SKU036,LOC01,LOC15,2025-01-28,2025-02-14,2025-02-18,Ocean,499,16867.29,3,3.0,21,46.2,Normal,Delivered,427747.79,late
SHP01947,ORD101946,SUP002,SKU013,LOC04,LOC17,2026-02-06,2026-03-06,2026-03-16,Ocean,330,4997.93,6,4.0,38,55.5,Normal,Delivered,550453.2,late
SHP01948,ORD101947,SUP035,SKU008,LOC13,LOC17,2025-11-15,2025-11-28,2025-11-27,Rail,248,3344.23,0,2.0,12,16.0,Critical,Delivered,306103.92,on_time
SHP01949,ORD101948,SUP039,SKU009,LOC11,LOC15,2026-10-26,2026-11-23,2026-11-25,Ocean,338,9276.47,4,1.0,30,45.5,Priority,Delivered,359922.68,late
SHP01950,ORD101949,SUP010,SKU048,LOC10,LOC19,2025-12-27,2026-01-20,2026-01-21,Ocean,202,7951.06,4,1.0,25,18.3,Critical,Delivered,98917.38,late
SHP01951,ORD101950,SUP014,SKU040,LOC07,LOC17,2026-10-05,2026-10-12,2026-10-15,Air,178,8873.95,2,0.0,10,38.9,Normal,Delivered,304424.5,late
SHP01952,ORD101951,SUP021,SKU017,LOC08,LOC21,2025-05-28,2025-06-24,2025-07-04,Ocean,357,640.78,7,5.0,37,48.8,Normal,Delivered,84448.35,late
SHP01953,ORD101952,SUP022,SKU045,LOC08,LOC18,2025-11-05,2025-12-04,2025-12-06,Ocean,280,1528.83,3,2.0,31,16.0,Normal,Delivered,369216.4,late
SHP01954,ORD101953,SUP040,SKU042,LOC04,LOC22,2025-04-07,2025-04-12,2025-04-20,Air,138,17659.02,4,5.0,13,40.4,Normal,Delivered,201025.98,late
SHP01955,ORD101954,SUP017,SKU049,LOC05,LOC24,2026-02-01,2026-02-11,2026-02-16,Air,352,48174.32,5,2.0,15,27.0,Normal,Delivered,121658.24,late
SHP01956,ORD101955,SUP001,SKU055,LOC10,LOC24,2025-05-11,2025-05-20,2025-06-02,Air,95,6330.84,7,7.0,22,41.3,Critical,Delivered,64995.2,late
SHP01957,ORD101956,SUP017,SKU053,LOC06,LOC25,2025-12-06,2025-12-26,2026-01-01,Ocean,119,3682.21,6,3.0,26,27.0,Normal,Delivered,92779.54,late
SHP01958,ORD101957,SUP023,SKU011,LOC05,LOC25,2025-08-26,2025-09-22,2025-10-06,Ocean,425,3100.76,7,4.0,41,65.9,Priority,Delivered,710969.75,late
SHP01959,ORD101958,SUP021,SKU047,LOC12,LOC22,2025-05-09,2025-05-17,2025-05-25,Air,67,8190.67,7,5.0,16,62.7,Normal,Delivered,95040.17,late
SHP01960,ORD101959,SUP021,SKU024,LOC01,LOC20,2025-03-08,2025-03-26,2025-04-03,Ocean,214,2722.38,5,5.0,26,50.9,Normal,Delivered,63665.0,late
SHP01961,ORD101960,SUP037,SKU025,LOC03,LOC24,2025-12-20,2026-01-15,2026-01-16,Ocean,30,449.69,5,1.0,27,44.9,Normal,Delivered,9437.7,late
SHP01962,ORD101961,SUP033,SKU039,LOC09,LOC20,2026-10-16,2026-11-12,2026-11-18,Ocean,312,3580.68,6,2.0,33,45.4,Priority,Delivered,221819.52,late
SHP01963,ORD101962,SUP011,SKU037,LOC06,LOC21,2025-05-18,2025-06-05,2025-06-10,Ocean,338,4066.7,0,4.0,23,55.8,Normal,Delivered,98118.02,late
SHP01964,ORD101963,SUP015,SKU026,LOC01,LOC20,2025-10-07,2025-11-07,2025-11-16,Ocean,212,440.37,4,4.0,40,53.2,Normal,Delivered,30150.64,late
SHP01965,ORD101964,SUP027,SKU060,LOC03,LOC25,2025-06-04,2025-06-12,2025-06-17,Air,418,9215.42,2,3.0,13,56.6,Normal,Delivered,642754.42,late
SHP01966,ORD101965,SUP017,SKU011,LOC08,LOC23,2026-07-13,2026-07-24,2026-07-28,Rail,153,2007.68,1,3.0,15,27.0,Normal,Delivered,255949.11,late
SHP01967,ORD101966,SUP018,SKU006,LOC06,LOC22,2025-10-14,2025-11-08,2025-11-13,Ocean,337,5437.98,7,0.0,30,44.7,Critical,Delivered,474950.95,late
SHP01968,ORD101967,SUP007,SKU002,LOC07,LOC21,2026-11-04,2026-11-11,2026-11-20,Air,416,55672.83,6,2.0,16,60.7,Normal,Delivered,291520.32,late
SHP01969,ORD101968,SUP011,SKU049,LOC13,LOC21,2025-06-19,2025-07-12,2025-07-16,Ocean,498,11904.01,3,2.0,27,45.3,Normal,Delivered,172118.76,late
SHP01970,ORD101969,SUP030,SKU025,LOC02,LOC21,2025-02-25,2025-03-28,2025-04-07,Ocean,238,2822.62,9,2.0,41,48.1,Normal,Delivered,74872.42,late
SHP01971,ORD101970,SUP034,SKU027,LOC05,LOC23,2026-02-06,2026-02-13,2026-02-16,Air,184,23382.06,2,2.0,10,70.9,Normal,Delivered,228095.6,late
SHP01972,ORD101971,SUP032,SKU039,LOC08,LOC25,2026-03-26,2026-04-21,2026-05-01,Ocean,441,6011.21,9,3.0,36,106.7,Priority,Delivered,313533.36,late
SHP01973,ORD101972,SUP013,SKU027,LOC11,LOC18,2026-11-15,2026-12-06,2026-12-13,Rail,109,5206.25,2,2.0,28,32.3,Normal,Delivered,135121.85,late
SHP01974,ORD101973,SUP006,SKU035,LOC12,LOC21,2026-08-25,2026-09-17,2026-09-22,Ocean,327,2336.26,3,2.0,28,35.2,Normal,Delivered,322356.6,late
SHP01975,ORD101974,SUP007,SKU004,LOC05,LOC16,2026-09-03,2026-09-17,2026-09-25,Ocean,459,2367.37,8,0.0,22,64.1,Priority,Delivered,690152.4,late
SHP01976,ORD101975,SUP016,SKU010,LOC08,LOC23,2026-03-14,2026-04-02,2026-04-05,Ocean,234,9440.84,1,2.0,22,34.2,Normal,Delivered,304326.36,late
SHP01977,ORD101976,SUP021,SKU056,LOC02,LOC22,2025-09-06,2025-10-01,2025-10-06,Ocean,162,1121.31,5,5.0,30,68.9,Normal,Delivered,49306.32,late
SHP01978,ORD101977,SUP036,SKU028,LOC09,LOC16,2025-10-24,2025-11-06,2025-11-26,Rail,221,7263.66,11,7.0,33,45.9,Normal,Delivered,205627.24,late
SHP01979,ORD101978,SUP036,SKU011,LOC04,LOC15,2025-04-03,2025-04-12,2025-04-16,Air,488,15451.32,4,2.0,13,65.2,Normal,Delivered,816360.56,late
SHP01980,ORD101979,SUP001,SKU023,LOC10,LOC23,2025-10-25,2025-11-14,2025-11-30,Ocean,197,4768.03,9,4.0,36,24.2,Normal,Delivered,59401.41,late
SHP01981,ORD101980,SUP029,SKU021,LOC03,LOC16,2025-09-09,2025-10-04,2025-10-13,Ocean,438,7166.54,0,4.0,34,63.6,Normal,Delivered,210222.48,late
SHP01982,ORD101981,SUP012,SKU017,LOC01,LOC16,2025-01-25,2025-02-02,2025-02-09,Air,57,501.83,4,0.0,15,52.0,Normal,Delivered,13483.35,late
SHP01983,ORD101982,SUP008,SKU018,LOC07,LOC24,2025-05-22,2025-05-31,2025-06-05,Air,92,15822.25,5,2.0,14,29.0,Priority,Delivered,41701.76,late
SHP01984,ORD101983,SUP023,SKU044,LOC04,LOC17,2026-01-04,2026-02-03,2026-02-08,Ocean,286,9404.49,5,1.0,35,57.2,Priority,Delivered,444890.16,late
SHP01985,ORD101984,SUP002,SKU007,LOC02,LOC18,2025-09-12,2025-10-12,2025-10-14,Ocean,280,1794.99,3,0.0,32,54.7,Normal,Delivered,19448.8,late
SHP01986,ORD101985,SUP014,SKU019,LOC12,LOC22,2026-11-17,2026-12-05,2026-12-09,Ocean,211,7717.82,6,0.0,22,18.7,Normal,Delivered,232827.95,late
SHP01987,ORD101986,SUP023,SKU029,LOC05,LOC21,2025-11-27,2025-12-13,2025-12-20,Ocean,354,1013.83,4,4.0,23,59.5,Normal,Delivered,128689.62,late
SHP01988,ORD101987,SUP011,SKU033,LOC12,LOC18,2026-10-24,2026-11-23,2026-11-23,Ocean,116,4250.05,2,2.0,30,59.6,Normal,Delivered,188982.56,on_time
SHP01989,ORD101988,SUP024,SKU053,LOC09,LOC18,2026-04-01,2026-04-23,2026-05-11,Ocean,278,6888.13,7,7.0,40,56.4,Normal,Delivered,216745.48,late
SHP01990,ORD101989,SUP019,SKU056,LOC11,LOC17,2025-01-28,2025-02-22,2025-02-24,Ocean,45,412.95,2,3.0,27,48.0,Normal,Delivered,13696.2,late
SHP01991,ORD101990,SUP032,SKU018,LOC05,LOC21,2025-05-21,2025-06-17,2025-06-26,Ocean,369,11144.81,4,4.0,36,96.7,Normal,Delivered,167260.32,late
SHP01992,ORD101991,SUP008,SKU033,LOC05,LOC23,2026-05-02,2026-05-17,2026-05-27,Ocean,464,14650.21,6,4.0,25,42.7,Normal,Delivered,755930.24,late
SHP01993,ORD101992,SUP003,SKU002,LOC05,LOC17,2026-01-12,2026-01-24,2026-01-30,Rail,156,7787.06,4,1.0,18,65.1,Normal,Delivered,109320.12,late
SHP01994,ORD101993,SUP022,SKU038,LOC04,LOC21,2025-07-28,2025-08-03,2025-08-08,Air,408,33570.61,5,1.0,11,16.0,Normal,Delivered,184889.28,late
SHP01995,ORD101994,SUP011,SKU010,LOC08,LOC15,2025-12-27,2026-01-11,2026-01-15,Ocean,235,8049.79,5,0.0,19,51.5,Normal,Delivered,305626.9,late
SHP01996,ORD101995,SUP029,SKU005,LOC10,LOC25,2026-09-16,2026-10-17,2026-10-26,Ocean,111,3474.52,6,4.0,40,65.8,Normal,Delivered,175364.46,late
SHP01997,ORD101996,SUP004,SKU041,LOC08,LOC25,2025-09-26,2025-10-22,2025-10-24,Ocean,347,6168.08,2,5.0,28,31.4,Normal,Delivered,341687.43,late
SHP01998,ORD101997,SUP024,SKU011,LOC08,LOC24,2025-02-01,2025-02-17,2025-02-20,Rail,326,4764.16,4,1.0,19,62.3,Normal,Delivered,545355.62,late
SHP01999,ORD101998,SUP040,SKU029,LOC10,LOC25,2025-08-03,2025-08-31,2025-09-13,Ocean,260,834.75,8,0.0,41,65.7,Critical,Delivered,94517.8,late
SHP02000,ORD101999,SUP004,SKU007,LOC11,LOC23,2026-10-08,2026-11-03,2026-11-08,Ocean,458,3150.11,2,6.0,31,32.2,Priority,Delivered,31812.68,late
SHP02001,ORD102000,SUP013,SKU045,LOC02,LOC19,2026-06-10,2026-06-29,2026-07-04,Rail,109,1242.42,4,5.0,24,36.6,Priority,Delivered,143730.67,late
SHP02002,ORD102001,SUP034,SKU046,LOC12,LOC25,2026-08-01,2026-08-22,2026-08-29,Rail,283,25615.31,3,4.0,28,63.8,Normal,Delivered,80980.45,late
SHP02003,ORD102002,SUP022,SKU035,LOC10,LOC24,2026-09-22,2026-09-27,2026-10-05,Air,442,15575.12,2,6.0,13,16.0,Critical,Delivered,435723.6,late
SHP02004,ORD102003,SUP007,SKU051,LOC07,LOC18,2025-03-23,2025-04-13,2025-04-17,Ocean,492,20707.94,3,2.0,25,55.5,Priority,Delivered,447095.16,late
SHP02005,ORD102004,SUP009,SKU027,LOC06,LOC17,2025-07-15,2025-08-17,2025-08-22,Ocean,293,8263.22,3,6.0,38,37.6,Normal,Delivered,363217.45,late
SHP02006,ORD102005,SUP031,SKU012,LOC12,LOC25,2025-02-11,2025-02-21,2025-02-28,Air,162,9539.25,5,3.0,17,19.4,Normal,Delivered,146198.52,late
SHP02007,ORD102006,SUP035,SKU010,LOC11,LOC19,2025-01-04,2025-01-19,2025-01-20,Ocean,77,2439.94,1,0.0,16,16.0,Normal,Delivered,100141.58,late
SHP02008,ORD102007,SUP015,SKU014,LOC03,LOC22,2026-07-30,2026-08-05,2026-08-11,Air,357,37824.55,4,5.0,12,61.1,Normal,Delivered,413273.91,late
SHP02009,ORD102008,SUP019,SKU013,LOC03,LOC24,2026-10-09,2026-10-18,2026-10-20,Air,61,2970.02,7,0.0,11,68.8,Normal,Delivered,101750.44,late
SHP02010,ORD102009,SUP032,SKU020,LOC07,LOC24,2025-04-18,2025-05-12,2025-05-22,Ocean,353,6632.53,6,2.0,34,92.0,Priority,Delivered,279724.26,late
SHP02011,ORD102010,SUP008,SKU013,LOC02,LOC20,2026-05-14,2026-05-29,2026-06-05,Ocean,268,4193.54,0,6.0,22,25.5,Normal,Delivered,447034.72,late
SHP02012,ORD102011,SUP009,SKU036,LOC03,LOC23,2026-01-05,2026-02-03,2026-02-14,Ocean,332,11965.57,3,4.0,40,33.0,Normal,Delivered,284593.72,late
SHP02013,ORD102012,SUP031,SKU009,LOC03,LOC24,2025-02-17,2025-03-21,2025-03-23,Ocean,180,4937.77,2,2.0,34,34.1,Normal,Delivered,191674.8,late
SHP02014,ORD102013,SUP008,SKU038,LOC06,LOC19,2026-09-24,2026-10-05,2026-10-11,Air,466,40858.5,2,7.0,17,43.2,Normal,Delivered,211172.56,late
SHP02015,ORD102014,SUP031,SKU021,LOC12,LOC25,2026-08-25,2026-08-31,2026-09-09,Air,227,21620.32,6,2.0,15,27.2,Priority,Delivered,108950.92,late
SHP02016,ORD102015,SUP020,SKU042,LOC02,LOC16,2026-01-27,2026-02-19,2026-02-23,Ocean,95,2644.59,4,3.0,27,60.8,Normal,Delivered,138387.45,late
SHP02017,ORD102016,SUP040,SKU031,LOC13,LOC23,2026-05-04,2026-05-08,2026-05-13,Air,417,38437.34,4,1.0,9,51.1,Priority,Delivered,402067.23,late
SHP02018,ORD102017,SUP002,SKU055,LOC03,LOC18,2025-10-02,2025-10-23,2025-10-22,Ocean,480,6266.25,2,3.0,20,55.6,Normal,Delivered,328396.8,on_time
SHP02019,ORD102018,SUP038,SKU027,LOC01,LOC25,2026-07-02,2026-07-10,2026-07-18,Air,41,3895.71,7,3.0,16,59.2,Normal,Delivered,50825.65,late
SHP02020,ORD102019,SUP010,SKU018,LOC10,LOC19,2025-11-04,2025-11-20,2025-11-25,Ocean,306,9687.56,3,2.0,21,38.7,Normal,Delivered,138703.68,late
SHP02021,ORD102020,SUP002,SKU036,LOC07,LOC15,2026-11-14,2026-11-24,2026-12-04,Air,175,31495.01,5,4.0,20,45.2,Normal,Delivered,150011.75,late
SHP02022,ORD102021,SUP029,SKU040,LOC11,LOC18,2025-02-13,2025-02-19,2025-03-02,Air,145,8452.29,7,4.0,17,40.1,Priority,Delivered,247986.25,late
SHP02023,ORD102022,SUP022,SKU027,LOC12,LOC20,2025-04-29,2025-05-24,2025-05-28,Ocean,313,6891.87,5,1.0,29,16.0,Normal,Delivered,388010.45,late
SHP02024,ORD102023,SUP034,SKU034,LOC14,LOC24,2026-10-31,2026-11-27,2026-12-06,Ocean,329,11126.19,12,0.0,36,67.0,Critical,Delivered,464870.42,late
SHP02025,ORD102024,SUP005,SKU029,LOC11,LOC17,2025-07-19,2025-08-01,2025-08-15,Rail,365,1757.02,9,4.0,27,36.9,Normal,Delivered,132688.45,late
SHP02026,ORD102025,SUP004,SKU019,LOC03,LOC15,2025-08-03,2025-08-24,2025-08-27,Ocean,117,4817.36,4,3.0,24,36.2,Normal,Delivered,129103.65,late
SHP02027,ORD102026,SUP023,SKU019,LOC09,LOC23,2026-06-30,2026-07-09,2026-07-17,Air,277,40480.87,5,4.0,17,74.2,Normal,Delivered,305655.65,late
SHP02028,ORD102027,SUP036,SKU055,LOC11,LOC16,2025-05-11,2025-05-24,2025-05-30,Rail,191,4090.65,8,0.0,19,68.0,Critical,Delivered,130674.56,late
SHP02029,ORD102028,SUP017,SKU041,LOC04,LOC20,2025-12-21,2026-01-03,2026-01-08,Rail,402,12449.88,6,0.0,18,27.0,Normal,Delivered,395845.38,late
SHP02030,ORD102029,SUP032,SKU006,LOC05,LOC17,2025-07-17,2025-08-14,2025-08-24,Ocean,443,5977.08,7,3.0,38,101.2,Normal,Delivered,624342.05,late
SHP02031,ORD102030,SUP037,SKU058,LOC06,LOC21,2025-05-17,2025-05-26,2025-05-29,Air,165,36234.17,3,0.0,12,49.5,Normal,Delivered,233380.95,late
SHP02032,ORD102031,SUP035,SKU043,LOC02,LOC18,2026-10-28,2026-11-14,2026-11-19,Rail,250,7784.41,4,2.0,22,16.0,Normal,Delivered,333685.0,late
SHP02033,ORD102032,SUP021,SKU004,LOC13,LOC24,2025-05-18,2025-06-05,2025-06-17,Ocean,420,2395.71,9,4.0,30,45.8,Normal,Delivered,631512.0,late
SHP02034,ORD102033,SUP028,SKU044,LOC13,LOC24,2025-03-07,2025-03-27,2025-04-01,Ocean,85,2440.81,8,0.0,25,62.6,Priority,Delivered,132222.6,late
SHP02035,ORD102034,SUP022,SKU036,LOC09,LOC17,2026-04-11,2026-05-06,2026-05-07,Ocean,313,11689.77,4,2.0,26,16.0,Critical,Delivered,268306.73,late
SHP02036,ORD102035,SUP027,SKU055,LOC11,LOC15,2026-08-22,2026-08-31,2026-09-08,Air,426,26477.49,7,2.0,17,50.9,Priority,Delivered,291452.16,late
SHP02037,ORD102036,SUP023,SKU030,LOC02,LOC24,2025-03-29,2025-04-22,2025-05-02,Ocean,24,263.6,10,1.0,34,52.2,Priority,Delivered,25140.24,late
SHP02038,ORD102037,SUP022,SKU032,LOC14,LOC25,2026-05-04,2026-05-24,2026-05-27,Ocean,187,6549.25,6,0.0,23,16.0,Normal,Delivered,25467.53,late
SHP02039,ORD102038,SUP018,SKU019,LOC06,LOC16,2026-01-09,2026-02-05,2026-02-08,Ocean,58,1937.1,7,0.0,30,32.2,Priority,Delivered,64000.1,late
SHP02040,ORD102039,SUP027,SKU020,LOC13,LOC21,2026-07-27,2026-08-06,2026-08-08,Air,64,5855.72,5,0.0,12,63.5,Normal,Delivered,50714.88,late
SHP02041,ORD102040,SUP031,SKU038,LOC13,LOC15,2025-03-29,2025-04-19,2025-04-25,Ocean,449,8604.36,2,5.0,27,11.4,Normal,Delivered,203468.84,late
SHP02042,ORD102041,SUP037,SKU050,LOC11,LOC17,2026-11-05,2026-11-17,2026-11-20,Rail,124,5293.97,3,0.0,15,48.8,Normal,Delivered,106987.2,late
SHP02043,ORD102042,SUP025,SKU054,LOC13,LOC20,2026-03-04,2026-03-12,2026-03-15,Air,51,6513.66,4,2.0,11,31.9,Normal,Delivered,32157.03,late
SHP02044,ORD102043,SUP005,SKU047,LOC08,LOC22,2026-08-05,2026-08-17,2026-08-17,Rail,282,15187.58,0,3.0,12,49.1,Normal,Delivered,400019.82,on_time
SHP02045,ORD102044,SUP024,SKU037,LOC05,LOC20,2025-09-07,2025-09-23,2025-10-03,Rail,246,6550.73,8,2.0,26,60.5,Normal,Delivered,71411.34,late
SHP02046,ORD102045,SUP013,SKU031,LOC01,LOC19,2026-10-13,2026-11-06,2026-11-13,Ocean,239,3785.97,7,1.0,31,44.2,Critical,Delivered,230441.41,late
SHP02047,ORD102046,SUP002,SKU021,LOC02,LOC24,2026-03-09,2026-03-13,2026-03-25,Air,488,36268.77,7,4.0,16,50.9,Normal,Delivered,234220.48,late
SHP02048,ORD102047,SUP003,SKU047,LOC01,LOC16,2025-03-29,2025-04-16,2025-04-23,Ocean,360,8734.71,7,4.0,25,62.1,Priority,Delivered,510663.6,late
SHP02049,ORD102048,SUP024,SKU020,LOC05,LOC24,2026-09-29,2026-10-12,2026-10-24,Rail,500,19722.44,5,5.0,25,61.4,Priority,Delivered,396210.0,late
SHP02050,ORD102049,SUP038,SKU017,LOC03,LOC17,2026-07-04,2026-07-29,2026-07-31,Ocean,32,58.7,3,2.0,27,67.9,Normal,Delivered,7569.6,late
SHP02051,ORD102050,SUP021,SKU053,LOC08,LOC21,2025-07-27,2025-08-05,2025-08-15,Air,147,15404.77,5,3.0,19,54.1,Normal,Delivered,114610.02,late
SHP02052,ORD102051,SUP018,SKU036,LOC01,LOC18,2026-01-12,2026-01-25,2026-01-30,Rail,331,29078.48,3,3.0,18,38.3,Normal,Delivered,283736.51,late
SHP02053,ORD102052,SUP004,SKU022,LOC14,LOC19,2025-09-25,2025-10-21,2025-10-27,Ocean,286,9039.18,3,5.0,32,32.4,Priority,Delivered,422730.88,late
SHP02054,ORD102053,SUP028,SKU052,LOC08,LOC19,2026-01-11,2026-01-28,2026-02-01,Rail,310,27220.75,6,1.0,21,60.2,Priority,Delivered,79090.3,late
SHP02055,ORD102054,SUP003,SKU058,LOC09,LOC20,2026-10-29,2026-11-21,2026-11-27,Ocean,58,2258.72,6,2.0,29,78.6,Priority,Delivered,82036.94,late
SHP02056,ORD102055,SUP034,SKU020,LOC01,LOC23,2026-09-13,2026-10-09,2026-10-12,Ocean,385,5877.3,4,2.0,29,64.0,Priority,Delivered,305081.7,late
SHP02057,ORD102056,SUP033,SKU032,LOC10,LOC16,2025-05-29,2025-06-17,2025-07-04,Ocean,51,1955.24,5,7.0,36,47.7,Normal,Delivered,6945.69,late
SHP02058,ORD102057,SUP040,SKU030,LOC07,LOC18,2026-11-02,2026-12-04,2026-12-03,Ocean,158,2059.1,3,1.0,31,55.8,Normal,Delivered,165506.58,on_time
SHP02059,ORD102058,SUP012,SKU043,LOC07,LOC18,2025-10-30,2025-11-05,2025-11-04,Air,452,25811.86,2,0.0,5,58.3,Priority,Delivered,603302.48,on_time
SHP02060,ORD102059,SUP007,SKU058,LOC04,LOC24,2026-05-02,2026-05-13,2026-05-21,Rail,384,27269.08,9,0.0,19,49.0,Normal,Delivered,543141.12,late
SHP02061,ORD102060,SUP012,SKU033,LOC09,LOC22,2026-06-12,2026-07-11,2026-07-25,Ocean,42,1314.82,8,2.0,43,58.0,Normal,Delivered,68424.72,late
SHP02062,ORD102061,SUP032,SKU048,LOC13,LOC20,2025-11-30,2025-12-26,2026-01-05,Ocean,333,11540.66,4,5.0,36,91.1,Priority,Delivered,163066.77,late
SHP02063,ORD102062,SUP009,SKU036,LOC01,LOC23,2025-11-12,2025-11-29,2025-12-01,Rail,489,36591.21,3,4.0,19,30.7,Critical,Delivered,419175.69,late
SHP02064,ORD102063,SUP036,SKU054,LOC09,LOC24,2025-11-11,2025-11-20,2025-11-26,Air,323,46360.08,4,2.0,15,73.4,Normal,Delivered,203661.19,late
SHP02065,ORD102064,SUP007,SKU025,LOC12,LOC21,2026-08-19,2026-09-11,2026-09-18,Ocean,433,4739.71,4,2.0,30,50.2,Normal,Delivered,136217.47,late
SHP02066,ORD102065,SUP002,SKU024,LOC02,LOC20,2025-09-24,2025-10-13,2025-10-22,Rail,429,13645.72,6,4.0,28,50.5,Normal,Delivered,127627.5,late
SHP02067,ORD102066,SUP009,SKU026,LOC13,LOC16,2025-07-13,2025-08-05,2025-08-11,Ocean,318,553.5,7,4.0,29,21.4,Critical,Delivered,45225.96,late
SHP02068,ORD102067,SUP031,SKU060,LOC14,LOC24,2025-09-07,2025-09-16,2025-09-16,Air,86,1957.18,0,3.0,9,18.5,Normal,Delivered,132241.34,on_time
SHP02069,ORD102068,SUP025,SKU037,LOC10,LOC15,2025-05-15,2025-06-12,2025-06-18,Ocean,329,3785.3,3,3.0,34,47.9,Normal,Delivered,95505.41,late
SHP02070,ORD102069,SUP015,SKU010,LOC10,LOC21,2025-09-28,2025-10-05,2025-10-06,Air,66,10296.63,2,1.0,8,49.6,Normal,Delivered,85835.64,late
SHP02071,ORD102070,SUP027,SKU003,LOC05,LOC21,2025-03-20,2025-04-16,2025-04-25,Ocean,442,6368.53,8,1.0,36,46.1,Normal,Delivered,746586.62,late
SHP02072,ORD102071,SUP026,SKU032,LOC13,LOC21,2025-03-03,2025-03-20,2025-03-28,Ocean,205,6443.63,3,6.0,25,42.1,Normal,Delivered,27918.95,late
SHP02073,ORD102072,SUP023,SKU049,LOC12,LOC21,2026-05-15,2026-05-24,2026-05-31,Air,261,36098.63,4,6.0,16,43.7,Normal,Delivered,90206.82,late
SHP02074,ORD102073,SUP021,SKU029,LOC06,LOC22,2025-02-23,2025-03-15,2025-03-25,Ocean,229,631.28,4,4.0,30,62.5,Normal,Delivered,83248.37,late
SHP02075,ORD102074,SUP005,SKU034,LOC03,LOC19,2026-01-28,2026-03-02,2026-03-06,Ocean,45,1349.3,1,4.0,37,51.4,Normal,Delivered,63584.1,late
SHP02076,ORD102075,SUP011,SKU048,LOC05,LOC20,2026-06-23,2026-06-30,2026-06-30,Air,65,13794.19,1,2.0,7,51.8,Normal,Delivered,31829.85,on_time
SHP02077,ORD102076,SUP022,SKU031,LOC08,LOC16,2026-05-15,2026-05-23,2026-05-25,Air,411,32198.29,4,1.0,10,16.0,Normal,Delivered,396282.09,late
SHP02078,ORD102077,SUP006,SKU055,LOC12,LOC18,2025-11-04,2025-12-03,2025-12-10,Ocean,417,4297.69,5,2.0,36,39.3,Normal,Delivered,285294.72,late
SHP02079,ORD102078,SUP020,SKU039,LOC10,LOC19,2025-05-14,2025-06-05,2025-06-17,Ocean,384,5757.09,6,2.0,34,51.5,Normal,Delivered,273008.64,late
SHP02080,ORD102079,SUP005,SKU044,LOC03,LOC18,2026-10-05,2026-10-21,2026-10-26,Rail,431,21371.28,4,5.0,21,41.9,Critical,Delivered,670446.36,late
SHP02081,ORD102080,SUP032,SKU047,LOC04,LOC19,2026-07-31,2026-08-24,2026-09-03,Ocean,68,1671.09,2,6.0,34,114.8,Normal,Delivered,96458.68,late
SHP02082,ORD102081,SUP005,SKU038,LOC08,LOC16,2026-02-27,2026-03-23,2026-03-30,Ocean,19,375.99,2,3.0,31,44.2,Critical,Delivered,8610.04,late
SHP02083,ORD102082,SUP004,SKU004,LOC12,LOC21,2025-03-01,2025-03-25,2025-03-31,Ocean,126,866.05,5,3.0,30,33.7,Normal,Delivered,189453.6,late
SHP02084,ORD102083,SUP026,SKU026,LOC01,LOC16,2025-01-25,2025-02-19,2025-02-22,Ocean,80,143.01,4,1.0,28,35.2,Normal,Delivered,11377.6,late
SHP02085,ORD102084,SUP009,SKU009,LOC10,LOC15,2025-08-06,2025-08-18,2025-09-01,Rail,215,11774.01,5,4.0,26,30.4,Normal,Delivered,228944.9,late
SHP02086,ORD102085,SUP015,SKU031,LOC01,LOC22,2025-04-19,2025-05-13,2025-05-19,Ocean,192,2852.67,5,1.0,30,47.5,Normal,Delivered,185124.48,late
SHP02087,ORD102086,SUP013,SKU009,LOC03,LOC18,2026-08-17,2026-09-10,2026-09-13,Ocean,461,16805.15,2,1.0,27,40.8,Priority,Delivered,490900.46,late
SHP02088,ORD102087,SUP009,SKU031,LOC12,LOC17,2025-05-23,2025-06-14,2025-06-20,Ocean,389,5393.15,0,6.0,28,28.3,Normal,Delivered,375069.91,late
SHP02089,ORD102088,SUP031,SKU021,LOC07,LOC17,2025-07-15,2025-08-10,2025-08-10,Ocean,396,9028.14,2,1.0,26,12.7,Critical,Delivered,190064.16,on_time
SHP02090,ORD102089,SUP028,SKU002,LOC07,LOC16,2026-11-05,2026-12-02,2026-12-09,Ocean,409,14206.07,7,2.0,34,63.7,Normal,Delivered,286614.93,late
SHP02091,ORD102090,SUP010,SKU008,LOC01,LOC18,2026-07-19,2026-08-03,2026-08-13,Rail,44,605.66,6,3.0,25,34.2,Normal,Delivered,54308.76,late
SHP02092,ORD102091,SUP028,SKU031,LOC05,LOC17,2025-05-31,2025-06-08,2025-06-10,Air,345,20867.74,2,0.0,10,57.3,Normal,Delivered,332645.55,late
SHP02093,ORD102092,SUP029,SKU005,LOC10,LOC22,2025-09-22,2025-10-19,2025-10-24,Ocean,338,6957.71,4,2.0,32,63.3,Normal,Delivered,533992.68,late
SHP02094,ORD102093,SUP022,SKU052,LOC12,LOC18,2025-12-22,2026-01-23,2026-01-22,Ocean,88,2866.29,1,2.0,31,16.0,Normal,Delivered,22451.44,on_time
SHP02095,ORD102094,SUP024,SKU046,LOC12,LOC17,2026-04-04,2026-04-27,2026-05-05,Ocean,476,21013.21,5,3.0,31,64.9,Critical,Delivered,136207.4,late
SHP02096,ORD102095,SUP038,SKU043,LOC11,LOC15,2026-10-08,2026-11-05,2026-11-08,Ocean,277,3284.07,4,2.0,31,69.9,Normal,Delivered,369722.98,late
SHP02097,ORD102096,SUP019,SKU011,LOC12,LOC25,2026-08-25,2026-09-03,2026-09-08,Air,482,11541.63,6,2.0,14,57.8,Priority,Delivered,806323.34,late
SHP02098,ORD102097,SUP016,SKU048,LOC04,LOC19,2026-11-06,2026-11-29,2026-12-07,Ocean,198,8972.85,6,3.0,31,50.6,Normal,Delivered,96958.62,late
SHP02099,ORD102098,SUP022,SKU039,LOC04,LOC20,2025-01-29,2025-02-06,2025-02-10,Air,81,5291.75,5,0.0,12,16.0,Normal,Delivered,57587.76,late
SHP02100,ORD102099,SUP034,SKU024,LOC04,LOC17,2025-06-13,2025-06-25,2025-07-11,Rail,10,267.53,6,9.0,28,73.4,Priority,Delivered,2975.0,late
SHP02101,ORD102100,SUP029,SKU001,LOC05,LOC19,2026-01-24,2026-02-24,2026-03-01,Ocean,356,8987.39,4,1.0,36,78.4,Normal,Delivered,213407.76,late
SHP02102,ORD102101,SUP004,SKU032,LOC03,LOC21,2025-02-03,2025-02-15,2025-02-15,Rail,340,28288.51,0,0.0,12,29.8,Normal,Delivered,46304.6,on_time
SHP02103,ORD102102,SUP019,SKU048,LOC14,LOC22,2025-09-03,2025-09-25,2025-09-27,Ocean,60,2357.55,3,1.0,24,74.6,Priority,Delivered,29381.4,late
SHP02104,ORD102103,SUP030,SKU003,LOC11,LOC23,2025-04-16,2025-05-09,2025-05-10,Ocean,70,749.34,2,2.0,24,39.5,Priority,Delivered,118237.7,late
SHP02105,ORD102104,SUP009,SKU004,LOC12,LOC16,2026-10-06,2026-10-17,2026-10-22,Rail,398,4875.21,5,0.0,16,30.1,Normal,Delivered,598432.8,late
SHP02106,ORD102105,SUP040,SKU023,LOC02,LOC16,2025-02-13,2025-03-16,2025-03-24,Ocean,349,7993.21,6,5.0,39,55.2,Normal,Delivered,105233.97,late
SHP02107,ORD102106,SUP033,SKU031,LOC14,LOC22,2025-04-13,2025-05-04,2025-05-12,Ocean,311,5307.73,5,0.0,29,44.1,Normal,Delivered,299863.09,late
SHP02108,ORD102107,SUP034,SKU029,LOC10,LOC24,2025-05-15,2025-05-30,2025-05-27,Air,494,5961.48,3,0.0,12,75.7,Normal,Delivered,179583.82,on_time
SHP02109,ORD102108,SUP004,SKU026,LOC04,LOC16,2025-04-13,2025-05-03,2025-05-11,Ocean,20,32.16,5,4.0,28,21.6,Normal,Delivered,2844.4,late
SHP02110,ORD102109,SUP024,SKU016,LOC14,LOC15,2026-01-28,2026-02-12,2026-02-15,Rail,413,28377.86,4,4.0,18,64.1,Normal,Delivered,601596.45,late
SHP02111,ORD102110,SUP022,SKU004,LOC07,LOC25,2025-09-09,2025-10-06,2025-10-07,Ocean,210,1317.63,2,2.0,28,16.0,Normal,Delivered,315756.0,late
SHP02112,ORD102111,SUP026,SKU002,LOC08,LOC21,2026-09-22,2026-10-07,2026-10-23,Rail,473,30506.37,11,4.0,31,32.9,Normal,Delivered,331464.21,late
SHP02113,ORD102112,SUP035,SKU006,LOC12,LOC15,2025-06-29,2025-07-18,2025-07-28,Ocean,168,2194.2,6,2.0,29,16.0,Normal,Delivered,236770.8,late
SHP02114,ORD102113,SUP015,SKU042,LOC13,LOC23,2026-01-06,2026-01-26,2026-01-31,Ocean,338,10685.34,4,0.0,25,31.9,Normal,Delivered,492367.98,late
SHP02115,ORD102114,SUP022,SKU048,LOC05,LOC20,2026-04-01,2026-05-02,2026-05-04,Ocean,128,4451.57,7,0.0,33,16.0,Normal,Delivered,62680.32,late
SHP02116,ORD102115,SUP028,SKU027,LOC07,LOC15,2026-03-08,2026-03-23,2026-04-04,Rail,488,23040.54,6,3.0,27,45.4,Normal,Delivered,604949.2,late
SHP02117,ORD102116,SUP031,SKU005,LOC14,LOC18,2026-07-04,2026-07-24,2026-07-28,Ocean,52,1369.71,3,3.0,24,12.3,Priority,Delivered,82152.72,late
SHP02118,ORD102117,SUP031,SKU025,LOC11,LOC25,2025-05-20,2025-06-07,2025-06-07,Rail,99,2132.22,6,0.0,18,15.5,Normal,Delivered,31144.41,on_time
SHP02119,ORD102118,SUP014,SKU060,LOC08,LOC23,2025-12-17,2026-01-09,2026-01-12,Ocean,418,2071.95,1,3.0,26,21.1,Normal,Delivered,642754.42,late
SHP02120,ORD102119,SUP040,SKU015,LOC01,LOC22,2026-07-07,2026-08-10,2026-08-17,Ocean,346,6893.64,9,3.0,41,49.1,Normal,Delivered,602296.04,late
SHP02121,ORD102120,SUP001,SKU030,LOC08,LOC19,2026-08-19,2026-09-17,2026-09-23,Ocean,450,4043.75,3,1.0,35,28.0,Normal,Delivered,471379.5,late
SHP02122,ORD102121,SUP020,SKU033,LOC03,LOC17,2026-03-03,2026-03-25,2026-03-27,Ocean,287,10067.04,2,2.0,24,60.9,Priority,Delivered,467568.92,late
SHP02123,ORD102122,SUP025,SKU020,LOC10,LOC22,2026-03-26,2026-04-09,2026-04-19,Rail,369,13041.46,8,4.0,24,63.3,Normal,Delivered,292402.98,late
SHP02124,ORD102123,SUP003,SKU027,LOC02,LOC21,2026-08-20,2026-09-18,2026-09-30,Ocean,214,6111.4,6,6.0,41,65.9,Normal,Delivered,265285.1,late
SHP02125,ORD102124,SUP019,SKU029,LOC01,LOC19,2026-03-08,2026-03-17,2026-03-23,Air,264,3457.64,4,0.0,15,53.2,Critical,Delivered,95971.92,late
SHP02126,ORD102125,SUP024,SKU029,LOC01,LOC19,2026-10-17,2026-11-15,2026-11-18,Ocean,100,246.25,2,0.0,32,57.8,Normal,Delivered,36353.0,late
SHP02127,ORD102126,SUP025,SKU044,LOC13,LOC18,2025-03-30,2025-04-16,2025-04-20,Ocean,221,6992.56,2,2.0,21,55.0,Priority,Delivered,343778.76,late
SHP02128,ORD102127,SUP005,SKU035,LOC06,LOC23,2025-08-29,2025-09-09,2025-09-15,Air,461,11940.19,6,2.0,17,53.7,Normal,Delivered,454453.8,late
SHP02129,ORD102128,SUP012,SKU004,LOC10,LOC16,2025-03-19,2025-03-31,2025-04-02,Rail,267,3500.65,3,1.0,14,51.5,Priority,Delivered,401461.2,late
SHP02130,ORD102129,SUP010,SKU001,LOC07,LOC21,2025-03-04,2025-03-14,2025-03-17,Air,442,50929.72,3,3.0,13,21.5,Priority,Delivered,264961.32,late
SHP02131,ORD102130,SUP026,SKU025,LOC03,LOC20,2025-11-22,2025-12-16,2025-12-24,Ocean,233,2886.38,3,5.0,32,44.5,Normal,Delivered,73299.47,late
SHP02132,ORD102131,SUP014,SKU055,LOC04,LOC15,2025-06-05,2025-06-12,2025-06-17,Air,485,27201.77,5,0.0,12,41.4,Normal,Delivered,331817.6,late
SHP02133,ORD102132,SUP023,SKU003,LOC06,LOC16,2025-10-08,2025-10-15,2025-10-24,Air,196,8894.4,4,4.0,16,38.7,Normal,Delivered,331065.56,late
SHP02134,ORD102133,SUP030,SKU005,LOC06,LOC22,2025-10-30,2025-11-26,2025-11-27,Ocean,419,10523.66,1,2.0,28,37.5,Normal,Delivered,661961.34,late
SHP02135,ORD102134,SUP032,SKU041,LOC10,LOC18,2026-03-05,2026-03-15,2026-03-29,Air,319,24167.08,7,3.0,24,111.9,Normal,Delivered,314116.11,late
SHP02136,ORD102135,SUP008,SKU028,LOC03,LOC21,2026-10-15,2026-11-18,2026-11-19,Ocean,212,2517.67,2,0.0,35,34.3,Normal,Delivered,197253.28,late
SHP02137,ORD102136,SUP037,SKU014,LOC07,LOC17,2026-08-10,2026-08-22,2026-08-23,Air,288,35770.73,3,0.0,13,40.0,Normal,Delivered,333397.44,late
SHP02138,ORD102137,SUP007,SKU013,LOC08,LOC15,2025-09-19,2025-10-11,2025-10-14,Rail,69,1962.71,7,2.0,25,61.6,Normal,Delivered,115094.76,late
SHP02139,ORD102138,SUP001,SKU040,LOC10,LOC22,2025-08-13,2025-09-01,2025-09-04,Rail,118,3594.75,0,6.0,22,17.0,Normal,Delivered,201809.5,late
SHP02140,ORD102139,SUP002,SKU032,LOC14,LOC16,2026-06-16,2026-06-24,2026-06-23,Air,305,44271.96,0,0.0,7,50.2,Normal,Delivered,41537.95,on_time
SHP02141,ORD102140,SUP009,SKU039,LOC11,LOC17,2025-03-27,2025-04-04,2025-04-13,Air,214,14120.65,10,1.0,17,29.0,Normal,Delivered,152145.44,late
SHP02142,ORD102141,SUP035,SKU017,LOC09,LOC17,2026-01-08,2026-01-11,2026-01-17,Air,382,2643.84,0,5.0,9,16.0,Normal,Delivered,90362.1,late
SHP02143,ORD102142,SUP009,SKU032,LOC01,LOC16,2025-10-19,2025-11-06,2025-11-12,Ocean,29,1036.15,3,4.0,24,35.0,Normal,Delivered,3949.51,late
SHP02144,ORD102143,SUP028,SKU052,LOC09,LOC24,2025-05-07,2025-06-06,2025-06-13,Ocean,486,15358.05,8,0.0,37,59.3,Priority,Delivered,123993.18,late
SHP02145,ORD102144,SUP017,SKU019,LOC10,LOC21,2026-03-02,2026-03-23,2026-03-25,Ocean,132,5138.8,3,2.0,23,27.0,Normal,Delivered,145655.4,late
SHP02146,ORD102145,SUP002,SKU024,LOC13,LOC25,2025-08-10,2025-08-31,2025-09-04,Ocean,491,7218.11,2,3.0,25,45.1,Normal,Delivered,146072.5,late
SHP02147,ORD102146,SUP018,SKU010,LOC05,LOC16,2025-05-09,2025-05-30,2025-06-09,Rail,423,31973.04,5,8.0,31,43.0,Priority,Delivered,550128.42,late
SHP02148,ORD102147,SUP002,SKU039,LOC05,LOC25,2026-03-27,2026-04-16,2026-04-16,Rail,256,7260.2,3,0.0,20,64.5,Normal,Delivered,182005.76,on_time
SHP02149,ORD102148,SUP020,SKU002,LOC13,LOC18,2025-05-01,2025-05-31,2025-06-08,Ocean,487,13455.3,5,4.0,38,68.1,Normal,Delivered,341274.99,late
SHP02150,ORD102149,SUP023,SKU015,LOC07,LOC19,2026-04-10,2026-05-03,2026-05-07,Ocean,269,6013.93,6,2.0,27,48.1,Normal,Delivered,468259.06,late
SHP02151,ORD102150,SUP021,SKU043,LOC04,LOC19,2025-04-22,2025-05-02,2025-05-08,Air,198,12296.22,2,5.0,16,53.1,Normal,Delivered,264278.52,late
SHP02152,ORD102151,SUP012,SKU002,LOC02,LOC16,2025-10-27,2025-11-18,2025-11-17,Ocean,363,10060.46,2,0.0,21,50.8,Normal,Delivered,254379.51,on_time
SHP02153,ORD102152,SUP031,SKU060,LOC06,LOC15,2026-07-12,2026-07-20,2026-07-26,Air,275,7296.85,4,3.0,14,15.1,Normal,Delivered,422864.75,late
SHP02154,ORD102153,SUP024,SKU025,LOC12,LOC22,2025-06-07,2025-06-26,2025-06-30,Rail,291,6586.56,4,1.0,23,78.6,Normal,Delivered,91545.69,late
SHP02155,ORD102154,SUP011,SKU024,LOC11,LOC18,2026-06-14,2026-07-13,2026-07-18,Ocean,32,356.62,5,2.0,34,41.4,Normal,Delivered,9520.0,late
SHP02156,ORD102155,SUP018,SKU033,LOC06,LOC22,2026-05-14,2026-06-16,2026-06-20,Ocean,194,7053.27,6,2.0,37,50.0,Normal,Delivered,316057.04,late
SHP02157,ORD102156,SUP005,SKU039,LOC03,LOC22,2026-09-15,2026-10-10,2026-10-17,Ocean,445,5317.98,2,4.0,32,44.0,Normal,Delivered,316377.2,late
SHP02158,ORD102157,SUP037,SKU028,LOC09,LOC19,2025-04-27,2025-05-12,2025-05-16,Ocean,23,272.14,3,2.0,19,43.7,Priority,Delivered,21400.12,late
SHP02159,ORD102158,SUP031,SKU054,LOC06,LOC20,2026-05-09,2026-06-06,2026-06-10,Ocean,218,7369.95,1,6.0,32,19.6,Normal,Delivered,137455.54,late
SHP02160,ORD102159,SUP012,SKU058,LOC06,LOC22,2026-10-09,2026-11-03,2026-11-07,Ocean,219,7809.13,6,0.0,29,51.9,Normal,Delivered,309760.17,late
SHP02161,ORD102160,SUP027,SKU013,LOC03,LOC15,2026-06-11,2026-06-30,2026-07-06,Ocean,471,7091.66,5,4.0,25,61.1,Normal,Delivered,785646.84,late
SHP02162,ORD102161,SUP028,SKU043,LOC14,LOC16,2025-05-10,2025-06-07,2025-06-15,Ocean,387,5465.02,5,1.0,36,56.2,Priority,Delivered,516544.38,late
SHP02163,ORD102162,SUP025,SKU019,LOC08,LOC23,2026-07-22,2026-08-06,2026-08-18,Ocean,156,6006.16,6,3.0,27,55.0,Priority,Delivered,172138.2,late
SHP02164,ORD102163,SUP003,SKU060,LOC05,LOC20,2025-03-16,2025-03-19,2025-03-30,Air,78,2189.26,6,3.0,14,62.6,Normal,Delivered,119939.82,late
SHP02165,ORD102164,SUP036,SKU016,LOC10,LOC18,2026-02-11,2026-02-27,2026-03-04,Ocean,408,13947.94,3,3.0,21,77.6,Priority,Delivered,594313.2,late
SHP02166,ORD102165,SUP039,SKU018,LOC11,LOC18,2025-12-10,2025-12-24,2026-01-03,Rail,300,19610.19,8,1.0,24,58.3,Normal,Delivered,135984.0,late
SHP02167,ORD102166,SUP039,SKU043,LOC05,LOC19,2026-01-02,2026-01-19,2026-02-02,Ocean,233,2535.98,9,0.0,31,29.5,Normal,Delivered,310994.42,late
SHP02168,ORD102167,SUP040,SKU048,LOC02,LOC22,2025-12-25,2026-01-27,2026-02-05,Ocean,201,9312.73,6,5.0,42,35.2,Normal,Delivered,98427.69,late
SHP02169,ORD102168,SUP038,SKU008,LOC11,LOC16,2025-01-22,2025-02-22,2025-02-24,Ocean,485,2500.67,1,2.0,33,68.8,Normal,Delivered,598630.65,late
SHP02170,ORD102169,SUP030,SKU034,LOC06,LOC18,2025-12-17,2025-12-24,2025-12-31,Air,101,19258.59,3,8.0,14,47.6,Priority,Delivered,142710.98,late
SHP02171,ORD102170,SUP003,SKU021,LOC08,LOC23,2026-10-09,2026-11-05,2026-11-12,Ocean,39,692.59,3,4.0,34,67.1,Normal,Delivered,18718.44,late
SHP02172,ORD102171,SUP019,SKU037,LOC12,LOC25,2025-10-29,2025-11-16,2025-11-26,Ocean,446,5509.78,6,1.0,28,61.0,Normal,Delivered,129469.34,late
SHP02173,ORD102172,SUP010,SKU034,LOC07,LOC18,2025-07-11,2025-08-09,2025-08-13,Ocean,85,3554.56,3,4.0,33,8.1,Normal,Delivered,120103.3,late
SHP02174,ORD102173,SUP009,SKU060,LOC03,LOC17,2026-11-18,2026-12-05,2026-12-09,Rail,295,2713.6,3,4.0,21,42.4,Normal,Delivered,453618.55,late
SHP02175,ORD102174,SUP034,SKU057,LOC12,LOC24,2025-03-10,2025-04-02,2025-04-13,Ocean,21,417.28,5,3.0,34,69.8,Normal,Delivered,27837.6,late
SHP02176,ORD102175,SUP033,SKU040,LOC14,LOC20,2025-12-02,2025-12-30,2026-01-08,Ocean,175,2399.64,9,2.0,37,47.7,Normal,Delivered,299293.75,late
SHP02177,ORD102176,SUP021,SKU041,LOC11,LOC24,2025-12-20,2026-01-07,2026-01-08,Rail,145,5161.42,2,3.0,19,52.3,Normal,Delivered,142780.05,late
SHP02178,ORD102177,SUP030,SKU054,LOC07,LOC23,2025-11-26,2025-12-20,2025-12-29,Ocean,325,11362.13,5,3.0,33,55.1,Normal,Delivered,204922.25,late
SHP02179,ORD102178,SUP006,SKU012,LOC08,LOC24,2026-09-28,2026-10-18,2026-10-22,Ocean,231,3039.17,5,3.0,24,27.5,Normal,Delivered,208468.26,late
SHP02180,ORD102179,SUP009,SKU044,LOC03,LOC16,2025-10-19,2025-10-28,2025-10-26,Air,92,12570.96,0,3.0,7,31.6,Normal,Delivered,143111.52,on_time
SHP02181,ORD102180,SUP035,SKU047,LOC10,LOC21,2026-11-03,2026-11-18,2026-11-24,Ocean,261,5381.82,5,1.0,21,16.0,Normal,Delivered,370231.11,late
SHP02182,ORD102181,SUP019,SKU008,LOC12,LOC23,2025-02-16,2025-03-18,2025-03-22,Ocean,13,90.31,4,0.0,34,69.4,Priority,Delivered,16045.77,late
SHP02183,ORD102182,SUP022,SKU053,LOC08,LOC18,2026-05-22,2026-06-24,2026-06-26,Ocean,210,6374.81,6,0.0,35,16.0,Normal,Delivered,163728.6,late
SHP02184,ORD102183,SUP019,SKU042,LOC09,LOC19,2026-02-14,2026-03-13,2026-03-23,Ocean,177,4612.39,7,3.0,37,64.7,Priority,Delivered,257837.67,late
SHP02185,ORD102184,SUP009,SKU021,LOC11,LOC24,2025-06-15,2025-07-01,2025-07-12,Rail,75,2350.99,6,1.0,27,27.9,Critical,Delivered,35997.0,late
SHP02186,ORD102185,SUP034,SKU030,LOC02,LOC15,2025-06-07,2025-06-16,2025-06-16,Air,187,10535.39,2,1.0,9,82.8,Normal,Delivered,195884.37,on_time
SHP02187,ORD102186,SUP031,SKU030,LOC11,LOC15,2026-05-12,2026-05-22,2026-05-25,Air,423,17318.83,4,4.0,13,14.5,Normal,Delivered,443096.73,late
SHP02188,ORD102187,SUP028,SKU056,LOC13,LOC22,2026-03-16,2026-04-06,2026-04-14,Ocean,182,1218.42,5,1.0,29,54.6,Priority,Delivered,55393.52,late
SHP02189,ORD102188,SUP015,SKU059,LOC05,LOC23,2026-02-26,2026-03-06,2026-03-16,Air,33,6300.16,9,2.0,18,43.0,Critical,Delivered,43054.11,late
SHP02190,ORD102189,SUP026,SKU049,LOC08,LOC18,2025-02-05,2025-02-11,2025-02-12,Air,445,48628.35,2,1.0,7,48.1,Normal,Delivered,153800.9,late
SHP02191,ORD102190,SUP039,SKU040,LOC05,LOC22,2026-02-17,2026-03-07,2026-03-13,Ocean,258,3582.79,5,5.0,24,31.1,Normal,Delivered,441244.5,late
SHP02192,ORD102191,SUP026,SKU007,LOC10,LOC15,2026-11-09,2026-11-24,2026-11-20,Rail,256,4310.52,0,0.0,11,44.9,Normal,Delivered,17781.76,on_time
SHP02193,ORD102192,SUP020,SKU055,LOC04,LOC25,2025-01-12,2025-02-11,2025-02-15,Ocean,414,4006.32,4,2.0,34,57.9,Normal,Delivered,283242.24,late
SHP02194,ORD102193,SUP011,SKU009,LOC04,LOC20,2025-11-20,2025-11-30,2025-12-02,Air,87,13154.01,3,3.0,12,56.2,Normal,Delivered,92642.82,late
SHP02195,ORD102194,SUP021,SKU011,LOC06,LOC24,2025-12-08,2026-01-05,2026-01-11,Ocean,476,3338.3,7,0.0,34,55.7,Normal,Delivered,796286.12,late
SHP02196,ORD102195,SUP015,SKU005,LOC02,LOC19,2026-09-11,2026-10-10,2026-10-10,Ocean,300,6484.02,1,0.0,29,51.2,Normal,Delivered,473958.0,on_time
SHP02197,ORD102196,SUP025,SKU057,LOC05,LOC18,2025-07-15,2025-07-21,2025-07-28,Air,452,34951.58,4,3.0,13,37.2,Normal,Delivered,599171.2,late
SHP02198,ORD102197,SUP002,SKU030,LOC11,LOC21,2025-11-25,2025-12-06,2025-12-10,Air,92,5637.2,4,2.0,15,56.8,Priority,Delivered,96370.92,late
SHP02199,ORD102198,SUP008,SKU015,LOC05,LOC16,2026-05-10,2026-06-04,2026-06-09,Ocean,374,7233.12,3,0.0,30,30.1,Normal,Delivered,651036.76,late
SHP02200,ORD102199,SUP032,SKU005,LOC01,LOC21,2025-02-11,2025-03-07,2025-03-15,Ocean,234,6073.84,4,4.0,32,101.3,Normal,Delivered,369687.24,late
SHP02201,ORD102200,SUP016,SKU025,LOC09,LOC17,2026-07-07,2026-07-15,2026-07-13,Air,462,26497.11,0,0.0,6,38.8,Normal,Delivered,145340.58,on_time
SHP02202,ORD102201,SUP018,SKU044,LOC07,LOC24,2026-07-22,2026-08-18,2026-08-25,Ocean,496,17933.91,7,0.0,34,38.2,Normal,Delivered,771557.76,late
SHP02203,ORD102202,SUP022,SKU060,LOC06,LOC20,2026-05-12,2026-06-01,2026-06-04,Ocean,31,209.16,4,0.0,23,16.0,Normal,Delivered,47668.39,late
SHP02204,ORD102203,SUP018,SKU034,LOC04,LOC17,2026-03-24,2026-03-29,2026-04-04,Air,400,72862.43,3,2.0,11,32.2,Normal,Delivered,565192.0,late
SHP02205,ORD102204,SUP031,SKU037,LOC13,LOC25,2026-05-31,2026-06-24,2026-06-30,Ocean,251,3548.95,5,1.0,30,18.8,Normal,Delivered,72862.79,late
SHP02206,ORD102205,SUP010,SKU051,LOC13,LOC25,2026-06-24,2026-07-22,2026-07-28,Ocean,452,16513.77,1,2.0,34,22.7,Normal,Delivered,410745.96,late
SHP02207,ORD102206,SUP031,SKU055,LOC06,LOC23,2026-09-16,2026-10-12,2026-10-18,Ocean,89,1108.84,4,2.0,32,25.7,Priority,Delivered,60890.24,late
SHP02208,ORD102207,SUP009,SKU017,LOC04,LOC16,2025-10-23,2025-11-09,2025-11-16,Rail,14,42.53,7,2.0,24,21.8,Critical,Delivered,3311.7,late
SHP02209,ORD102208,SUP015,SKU060,LOC07,LOC17,2025-11-11,2025-12-02,2025-12-06,Ocean,77,514.77,4,1.0,25,38.9,Normal,Delivered,118402.13,late
SHP02210,ORD102209,SUP024,SKU032,LOC12,LOC23,2026-03-17,2026-03-27,2026-04-04,Air,416,59301.23,9,0.0,18,74.6,Critical,Delivered,56655.04,late
SHP02211,ORD102210,SUP036,SKU056,LOC09,LOC16,2025-05-14,2025-05-31,2025-06-08,Rail,426,6217.33,8,1.0,25,80.5,Normal,Delivered,129657.36,late
SHP02212,ORD102211,SUP010,SKU008,LOC01,LOC21,2026-08-14,2026-08-19,2026-08-25,Air,499,12432.03,1,5.0,11,30.3,Normal,Delivered,615910.71,late
SHP02213,ORD102212,SUP024,SKU006,LOC05,LOC19,2026-06-16,2026-07-04,2026-07-12,Ocean,223,3335.07,6,3.0,26,61.7,Normal,Delivered,314285.05,late
SHP02214,ORD102213,SUP003,SKU054,LOC13,LOC25,2026-03-12,2026-03-30,2026-04-09,Ocean,370,9062.32,4,5.0,28,62.9,Priority,Delivered,233296.1,late
SHP02215,ORD102214,SUP004,SKU041,LOC11,LOC21,2025-07-28,2025-08-19,2025-08-20,Ocean,167,2949.42,3,1.0,23,40.3,Normal,Delivered,164443.23,late
SHP02216,ORD102215,SUP031,SKU011,LOC05,LOC18,2025-08-28,2025-09-04,2025-09-08,Air,97,2354.84,5,0.0,11,15.0,Normal,Delivered,162268.39,late
SHP02217,ORD102216,SUP029,SKU054,LOC07,LOC20,2025-10-28,2025-11-14,2025-11-15,Rail,397,19205.63,0,0.0,18,66.1,Normal,Delivered,250320.41,late
SHP02218,ORD102217,SUP016,SKU007,LOC07,LOC25,2026-04-03,2026-04-10,2026-04-20,Air,304,9529.32,6,3.0,17,43.4,Normal,Delivered,21115.84,late
SHP02219,ORD102218,SUP025,SKU041,LOC11,LOC21,2026-06-21,2026-07-14,2026-07-13,Ocean,139,2378.45,1,0.0,22,50.7,Normal,Delivered,136871.91,on_time
SHP02220,ORD102219,SUP016,SKU013,LOC12,LOC20,2026-04-09,2026-04-26,2026-04-26,Ocean,232,2373.88,2,0.0,17,34.5,Normal,Delivered,386985.28,on_time
SHP02221,ORD102220,SUP012,SKU005,LOC01,LOC18,2026-10-04,2026-10-25,2026-10-29,Rail,440,23567.4,2,5.0,25,55.6,Normal,Delivered,695138.4,late
SHP02222,ORD102221,SUP018,SKU049,LOC03,LOC22,2026-10-25,2026-11-23,2026-12-07,Ocean,438,10028.16,5,6.0,43,34.5,Normal,Delivered,151381.56,late
SHP02223,ORD102222,SUP013,SKU051,LOC13,LOC16,2026-05-02,2026-05-13,2026-05-14,Rail,297,22955.27,0,3.0,12,42.8,Normal,Delivered,269892.81,late
SHP02224,ORD102223,SUP033,SKU007,LOC07,LOC17,2025-09-13,2025-10-12,2025-10-21,Ocean,248,1989.83,8,3.0,38,46.6,Normal,Delivered,17226.08,late
SHP02225,ORD102224,SUP017,SKU006,LOC11,LOC24,2026-02-18,2026-03-02,2026-03-03,Air,372,23358.0,2,2.0,13,27.0,Normal,Delivered,524278.2,late
SHP02226,ORD102225,SUP013,SKU037,LOC02,LOC17,2025-10-21,2025-10-29,2025-11-06,Air,340,17582.66,7,1.0,16,37.4,Normal,Delivered,98698.6,late
SHP02227,ORD102226,SUP022,SKU002,LOC11,LOC23,2026-03-11,2026-03-30,2026-04-04,Ocean,297,7041.15,3,0.0,24,16.0,Priority,Delivered,208128.69,late
SHP02228,ORD102227,SUP031,SKU045,LOC09,LOC23,2026-07-15,2026-08-08,2026-08-16,Ocean,123,564.92,2,1.0,32,21.9,Normal,Delivered,162191.49,late
SHP02229,ORD102228,SUP011,SKU055,LOC03,LOC25,2025-09-12,2025-09-25,2025-10-04,Rail,135,3576.02,9,3.0,22,48.2,Normal,Delivered,92361.6,late
SHP02230,ORD102229,SUP038,SKU046,LOC07,LOC21,2025-12-15,2026-01-16,2026-01-24,Ocean,384,16858.47,6,3.0,40,72.5,Normal,Delivered,109881.6,late
SHP02231,ORD102230,SUP019,SKU014,LOC07,LOC23,2025-02-01,2025-03-02,2025-03-06,Ocean,110,2722.61,2,3.0,33,59.9,Normal,Delivered,127339.3,late
SHP02232,ORD102231,SUP027,SKU012,LOC07,LOC17,2026-05-24,2026-06-13,2026-06-14,Ocean,11,150.47,3,2.0,21,60.3,Normal,Delivered,9927.06,late
SHP02233,ORD102232,SUP039,SKU041,LOC10,LOC24,2025-12-04,2026-01-07,2026-01-04,Ocean,288,4076.78,2,0.0,31,37.8,Critical,Delivered,283590.72,on_time
SHP02234,ORD102233,SUP018,SKU004,LOC10,LOC22,2025-11-14,2025-11-21,2025-11-26,Air,261,6549.2,4,3.0,12,37.8,Critical,Delivered,392439.6,late
SHP02235,ORD102234,SUP008,SKU033,LOC11,LOC18,2026-01-03,2026-01-29,2026-02-08,Ocean,239,9313.63,5,2.0,36,36.1,Normal,Delivered,389369.24,late
SHP02236,ORD102235,SUP030,SKU027,LOC09,LOC22,2025-05-29,2025-06-29,2025-07-04,Ocean,455,11509.24,5,2.0,36,50.1,Normal,Delivered,564040.75,late
SHP02237,ORD102236,SUP001,SKU045,LOC14,LOC25,2026-02-17,2026-03-07,2026-03-08,Rail,202,2371.88,2,0.0,19,23.5,Normal,Delivered,266363.26,late
SHP02238,ORD102237,SUP019,SKU013,LOC13,LOC15,2026-05-30,2026-06-29,2026-07-05,Ocean,164,2576.73,8,3.0,36,67.9,Normal,Delivered,273558.56,late
SHP02239,ORD102238,SUP040,SKU046,LOC03,LOC23,2025-08-30,2025-09-28,2025-10-06,Ocean,319,11748.35,8,4.0,37,56.0,Normal,Delivered,91281.85,late
SHP02240,ORD102239,SUP017,SKU042,LOC14,LOC22,2025-04-01,2025-04-13,2025-04-18,Air,131,13413.05,7,1.0,17,27.0,Priority,Delivered,190829.01,late
SHP02241,ORD102240,SUP028,SKU015,LOC01,LOC19,2025-09-24,2025-10-03,2025-10-15,Rail,394,14093.58,7,2.0,21,59.5,Normal,Delivered,685851.56,late
SHP02242,ORD102241,SUP022,SKU022,LOC07,LOC19,2025-05-18,2025-05-26,2025-05-26,Air,245,37554.74,0,3.0,8,16.0,Normal,Delivered,362129.6,on_time
SHP02243,ORD102242,SUP009,SKU004,LOC08,LOC22,2025-09-16,2025-09-25,2025-09-28,Air,185,5727.84,5,0.0,12,37.0,Critical,Delivered,278166.0,late
SHP02244,ORD102243,SUP013,SKU027,LOC06,LOC16,2026-03-09,2026-03-29,2026-04-06,Ocean,79,2317.75,5,2.0,28,41.0,Priority,Delivered,97932.35,late
SHP02245,ORD102244,SUP021,SKU016,LOC12,LOC15,2025-03-20,2025-04-15,2025-04-23,Ocean,319,14582.1,5,5.0,34,55.3,Normal,Delivered,464671.35,late
SHP02246,ORD102245,SUP005,SKU007,LOC09,LOC16,2026-05-31,2026-06-11,2026-06-21,Rail,422,4989.28,5,3.0,21,49.4,Priority,Delivered,29312.12,late
SHP02247,ORD102246,SUP017,SKU034,LOC07,LOC16,2025-06-04,2025-06-23,2025-07-02,Rail,206,12729.72,6,2.0,28,27.0,Normal,Delivered,291073.88,late
SHP02248,ORD102247,SUP017,SKU035,LOC10,LOC15,2026-09-10,2026-10-06,2026-10-16,Ocean,109,658.97,6,4.0,36,27.0,Normal,Delivered,107452.2,late
SHP02249,ORD102248,SUP034,SKU006,LOC08,LOC21,2026-05-21,2026-06-12,2026-06-15,Ocean,451,7645.38,2,4.0,25,70.1,Normal,Delivered,635616.85,late
SHP02250,ORD102249,SUP005,SKU012,LOC07,LOC22,2025-07-08,2025-07-31,2025-08-02,Ocean,457,5003.8,2,2.0,25,48.4,Normal,Delivered,412424.22,late
SHP02251,ORD102250,SUP034,SKU005,LOC03,LOC23,2026-01-24,2026-02-19,2026-03-02,Ocean,177,5368.95,7,0.0,37,80.0,Normal,Delivered,279635.22,late
SHP02252,ORD102251,SUP017,SKU041,LOC10,LOC21,2025-03-18,2025-04-05,2025-04-10,Rail,217,7159.9,5,3.0,23,27.0,Normal,Delivered,213677.73,late
SHP02253,ORD102252,SUP027,SKU021,LOC04,LOC17,2025-03-10,2025-03-16,2025-03-23,Air,285,27978.15,5,3.0,13,46.5,Normal,Delivered,136788.6,late
SHP02254,ORD102253,SUP023,SKU005,LOC04,LOC15,2026-10-22,2026-11-11,2026-11-12,Ocean,370,9345.39,4,1.0,21,67.2,Normal,Delivered,584548.2,late
SHP02255,ORD102254,SUP012,SKU012,LOC08,LOC21,2026-07-08,2026-08-07,2026-08-10,Ocean,406,6325.67,2,2.0,33,50.8,Priority,Delivered,366398.76,late
SHP02256,ORD102255,SUP038,SKU059,LOC03,LOC15,2025-04-17,2025-05-07,2025-05-15,Ocean,58,2193.28,2,3.0,28,74.9,Priority,Delivered,75670.86,late
SHP02257,ORD102256,SUP009,SKU016,LOC03,LOC20,2025-07-15,2025-08-07,2025-08-12,Ocean,341,16662.21,3,4.0,28,39.9,Normal,Delivered,496717.65,late
SHP02258,ORD102257,SUP002,SKU042,LOC07,LOC17,2025-05-17,2025-05-22,2025-05-29,Air,454,69278.27,4,5.0,12,58.1,Normal,Delivered,661346.34,late
SHP02259,ORD102258,SUP031,SKU029,LOC10,LOC20,2025-09-30,2025-10-29,2025-11-08,Ocean,201,524.01,5,6.0,39,27.0,Normal,Delivered,73069.53,late
SHP02260,ORD102259,SUP025,SKU011,LOC05,LOC16,2025-07-21,2025-08-15,2025-08-12,Ocean,54,307.9,1,1.0,22,37.2,Normal,Delivered,90334.98,on_time
SHP02261,ORD102260,SUP036,SKU019,LOC07,LOC20,2025-08-15,2025-08-28,2025-09-07,Air,122,25170.86,8,5.0,23,68.7,Critical,Delivered,134620.9,late
SHP02262,ORD102261,SUP019,SKU001,LOC03,LOC25,2026-01-01,2026-01-16,2026-01-28,Rail,278,12220.28,10,1.0,27,53.6,Normal,Delivered,166649.88,late
SHP02263,ORD102262,SUP001,SKU045,LOC08,LOC24,2025-05-11,2025-06-13,2025-06-12,Ocean,93,450.37,1,0.0,32,38.5,Normal,Delivered,122632.59,on_time
SHP02264,ORD102263,SUP001,SKU021,LOC10,LOC16,2026-09-02,2026-09-19,2026-09-22,Ocean,130,2275.74,4,1.0,20,16.9,Normal,Delivered,62394.8,late
SHP02265,ORD102264,SUP018,SKU030,LOC06,LOC22,2026-05-18,2026-06-16,2026-06-23,Ocean,363,4545.03,4,5.0,36,48.9,Normal,Delivered,380246.13,late
SHP02266,ORD102265,SUP010,SKU010,LOC05,LOC15,2026-06-09,2026-07-08,2026-07-14,Ocean,17,624.74,9,0.0,35,20.7,Normal,Delivered,22109.18,late
SHP02267,ORD102266,SUP037,SKU050,LOC03,LOC21,2025-04-27,2025-05-20,2025-05-17,Ocean,72,2064.35,0,0.0,20,34.0,Priority,Delivered,62121.6,on_time
SHP02268,ORD102267,SUP005,SKU014,LOC06,LOC23,2026-05-04,2026-05-12,2026-05-24,Air,469,60833.38,5,6.0,20,45.6,Normal,Delivered,542928.47,late
SHP02269,ORD102268,SUP036,SKU034,LOC14,LOC16,2026-08-01,2026-08-22,2026-09-01,Ocean,173,4746.96,7,2.0,31,52.1,Normal,Delivered,244445.54,late
SHP02270,ORD102269,SUP009,SKU053,LOC08,LOC23,2025-05-01,2025-06-01,2025-06-01,Ocean,51,1264.0,0,0.0,31,25.6,Normal,Delivered,39762.66,on_time
SHP02271,ORD102270,SUP005,SKU043,LOC03,LOC16,2026-06-03,2026-06-15,2026-06-20,Rail,92,2597.82,5,4.0,17,61.2,Normal,Delivered,122796.08,late
SHP02272,ORD102271,SUP011,SKU037,LOC14,LOC22,2025-09-04,2025-10-07,2025-10-10,Ocean,240,3188.21,5,5.0,36,52.0,Priority,Delivered,69669.6,late
SHP02273,ORD102272,SUP006,SKU054,LOC06,LOC16,2026-06-28,2026-07-07,2026-07-04,Air,99,15892.27,2,0.0,6,47.5,Normal,Delivered,62422.47,on_time
SHP02274,ORD102273,SUP017,SKU011,LOC09,LOC25,2025-11-27,2025-12-03,2025-12-13,Air,104,3406.4,6,3.0,16,27.0,Critical,Delivered,173978.48,late
SHP02275,ORD102274,SUP014,SKU058,LOC01,LOC18,2026-07-08,2026-07-18,2026-07-26,Rail,136,10040.67,7,0.0,18,39.7,Normal,Delivered,192362.48,late
SHP02276,ORD102275,SUP022,SKU034,LOC05,LOC20,2025-04-12,2025-04-21,2025-04-28,Air,312,59276.66,4,4.0,16,16.0,Priority,Delivered,440849.76,late
SHP02277,ORD102276,SUP022,SKU025,LOC02,LOC15,2025-09-26,2025-10-12,2025-10-20,Rail,384,8664.19,6,2.0,24,16.0,Normal,Delivered,120802.56,late
SHP02278,ORD102277,SUP001,SKU016,LOC07,LOC20,2025-07-08,2025-07-14,2025-07-21,Air,77,11115.61,4,2.0,13,26.3,Normal,Delivered,112162.05,late
SHP02279,ORD102278,SUP005,SKU045,LOC05,LOC18,2025-06-21,2025-07-15,2025-07-22,Ocean,27,143.38,7,2.0,31,48.1,Normal,Delivered,35603.01,late
SHP02280,ORD102279,SUP007,SKU059,LOC11,LOC25,2025-08-01,2025-08-23,2025-08-30,Ocean,252,11142.02,5,5.0,29,60.2,Normal,Delivered,328776.84,late
SHP02281,ORD102280,SUP008,SKU042,LOC06,LOC24,2025-09-21,2025-10-25,2025-11-01,Ocean,192,6387.75,5,5.0,41,28.0,Critical,Delivered,279688.32,late
SHP02282,ORD102281,SUP004,SKU002,LOC12,LOC16,2025-03-29,2025-04-16,2025-04-24,Ocean,394,13670.05,8,1.0,26,51.0,Priority,Delivered,276103.38,late
SHP02283,ORD102282,SUP013,SKU029,LOC02,LOC20,2026-05-03,2026-06-01,2026-06-05,Ocean,222,637.51,2,0.0,33,44.0,Normal,Delivered,80703.66,late
SHP02284,ORD102283,SUP022,SKU044,LOC12,LOC21,2026-01-15,2026-02-02,2026-02-09,Ocean,19,689.32,4,4.0,25,16.0,Normal,Delivered,29555.64,late
SHP02285,ORD102284,SUP013,SKU024,LOC13,LOC20,2026-07-27,2026-08-17,2026-08-21,Ocean,309,3561.57,3,0.0,25,51.0,Normal,Delivered,91927.5,late
SHP02286,ORD102285,SUP014,SKU047,LOC06,LOC23,2026-05-02,2026-05-21,2026-05-20,Ocean,494,12176.61,2,0.0,18,34.7,Normal,Delivered,700743.94,on_time
SHP02287,ORD102286,SUP019,SKU043,LOC06,LOC22,2025-04-13,2025-05-06,2025-05-17,Ocean,256,2808.12,5,4.0,34,54.3,Critical,Delivered,341693.44,late
SHP02288,ORD102287,SUP022,SKU005,LOC12,LOC17,2025-02-18,2025-03-02,2025-03-01,Air,55,7935.91,2,2.0,11,16.0,Normal,Delivered,86892.3,on_time
SHP02289,ORD102288,SUP014,SKU034,LOC10,LOC20,2025-10-19,2025-11-06,2025-11-14,Ocean,427,13505.46,6,5.0,26,12.6,Normal,Delivered,603342.46,late
SHP02290,ORD102289,SUP009,SKU011,LOC01,LOC15,2025-11-28,2025-12-09,2025-12-11,Air,177,5767.73,4,1.0,13,35.1,Normal,Delivered,296097.99,late
SHP02291,ORD102290,SUP017,SKU030,LOC05,LOC19,2025-06-15,2025-07-05,2025-07-10,Ocean,268,3345.32,5,2.0,25,27.0,Normal,Delivered,280732.68,late
SHP02292,ORD102291,SUP001,SKU024,LOC09,LOC20,2026-06-24,2026-07-07,2026-07-13,Rail,134,3839.72,6,0.0,19,14.6,Normal,Delivered,39865.0,late
SHP02293,ORD102292,SUP020,SKU049,LOC01,LOC15,2026-02-06,2026-02-14,2026-02-17,Air,400,52460.19,5,0.0,11,56.5,Normal,Delivered,138248.0,late
SHP02294,ORD102293,SUP038,SKU053,LOC01,LOC16,2026-06-01,2026-07-03,2026-07-10,Ocean,475,11068.73,2,3.0,39,67.0,Normal,Delivered,370338.5,late
SHP02295,ORD102294,SUP016,SKU028,LOC03,LOC20,2025-03-17,2025-04-01,2025-04-12,Rail,219,6996.57,5,4.0,26,58.0,Priority,Delivered,203766.36,late
SHP02296,ORD102295,SUP005,SKU033,LOC13,LOC23,2026-07-17,2026-08-12,2026-08-17,Ocean,389,12288.13,3,2.0,31,41.7,Priority,Delivered,633743.24,late
SHP02297,ORD102296,SUP029,SKU038,LOC05,LOC20,2025-05-23,2025-06-01,2025-06-09,Air,205,15886.59,6,5.0,17,61.5,Normal,Delivered,92897.8,late
SHP02298,ORD102297,SUP006,SKU040,LOC07,LOC23,2025-11-06,2025-11-16,2025-11-18,Air,115,7615.24,3,3.0,12,37.7,Normal,Delivered,196678.75,late
SHP02299,ORD102298,SUP008,SKU039,LOC02,LOC16,2025-10-31,2025-11-30,2025-12-01,Ocean,446,7676.76,4,0.0,31,25.1,Normal,Delivered,317088.16,late
SHP02300,ORD102299,SUP006,SKU047,LOC01,LOC25,2026-07-21,2026-08-01,2026-08-08,Air,38,5047.74,2,4.0,18,32.8,Critical,Delivered,53903.38,late
SHP02301,ORD102300,SUP036,SKU059,LOC10,LOC17,2025-07-11,2025-08-06,2025-08-13,Ocean,237,12024.89,2,6.0,33,72.4,Normal,Delivered,309206.79,late
SHP02302,ORD102301,SUP040,SKU050,LOC11,LOC22,2025-06-16,2025-07-10,2025-07-12,Ocean,91,2491.37,1,1.0,26,51.9,Normal,Delivered,78514.8,late
SHP02303,ORD102302,SUP023,SKU009,LOC13,LOC23,2025-08-23,2025-09-10,2025-09-22,Ocean,354,9405.97,6,4.0,30,55.4,Normal,Delivered,376960.44,late
SHP02304,ORD102303,SUP025,SKU029,LOC11,LOC15,2025-09-06,2025-10-01,2025-10-03,Ocean,55,127.71,0,4.0,27,35.5,Priority,Delivered,19994.15,late
SHP02305,ORD102304,SUP026,SKU028,LOC04,LOC17,2025-05-06,2025-06-04,2025-06-13,Ocean,406,5730.2,6,3.0,38,45.7,Critical,Delivered,377758.64,late
SHP02306,ORD102305,SUP025,SKU031,LOC14,LOC25,2025-05-02,2025-05-07,2025-05-16,Air,365,30863.36,8,1.0,14,57.6,Normal,Delivered,351929.35,late
SHP02307,ORD102306,SUP022,SKU032,LOC03,LOC24,2025-06-09,2025-07-08,2025-07-05,Ocean,191,6170.05,0,0.0,26,16.0,Normal,Delivered,26012.29,on_time
SHP02308,ORD102307,SUP040,SKU044,LOC14,LOC22,2025-11-19,2025-12-06,2025-12-17,Ocean,381,12081.23,7,2.0,28,61.4,Normal,Delivered,592668.36,late
SHP02309,ORD102308,SUP030,SKU026,LOC08,LOC19,2025-08-25,2025-09-02,2025-09-06,Air,101,857.26,2,2.0,12,43.1,Priority,Delivered,14364.22,late
SHP02310,ORD102309,SUP004,SKU016,LOC12,LOC19,2025-09-28,2025-10-13,2025-10-17,Ocean,138,5089.1,3,2.0,19,17.0,Normal,Delivered,201017.7,late
SHP02311,ORD102310,SUP016,SKU028,LOC01,LOC18,2026-05-12,2026-06-05,2026-06-10,Ocean,240,3372.23,8,2.0,29,37.4,Normal,Delivered,223305.6,late
SHP02312,ORD102311,SUP039,SKU052,LOC05,LOC17,2025-06-16,2025-06-24,2025-06-30,Air,264,39269.14,6,3.0,14,29.8,Priority,Delivered,67354.32,late
SHP02313,ORD102312,SUP017,SKU019,LOC12,LOC23,2026-09-20,2026-10-05,2026-10-09,Rail,274,21960.15,3,1.0,19,27.0,Normal,Delivered,302345.3,late
SHP02314,ORD102313,SUP009,SKU002,LOC12,LOC22,2026-06-03,2026-06-21,2026-06-23,Ocean,84,2428.96,2,3.0,20,23.2,Priority,Delivered,58864.68,late
SHP02315,ORD102314,SUP035,SKU059,LOC03,LOC17,2025-05-01,2025-05-27,2025-05-27,Ocean,492,17012.54,1,0.0,26,16.0,Normal,Delivered,641897.64,on_time
SHP02316,ORD102315,SUP025,SKU012,LOC03,LOC20,2025-08-05,2025-08-14,2025-08-22,Air,328,21522.55,8,3.0,17,43.8,Priority,Delivered,296006.88,late
SHP02317,ORD102316,SUP023,SKU037,LOC03,LOC15,2025-05-07,2025-05-19,2025-05-28,Rail,213,5432.72,6,3.0,21,69.1,Normal,Delivered,61831.77,late
SHP02318,ORD102317,SUP017,SKU049,LOC05,LOC24,2025-07-08,2025-08-03,2025-08-07,Ocean,125,3195.34,2,2.0,30,27.0,Priority,Delivered,43202.5,late
SHP02319,ORD102318,SUP005,SKU017,LOC11,LOC17,2025-09-10,2025-09-26,2025-10-02,Ocean,458,677.87,7,1.0,22,36.9,Normal,Delivered,108339.9,late
SHP02320,ORD102319,SUP016,SKU021,LOC04,LOC17,2025-04-01,2025-04-27,2025-04-28,Ocean,138,2613.26,0,0.0,27,40.0,Critical,Delivered,66234.48,late
SHP02321,ORD102320,SUP018,SKU017,LOC02,LOC22,2025-01-10,2025-01-18,2025-01-22,Air,180,1149.94,2,6.0,12,35.9,Normal,Delivered,42579.0,late
SHP02322,ORD102321,SUP038,SKU009,LOC04,LOC18,2025-10-30,2025-11-17,2025-11-23,Rail,417,27048.37,4,5.0,24,69.2,Normal,Delivered,444046.62,late
SHP02323,ORD102322,SUP013,SKU010,LOC04,LOC25,2026-04-29,2026-05-09,2026-05-13,Air,461,64663.32,5,2.0,14,49.5,Normal,Delivered,599548.94,late
SHP02324,ORD102323,SUP006,SKU012,LOC04,LOC19,2025-07-29,2025-08-23,2025-08-27,Ocean,251,3596.83,0,2.0,29,47.0,Priority,Delivered,226517.46,late
SHP02325,ORD102324,SUP018,SKU028,LOC10,LOC17,2026-08-17,2026-08-25,2026-08-31,Air,293,15203.38,2,4.0,14,57.4,Critical,Delivered,272618.92,late
SHP02326,ORD102325,SUP040,SKU032,LOC02,LOC23,2025-09-12,2025-09-24,2025-10-01,Rail,490,37304.97,7,3.0,19,68.7,Normal,Delivered,66733.1,late
SHP02327,ORD102326,SUP020,SKU001,LOC08,LOC19,2026-09-14,2026-10-10,2026-10-22,Ocean,285,5441.12,3,4.0,38,64.5,Normal,Delivered,170846.1,late
SHP02328,ORD102327,SUP016,SKU051,LOC14,LOC15,2025-06-12,2025-06-19,2025-06-22,Air,466,60464.85,0,3.0,10,49.8,Priority,Delivered,423468.18,late
SHP02329,ORD102328,SUP027,SKU041,LOC13,LOC21,2026-01-08,2026-01-26,2026-02-07,Ocean,383,6743.02,5,6.0,30,43.2,Normal,Delivered,377136.27,late
SHP02330,ORD102329,SUP026,SKU005,LOC02,LOC19,2026-06-11,2026-07-03,2026-07-10,Ocean,463,13451.31,6,1.0,29,28.1,Normal,Delivered,731475.18,late
SHP02331,ORD102330,SUP012,SKU051,LOC13,LOC18,2025-02-10,2025-02-19,2025-02-22,Air,73,13103.79,5,2.0,12,52.8,Normal,Delivered,66337.29,late
SHP02332,ORD102331,SUP039,SKU002,LOC02,LOC25,2026-10-04,2026-10-24,2026-11-01,Ocean,60,1899.42,9,1.0,28,40.1,Normal,Delivered,42046.2,late
SHP02333,ORD102332,SUP024,SKU034,LOC02,LOC23,2025-09-09,2025-09-25,2025-09-24,Rail,339,19495.98,0,0.0,15,74.8,Normal,Delivered,479000.22,on_time
SHP02334,ORD102333,SUP003,SKU028,LOC14,LOC19,2025-12-10,2026-01-10,2026-01-21,Ocean,368,4989.3,6,6.0,42,78.2,Normal,Delivered,342401.92,late
SHP02335,ORD102334,SUP017,SKU031,LOC10,LOC18,2026-03-10,2026-03-26,2026-03-30,Ocean,152,2072.1,4,0.0,20,27.0,Normal,Delivered,146556.88,late
SHP02336,ORD102335,SUP037,SKU058,LOC04,LOC19,2026-03-20,2026-04-13,2026-04-23,Ocean,74,3627.17,6,5.0,34,28.6,Normal,Delivered,104667.82,late
SHP02337,ORD102336,SUP016,SKU056,LOC09,LOC24,2025-01-17,2025-02-05,2025-02-08,Ocean,238,1858.31,4,2.0,22,53.9,Priority,Delivered,72437.68,late
SHP02338,ORD102337,SUP023,SKU017,LOC01,LOC17,2026-08-22,2026-09-12,2026-09-20,Ocean,26,35.44,4,6.0,29,69.0,Priority,Delivered,6150.3,late
SHP02339,ORD102338,SUP025,SKU035,LOC09,LOC15,2026-03-07,2026-03-13,2026-03-13,Air,378,12201.73,3,0.0,6,28.8,Normal,Delivered,372632.4,on_time
SHP02340,ORD102339,SUP029,SKU058,LOC08,LOC21,2026-11-21,2026-12-07,2026-12-14,Ocean,416,19768.89,5,3.0,23,67.6,Normal,Delivered,588402.88,late
SHP02341,ORD102340,SUP035,SKU044,LOC14,LOC24,2025-11-22,2025-12-19,2025-12-19,Ocean,14,437.33,3,1.0,27,16.0,Priority,Delivered,21777.84,on_time
SHP02342,ORD102341,SUP006,SKU054,LOC01,LOC21,2026-02-28,2026-03-09,2026-03-12,Air,245,39246.21,1,3.0,12,38.6,Normal,Delivered,154479.85,late
SHP02343,ORD102342,SUP021,SKU027,LOC13,LOC24,2025-11-01,2025-11-17,2025-11-22,Ocean,243,6232.95,1,5.0,21,46.5,Critical,Delivered,301234.95,late
SHP02344,ORD102343,SUP022,SKU017,LOC12,LOC25,2026-09-06,2026-09-15,2026-09-22,Air,368,2178.6,6,2.0,16,16.0,Normal,Delivered,87050.4,late
SHP02345,ORD102344,SUP007,SKU031,LOC01,LOC25,2026-07-29,2026-08-26,2026-09-03,Ocean,349,6735.02,4,4.0,36,55.6,Normal,Delivered,336502.31,late
SHP02346,ORD102345,SUP027,SKU050,LOC02,LOC22,2026-09-19,2026-10-06,2026-10-12,Ocean,142,3948.78,3,5.0,23,59.3,Normal,Delivered,122517.6,late
SHP02347,ORD102346,SUP005,SKU056,LOC07,LOC22,2025-12-14,2025-12-18,2025-12-25,Air,229,7495.77,4,2.0,11,50.4,Normal,Delivered,69698.44,late
SHP02348,ORD102347,SUP019,SKU042,LOC13,LOC22,2026-07-01,2026-07-05,2026-07-16,Air,376,42606.06,5,6.0,15,72.6,Normal,Delivered,547722.96,late
SHP02349,ORD102348,SUP014,SKU043,LOC05,LOC17,2025-09-05,2025-09-21,2025-09-28,Rail,195,4790.85,8,1.0,23,38.8,Priority,Delivered,260274.3,late
SHP02350,ORD102349,SUP007,SKU031,LOC10,LOC22,2025-11-15,2025-12-13,2025-12-21,Ocean,115,2232.4,7,1.0,36,60.2,Normal,Delivered,110881.85,late
SHP02351,ORD102350,SUP033,SKU020,LOC05,LOC18,2026-06-09,2026-07-07,2026-07-16,Ocean,17,329.38,4,2.0,37,61.5,Priority,Delivered,13471.14,late
SHP02352,ORD102351,SUP010,SKU026,LOC11,LOC18,2025-02-25,2025-03-04,2025-03-07,Air,398,3130.62,2,2.0,10,24.4,Normal,Delivered,56603.56,late
SHP02353,ORD102352,SUP011,SKU030,LOC12,LOC25,2026-05-06,2026-05-13,2026-05-27,Air,35,2197.12,8,6.0,21,53.7,Normal,Delivered,36662.85,late
SHP02354,ORD102353,SUP035,SKU049,LOC12,LOC23,2025-01-11,2025-01-21,2025-01-26,Air,330,40005.77,5,1.0,15,16.0,Normal,Delivered,114054.6,late
SHP02355,ORD102354,SUP036,SKU034,LOC14,LOC16,2026-02-05,2026-02-27,2026-03-12,Ocean,324,11412.28,9,1.0,35,58.4,Normal,Delivered,457805.52,late
SHP02356,ORD102355,SUP002,SKU048,LOC02,LOC20,2025-11-26,2025-12-05,2025-12-12,Air,104,22832.94,9,1.0,16,53.2,Priority,Delivered,50927.76,late
SHP02357,ORD102356,SUP012,SKU002,LOC06,LOC22,2025-11-20,2025-12-16,2025-12-19,Ocean,437,13184.16,1,0.0,29,67.4,Normal,Delivered,306236.49,late
SHP02358,ORD102357,SUP029,SKU046,LOC14,LOC19,2025-12-08,2026-01-05,2026-01-08,Ocean,317,12178.9,4,2.0,31,56.1,Normal,Delivered,90709.55,late
SHP02359,ORD102358,SUP032,SKU031,LOC06,LOC19,2025-12-06,2025-12-27,2026-01-09,Ocean,257,4277.43,6,4.0,34,93.1,Priority,Delivered,247796.83,late
SHP02360,ORD102359,SUP040,SKU060,LOC10,LOC23,2025-10-09,2025-11-11,2025-11-16,Ocean,46,270.87,7,1.0,38,53.8,Normal,Delivered,70733.74,late
SHP02361,ORD102360,SUP023,SKU029,LOC06,LOC23,2025-11-08,2025-11-13,2025-11-22,Air,178,2311.15,4,5.0,14,45.4,Normal,Delivered,64708.34,late
SHP02362,ORD102361,SUP001,SKU029,LOC12,LOC20,2026-01-28,2026-02-26,2026-02-27,Ocean,283,908.87,1,2.0,30,36.5,Normal,Delivered,102878.99,late
SHP02363,ORD102362,SUP035,SKU008,LOC03,LOC16,2026-06-11,2026-07-14,2026-07-14,Ocean,99,673.77,5,1.0,33,16.0,Normal,Delivered,122194.71,on_time
SHP02364,ORD102363,SUP007,SKU049,LOC06,LOC24,2026-01-16,2026-02-07,2026-02-10,Rail,334,18175.4,5,4.0,25,62.4,Priority,Delivered,115437.08,late
SHP02365,ORD102364,SUP005,SKU043,LOC10,LOC19,2026-03-20,2026-03-25,2026-03-30,Air,360,17332.31,6,1.0,10,52.1,Normal,Delivered,480506.4,late
SHP02366,ORD102365,SUP027,SKU052,LOC13,LOC15,2026-08-01,2026-08-28,2026-09-09,Ocean,464,20567.27,6,2.0,39,56.0,Priority,Delivered,118380.32,late
SHP02367,ORD102366,SUP025,SKU006,LOC04,LOC22,2026-11-14,2026-11-24,2026-12-07,Rail,330,10604.46,12,1.0,23,50.3,Normal,Delivered,465085.5,late
SHP02368,ORD102367,SUP003,SKU013,LOC07,LOC25,2025-03-16,2025-04-15,2025-04-19,Ocean,126,1616.2,4,2.0,34,69.7,Normal,Delivered,210173.04,late
SHP02369,ORD102368,SUP007,SKU053,LOC12,LOC23,2026-05-07,2026-05-16,2026-05-22,Air,216,26425.66,7,3.0,15,53.9,Priority,Delivered,168406.56,late
SHP02370,ORD102369,SUP024,SKU003,LOC14,LOC20,2025-06-05,2025-06-25,2025-07-01,Ocean,208,2363.13,5,4.0,26,75.2,Normal,Delivered,351334.88,late
SHP02371,ORD102370,SUP011,SKU031,LOC08,LOC25,2025-05-16,2025-06-07,2025-06-17,Ocean,428,7643.63,6,2.0,32,56.9,Normal,Delivered,412673.32,late
SHP02372,ORD102371,SUP028,SKU025,LOC03,LOC23,2026-07-02,2026-07-27,2026-07-30,Ocean,493,5139.63,2,2.0,28,67.7,Critical,Delivered,155092.87,late
SHP02373,ORD102372,SUP017,SKU057,LOC06,LOC16,2025-02-17,2025-03-19,2025-03-20,Ocean,456,8086.81,4,1.0,31,27.0,Normal,Delivered,604473.6,late
SHP02374,ORD102373,SUP024,SKU052,LOC05,LOC16,2026-08-09,2026-09-02,2026-09-09,Ocean,312,12903.12,0,4.0,31,49.9,Normal,Delivered,79600.56,late
SHP02375,ORD102374,SUP019,SKU054,LOC14,LOC15,2026-06-16,2026-07-08,2026-07-17,Ocean,270,8139.74,6,2.0,31,46.7,Normal,Delivered,170243.1,late
SHP02376,ORD102375,SUP015,SKU018,LOC06,LOC17,2026-11-18,2026-11-23,2026-11-28,Air,270,41223.83,6,1.0,10,44.1,Normal,Delivered,122385.6,late
SHP02377,ORD102376,SUP014,SKU036,LOC04,LOC20,2026-04-06,2026-05-05,2026-05-08,Ocean,205,6566.42,1,2.0,32,33.3,Critical,Delivered,175728.05,late
SHP02378,ORD102377,SUP028,SKU043,LOC10,LOC15,2026-08-26,2026-09-18,2026-09-19,Ocean,36,493.43,1,2.0,24,52.5,Normal,Delivered,48050.64,late
SHP02379,ORD102378,SUP021,SKU059,LOC12,LOC22,2025-03-23,2025-04-09,2025-04-26,Rail,199,17324.33,8,5.0,34,53.8,Critical,Delivered,259629.33,late
SHP02380,ORD102379,SUP024,SKU001,LOC11,LOC19,2026-09-07,2026-09-13,2026-09-23,Air,348,37546.96,3,2.0,16,58.1,Critical,Delivered,208612.08,late
SHP02381,ORD102380,SUP024,SKU059,LOC12,LOC16,2025-04-21,2025-05-06,2025-05-12,Rail,395,37981.86,3,6.0,21,60.5,Priority,Delivered,515344.65,late
SHP02382,ORD102381,SUP009,SKU022,LOC11,LOC22,2025-08-05,2025-08-22,2025-09-03,Ocean,14,544.29,7,2.0,29,21.3,Normal,Delivered,20693.12,late
SHP02383,ORD102382,SUP037,SKU008,LOC03,LOC24,2025-03-30,2025-04-15,2025-04-22,Ocean,442,2782.4,4,4.0,23,35.3,Normal,Delivered,545556.18,late
SHP02384,ORD102383,SUP023,SKU037,LOC06,LOC24,2025-10-05,2025-10-27,2025-11-05,Ocean,231,3272.3,5,4.0,31,51.2,Critical,Delivered,67056.99,late
SHP02385,ORD102384,SUP029,SKU047,LOC04,LOC16,2026-06-01,2026-06-30,2026-07-11,Ocean,237,7423.9,7,3.0,40,62.4,Normal,Delivered,336186.87,late
SHP02386,ORD102385,SUP036,SKU008,LOC07,LOC19,2025-07-04,2025-08-01,2025-08-02,Ocean,497,2797.4,2,0.0,29,75.2,Normal,Delivered,613442.13,late
SHP02387,ORD102386,SUP037,SKU003,LOC05,LOC19,2026-07-22,2026-08-10,2026-08-14,Rail,138,3096.45,7,0.0,23,30.6,Normal,Delivered,233097.18,late
SHP02388,ORD102387,SUP027,SKU054,LOC04,LOC20,2026-02-23,2026-03-05,2026-03-12,Air,379,52834.18,4,4.0,17,51.7,Normal,Delivered,238970.87,late
SHP02389,ORD102388,SUP032,SKU057,LOC02,LOC22,2026-03-10,2026-03-15,2026-03-27,Air,302,26276.67,9,3.0,17,86.2,Normal,Delivered,400331.2,late
SHP02390,ORD102389,SUP019,SKU010,LOC10,LOC24,2026-10-10,2026-10-30,2026-11-02,Ocean,372,12889.38,5,1.0,23,58.2,Normal,Delivered,483800.88,late
SHP02391,ORD102390,SUP030,SKU055,LOC03,LOC17,2025-10-25,2025-11-04,2025-11-08,Air,34,1566.96,4,0.0,14,42.0,Normal,Delivered,23261.44,late
SHP02392,ORD102391,SUP013,SKU055,LOC02,LOC23,2025-08-26,2025-09-24,2025-10-04,Ocean,326,4246.52,6,3.0,39,39.8,Normal,Delivered,223036.16,late
SHP02393,ORD102392,SUP029,SKU060,LOC04,LOC23,2026-11-18,2026-12-03,2026-12-14,Rail,110,1374.75,6,4.0,26,59.0,Critical,Delivered,169145.9,late
SHP02394,ORD102393,SUP004,SKU013,LOC02,LOC24,2026-01-20,2026-02-17,2026-02-17,Ocean,438,6503.06,0,2.0,28,27.7,Normal,Delivered,730601.52,on_time
SHP02395,ORD102394,SUP037,SKU035,LOC03,LOC15,2026-03-01,2026-03-15,2026-03-17,Ocean,330,1922.18,1,1.0,16,32.3,Normal,Delivered,325314.0,late
SHP02396,ORD102395,SUP010,SKU060,LOC04,LOC25,2025-07-24,2025-08-23,2025-08-22,Ocean,455,2946.13,0,3.0,29,25.8,Normal,Delivered,699648.95,on_time
SHP02397,ORD102396,SUP027,SKU055,LOC12,LOC24,2025-05-29,2025-06-05,2025-06-14,Air,110,6664.24,5,3.0,16,41.8,Normal,Delivered,75257.6,late
SHP02398,ORD102397,SUP001,SKU037,LOC14,LOC17,2025-04-28,2025-05-09,2025-05-14,Rail,227,4825.6,6,0.0,16,10.9,Critical,Delivered,65895.83,late
SHP02399,ORD102398,SUP007,SKU012,LOC13,LOC17,2025-06-04,2025-06-19,2025-06-25,Rail,283,8260.46,4,3.0,21,68.8,Priority,Delivered,255396.18,late
SHP02400,ORD102399,SUP040,SKU006,LOC13,LOC16,2025-05-15,2025-05-25,2025-05-29,Air,220,15195.97,6,0.0,14,56.4,Normal,Delivered,310057.0,late
SHP02401,ORD102400,SUP034,SKU016,LOC04,LOC16,2026-05-31,2026-06-18,2026-06-24,Rail,200,18696.37,7,2.0,24,84.1,Normal,Delivered,291330.0,late
SHP02402,ORD102401,SUP009,SKU004,LOC14,LOC15,2025-02-09,2025-02-13,2025-02-18,Air,148,4199.46,0,3.0,9,40.8,Normal,Delivered,222532.8,late
SHP02403,ORD102402,SUP006,SKU012,LOC09,LOC16,2026-03-11,2026-04-04,2026-04-11,Ocean,150,2263.07,4,4.0,31,33.0,Normal,Delivered,135369.0,late
SHP02404,ORD102403,SUP033,SKU005,LOC09,LOC21,2026-10-18,2026-10-28,2026-11-05,Air,371,42939.55,6,4.0,18,68.2,Normal,Delivered,586128.06,late
SHP02405,ORD102404,SUP040,SKU046,LOC07,LOC19,2026-06-13,2026-07-07,2026-07-14,Ocean,459,15168.21,6,5.0,31,52.7,Normal,Delivered,131342.85,late
SHP02406,ORD102405,SUP007,SKU036,LOC05,LOC24,2025-10-05,2025-10-26,2025-10-28,Ocean,346,14021.85,5,2.0,23,63.6,Priority,Delivered,296594.66,late
SHP02407,ORD102406,SUP027,SKU032,LOC12,LOC23,2025-02-10,2025-03-14,2025-03-17,Ocean,269,10039.76,4,0.0,35,56.8,Critical,Delivered,36635.11,late
SHP02408,ORD102407,SUP012,SKU049,LOC07,LOC16,2026-07-30,2026-08-20,2026-08-25,Ocean,404,8613.88,6,1.0,26,58.3,Priority,Delivered,139630.48,late
SHP02409,ORD102408,SUP030,SKU025,LOC10,LOC23,2025-01-03,2025-01-20,2025-01-31,Rail,337,10269.84,8,4.0,28,53.5,Normal,Delivered,106016.83,late
SHP02410,ORD102409,SUP017,SKU025,LOC14,LOC21,2026-04-16,2026-05-01,2026-05-08,Rail,471,12356.05,3,1.0,22,27.0,Priority,Delivered,148171.89,late
SHP02411,ORD102410,SUP006,SKU013,LOC07,LOC23,2026-04-08,2026-05-06,2026-05-15,Ocean,357,3982.38,4,4.0,37,39.9,Normal,Delivered,595490.28,late
SHP02412,ORD102411,SUP013,SKU027,LOC12,LOC17,2025-05-13,2025-05-19,2025-05-21,Air,245,26863.75,3,2.0,8,38.2,Normal,Delivered,303714.25,late
SHP02413,ORD102412,SUP022,SKU011,LOC05,LOC21,2026-05-26,2026-06-22,2026-06-21,Ocean,301,2108.46,0,0.0,26,16.0,Priority,Delivered,503533.87,on_time
SHP02414,ORD102413,SUP032,SKU036,LOC05,LOC17,2025-05-02,2025-05-25,2025-06-11,Ocean,486,14590.67,11,5.0,40,98.3,Normal,Delivered,416604.06,late
SHP02415,ORD102414,SUP001,SKU060,LOC07,LOC17,2025-06-05,2025-06-22,2025-06-26,Ocean,58,275.7,1,3.0,21,46.6,Normal,Delivered,89186.02,late
SHP02416,ORD102415,SUP039,SKU032,LOC05,LOC24,2026-07-15,2026-08-14,2026-08-21,Ocean,211,7645.6,6,2.0,37,47.1,Normal,Delivered,28736.09,late
SHP02417,ORD102416,SUP026,SKU018,LOC10,LOC25,2026-11-07,2026-11-25,2026-12-06,Ocean,67,2476.42,9,4.0,29,46.3,Normal,Delivered,30369.76,late
SHP02418,ORD102417,SUP036,SKU042,LOC05,LOC24,2025-07-02,2025-07-26,2025-08-01,Ocean,479,10973.84,4,3.0,30,62.9,Normal,Delivered,697764.09,late
SHP02419,ORD102418,SUP038,SKU050,LOC10,LOC17,2026-09-28,2026-10-26,2026-11-02,Ocean,88,2020.03,5,4.0,35,57.2,Normal,Delivered,75926.4,late
SHP02420,ORD102419,SUP007,SKU029,LOC02,LOC24,2026-09-23,2026-10-12,2026-10-22,Ocean,154,361.89,11,0.0,29,65.0,Priority,Delivered,55983.62,late
SHP02421,ORD102420,SUP004,SKU016,LOC11,LOC21,2026-06-15,2026-06-26,2026-06-27,Rail,483,36318.9,4,0.0,12,25.8,Normal,Delivered,703561.95,late
SHP02422,ORD102421,SUP032,SKU043,LOC12,LOC18,2025-04-07,2025-05-07,2025-05-23,Ocean,217,2547.58,9,5.0,46,100.8,Normal,Delivered,289638.58,late
SHP02423,ORD102422,SUP008,SKU012,LOC14,LOC22,2025-07-26,2025-08-17,2025-08-19,Ocean,361,5320.11,5,0.0,24,23.8,Normal,Delivered,325788.06,late
SHP02424,ORD102423,SUP006,SKU060,LOC11,LOC21,2026-04-13,2026-05-15,2026-05-23,Ocean,432,2368.0,8,5.0,40,32.8,Critical,Delivered,664282.08,late
SHP02425,ORD102424,SUP019,SKU020,LOC06,LOC17,2026-11-21,2026-12-14,2026-12-16,Ocean,378,6411.89,5,0.0,25,48.8,Priority,Delivered,299534.76,late
SHP02426,ORD102425,SUP037,SKU022,LOC05,LOC15,2026-07-16,2026-08-06,2026-08-09,Ocean,380,14247.8,1,4.0,24,31.3,Priority,Delivered,561670.4,late
SHP02427,ORD102426,SUP032,SKU044,LOC07,LOC18,2025-10-17,2025-11-18,2025-11-26,Ocean,53,1401.03,6,4.0,40,90.8,Priority,Delivered,82444.68,late
SHP02428,ORD102427,SUP021,SKU001,LOC10,LOC22,2025-06-12,2025-06-21,2025-06-22,Air,444,43305.37,2,1.0,10,53.7,Normal,Delivered,266160.24,late
SHP02429,ORD102428,SUP008,SKU013,LOC04,LOC20,2026-10-25,2026-11-21,2026-11-19,Ocean,236,2861.66,0,0.0,25,38.0,Priority,Delivered,393657.44,on_time
SHP02430,ORD102429,SUP014,SKU008,LOC08,LOC20,2025-07-10,2025-07-18,2025-07-22,Air,363,12826.36,5,3.0,12,36.3,Priority,Delivered,448047.27,late
SHP02431,ORD102430,SUP028,SKU024,LOC13,LOC17,2025-08-25,2025-09-12,2025-09-16,Ocean,102,1355.37,4,4.0,22,51.8,Normal,Delivered,30345.0,late
SHP02432,ORD102431,SUP007,SKU034,LOC01,LOC15,2026-10-28,2026-11-29,2026-12-05,Ocean,130,3834.59,6,0.0,38,71.3,Normal,Delivered,183687.4,late
SHP02433,ORD102432,SUP021,SKU011,LOC04,LOC20,2026-01-23,2026-02-19,2026-02-21,Ocean,348,2155.08,3,2.0,29,56.7,Priority,Delivered,582158.76,late
SHP02434,ORD102433,SUP001,SKU021,LOC07,LOC21,2025-07-02,2025-08-02,2025-08-05,Ocean,121,1895.2,1,4.0,34,30.9,Normal,Delivered,58075.16,late
SHP02435,ORD102434,SUP014,SKU047,LOC04,LOC24,2025-01-04,2025-02-03,2025-02-02,Ocean,344,9623.2,2,0.0,29,35.0,Normal,Delivered,487967.44,on_time
SHP02436,ORD102435,SUP010,SKU057,LOC02,LOC24,2025-10-24,2025-11-10,2025-11-11,Ocean,224,3300.83,2,2.0,18,32.2,Normal,Delivered,296934.4,late
SHP02437,ORD102436,SUP028,SKU001,LOC04,LOC21,2026-11-12,2026-11-30,2026-12-04,Ocean,444,11918.85,2,5.0,22,49.0,Normal,Delivered,266160.24,late
SHP02438,ORD102437,SUP037,SKU038,LOC12,LOC24,2025-10-26,2025-11-01,2025-11-06,Air,222,16645.27,2,1.0,11,44.5,Normal,Delivered,100601.52,late
SHP02439,ORD102438,SUP006,SKU002,LOC10,LOC19,2026-04-28,2026-05-18,2026-05-19,Ocean,422,14056.34,0,4.0,21,32.8,Normal,Delivered,295724.94,late
SHP02440,ORD102439,SUP032,SKU032,LOC03,LOC24,2025-06-24,2025-07-24,2025-08-02,Ocean,79,3098.03,5,4.0,39,93.9,Normal,Delivered,10759.01,late
SHP02441,ORD102440,SUP027,SKU053,LOC05,LOC25,2026-06-20,2026-06-24,2026-06-29,Air,289,29864.08,5,0.0,9,47.6,Normal,Delivered,225321.74,late
SHP02442,ORD102441,SUP039,SKU048,LOC05,LOC16,2026-06-20,2026-07-17,2026-07-21,Ocean,118,4157.85,6,2.0,31,29.7,Priority,Delivered,57783.42,late
SHP02443,ORD102442,SUP037,SKU014,LOC05,LOC15,2026-02-24,2026-03-06,2026-03-08,Air,278,29191.15,5,0.0,12,30.7,Critical,Delivered,321821.14,late
SHP02444,ORD102443,SUP005,SKU016,LOC03,LOC18,2026-06-17,2026-07-04,2026-07-08,Rail,325,22427.73,5,2.0,21,49.5,Normal,Delivered,473411.25,late
SHP02445,ORD102444,SUP030,SKU048,LOC11,LOC19,2026-02-04,2026-02-16,2026-02-20,Rail,416,28963.31,2,2.0,16,42.9,Priority,Delivered,203711.04,late
SHP02446,ORD102445,SUP024,SKU050,LOC01,LOC16,2025-09-19,2025-10-15,2025-10-15,Ocean,63,1329.27,3,0.0,26,71.9,Normal,Delivered,54356.4,on_time
SHP02447,ORD102446,SUP005,SKU017,LOC11,LOC17,2026-05-25,2026-06-20,2026-06-19,Ocean,53,79.27,4,0.0,25,40.7,Normal,Delivered,12537.15,on_time
SHP02448,ORD102447,SUP011,SKU001,LOC08,LOC25,2026-07-31,2026-08-09,2026-08-18,Air,264,24099.0,6,4.0,18,44.9,Priority,Delivered,158257.44,late
SHP02449,ORD102448,SUP038,SKU027,LOC04,LOC17,2026-08-04,2026-08-07,2026-08-16,Air,338,44382.55,2,2.0,12,66.7,Priority,Delivered,419001.7,late
SHP02450,ORD102449,SUP022,SKU038,LOC06,LOC19,2025-05-28,2025-06-02,2025-06-10,Air,198,13267.9,6,4.0,13,16.0,Priority,Delivered,89725.68,late
SHP02451,ORD102450,SUP014,SKU027,LOC14,LOC15,2026-04-12,2026-04-29,2026-05-03,Ocean,170,3758.57,2,1.0,21,22.9,Normal,Delivered,210740.5,late
SHP02452,ORD102451,SUP013,SKU057,LOC13,LOC18,2025-01-03,2025-01-27,2025-02-08,Ocean,66,1020.16,4,4.0,36,60.3,Normal,Delivered,87489.6,late
SHP02453,ORD102452,SUP034,SKU049,LOC04,LOC21,2026-01-30,2026-02-20,2026-02-21,Ocean,310,7431.98,4,0.0,22,67.1,Normal,Delivered,107142.2,late
SHP02454,ORD102453,SUP012,SKU048,LOC09,LOC22,2026-01-30,2026-02-26,2026-03-01,Ocean,79,3306.19,3,2.0,30,48.5,Critical,Delivered,38685.51,late
SHP02455,ORD102454,SUP007,SKU002,LOC14,LOC20,2025-09-08,2025-09-29,2025-10-10,Ocean,168,4750.64,8,2.0,32,45.6,Normal,Delivered,117729.36,late
SHP02456,ORD102455,SUP023,SKU052,LOC04,LOC17,2026-11-17,2026-12-04,2026-12-09,Rail,94,6022.56,2,3.0,22,52.8,Normal,Delivered,23982.22,late
SHP02457,ORD102456,SUP040,SKU046,LOC11,LOC21,2026-09-02,2026-09-25,2026-10-04,Ocean,496,21919.47,9,3.0,32,62.8,Normal,Delivered,141930.4,late
SHP02458,ORD102457,SUP008,SKU024,LOC02,LOC25,2025-01-27,2025-02-08,2025-02-08,Air,396,26945.73,6,0.0,12,45.0,Normal,Delivered,117810.0,on_time
SHP02459,ORD102458,SUP011,SKU036,LOC08,LOC18,2025-05-25,2025-06-14,2025-06-22,Rail,377,23347.64,6,7.0,28,57.1,Normal,Delivered,323168.17,late
SHP02460,ORD102459,SUP019,SKU050,LOC14,LOC25,2025-05-24,2025-06-13,2025-06-22,Ocean,132,3963.05,6,4.0,29,61.9,Normal,Delivered,113889.6,late
SHP02461,ORD102460,SUP008,SKU055,LOC05,LOC22,2026-09-12,2026-10-03,2026-10-01,Ocean,240,3590.31,0,1.0,19,32.9,Normal,Delivered,164198.4,on_time
SHP02462,ORD102461,SUP027,SKU034,LOC06,LOC25,2025-12-25,2026-01-01,2026-01-10,Air,106,16595.16,6,2.0,16,63.9,Priority,Delivered,149775.88,late
SHP02463,ORD102462,SUP011,SKU003,LOC10,LOC17,2026-05-18,2026-06-07,2026-06-13,Ocean,473,5519.53,6,1.0,26,61.7,Normal,Delivered,798949.03,late
SHP02464,ORD102463,SUP006,SKU038,LOC07,LOC22,2026-07-13,2026-08-08,2026-08-07,Ocean,182,2987.32,4,0.0,25,33.7,Normal,Delivered,82475.12,on_time
SHP02465,ORD102464,SUP011,SKU041,LOC07,LOC17,2026-06-14,2026-06-23,2026-07-04,Air,428,23448.87,8,4.0,20,46.6,Critical,Delivered,421447.32,late
SHP02466,ORD102465,SUP038,SKU004,LOC06,LOC20,2025-03-03,2025-03-13,2025-03-21,Air,274,6687.3,8,3.0,18,73.1,Normal,Delivered,411986.4,late
SHP02467,ORD102466,SUP038,SKU050,LOC05,LOC17,2025-04-07,2025-04-14,2025-04-21,Air,346,41794.16,2,5.0,14,59.1,Normal,Delivered,298528.8,late
SHP02468,ORD102467,SUP021,SKU013,LOC07,LOC19,2025-09-30,2025-10-18,2025-10-28,Rail,493,14794.82,9,3.0,28,46.6,Normal,Delivered,822343.72,late
SHP02469,ORD102468,SUP017,SKU054,LOC05,LOC25,2025-08-22,2025-09-19,2025-09-23,Ocean,398,9725.49,4,2.0,32,27.0,Critical,Delivered,250950.94,late
SHP02470,ORD102469,SUP033,SKU034,LOC04,LOC16,2026-05-31,2026-06-08,2026-06-21,Air,222,29915.82,11,2.0,21,59.3,Normal,Delivered,313681.56,late
SHP02471,ORD102470,SUP008,SKU020,LOC14,LOC25,2025-04-18,2025-04-24,2025-04-26,Air,294,18907.64,1,3.0,8,23.3,Normal,Delivered,232971.48,late
SHP02472,ORD102471,SUP027,SKU004,LOC01,LOC18,2025-09-14,2025-09-23,2025-09-28,Air,447,10646.12,5,1.0,14,59.2,Critical,Delivered,672109.2,late
SHP02473,ORD102472,SUP028,SKU002,LOC10,LOC18,2025-06-13,2025-06-20,2025-06-23,Air,475,53039.19,5,0.0,10,68.7,Normal,Delivered,332865.75,late
SHP02474,ORD102473,SUP029,SKU045,LOC04,LOC20,2025-05-11,2025-05-20,2025-05-21,Air,337,7365.25,0,4.0,10,48.5,Normal,Delivered,444378.31,late
SHP02475,ORD102474,SUP009,SKU023,LOC13,LOC21,2025-04-30,2025-05-16,2025-05-18,Rail,139,7456.39,1,2.0,18,41.1,Normal,Delivered,41912.67,late
SHP02476,ORD102475,SUP029,SKU051,LOC08,LOC21,2025-05-15,2025-06-03,2025-06-07,Ocean,51,1806.93,2,2.0,23,56.2,Normal,Delivered,46345.23,late
SHP02477,ORD102476,SUP025,SKU014,LOC08,LOC17,2026-01-25,2026-02-01,2026-02-08,Air,171,15067.85,5,5.0,14,37.0,Normal,Delivered,197954.73,late
SHP02478,ORD102477,SUP036,SKU056,LOC01,LOC17,2025-10-10,2025-11-07,2025-11-10,Ocean,335,2711.16,3,0.0,31,67.4,Priority,Delivered,101960.6,late
SHP02479,ORD102478,SUP007,SKU057,LOC03,LOC23,2025-10-28,2025-11-05,2025-11-18,Air,406,31365.17,6,7.0,21,60.6,Normal,Delivered,538193.6,late
SHP02480,ORD102479,SUP025,SKU007,LOC06,LOC25,2025-11-27,2025-12-08,2025-12-07,Air,319,10051.49,2,1.0,10,36.2,Normal,Delivered,22157.74,on_time
SHP02481,ORD102480,SUP034,SKU039,LOC01,LOC24,2026-05-27,2026-05-31,2026-06-08,Air,340,19841.86,3,2.0,12,73.3,Normal,Delivered,241726.4,late
SHP02482,ORD102481,SUP012,SKU057,LOC10,LOC16,2026-08-18,2026-09-06,2026-09-17,Ocean,88,1276.49,5,3.0,30,46.9,Normal,Delivered,116652.8,late
SHP02483,ORD102482,SUP030,SKU020,LOC05,LOC16,2025-12-30,2026-01-25,2026-02-01,Ocean,265,3516.04,8,0.0,33,46.6,Normal,Delivered,209991.3,late
SHP02484,ORD102483,SUP004,SKU005,LOC09,LOC21,2026-03-20,2026-04-21,2026-04-25,Ocean,349,7300.84,5,1.0,36,26.1,Normal,Delivered,551371.14,late
SHP02485,ORD102484,SUP029,SKU053,LOC06,LOC23,2026-05-25,2026-06-26,2026-07-02,Ocean,119,3855.06,5,2.0,38,62.2,Normal,Delivered,92779.54,late
SHP02486,ORD102485,SUP025,SKU029,LOC09,LOC25,2026-04-22,2026-05-09,2026-05-18,Ocean,288,902.27,4,4.0,26,37.7,Normal,Delivered,104696.64,late
SHP02487,ORD102486,SUP008,SKU002,LOC02,LOC19,2025-04-03,2025-04-18,2025-05-04,Rail,376,21425.97,8,5.0,31,30.2,Normal,Delivered,263489.52,late
SHP02488,ORD102487,SUP003,SKU051,LOC08,LOC17,2026-11-10,2026-11-29,2026-12-04,Ocean,368,12622.47,3,4.0,24,84.3,Normal,Delivered,334412.64,late
SHP02489,ORD102488,SUP030,SKU041,LOC03,LOC23,2025-04-24,2025-05-09,2025-05-11,Rail,137,3351.57,2,1.0,17,31.5,Normal,Delivered,134902.53,late
SHP02490,ORD102489,SUP010,SKU005,LOC08,LOC20,2025-10-12,2025-11-01,2025-11-04,Ocean,114,2492.65,0,5.0,23,35.4,Normal,Delivered,180104.04,late
SHP02491,ORD102490,SUP020,SKU016,LOC08,LOC16,2026-03-27,2026-04-06,2026-04-13,Air,72,13784.38,6,4.0,17,56.8,Critical,Delivered,104878.8,late
SHP02492,ORD102491,SUP003,SKU002,LOC08,LOC19,2025-10-06,2025-10-30,2025-11-11,Ocean,101,3157.72,3,7.0,36,70.0,Priority,Delivered,70777.77,late
SHP02493,ORD102492,SUP039,SKU058,LOC12,LOC15,2025-06-17,2025-06-23,2025-06-23,Air,293,64712.3,1,2.0,6,29.3,Normal,Delivered,414427.99,on_time
SHP02494,ORD102493,SUP022,SKU002,LOC12,LOC16,2026-09-30,2026-10-06,2026-10-09,Air,424,64298.34,2,3.0,9,16.0,Normal,Delivered,297126.48,late
SHP02495,ORD102494,SUP038,SKU048,LOC14,LOC18,2025-02-19,2025-02-27,2025-03-02,Air,106,23535.81,5,0.0,11,63.1,Priority,Delivered,51907.14,late
SHP02496,ORD102495,SUP007,SKU031,LOC02,LOC16,2025-06-19,2025-06-30,2025-07-10,Rail,405,11964.51,4,3.0,21,58.4,Priority,Delivered,390496.95,late
SHP02497,ORD102496,SUP009,SKU035,LOC01,LOC25,2026-11-17,2026-12-07,2026-12-09,Ocean,89,482.22,5,1.0,22,34.4,Normal,Delivered,87736.2,late
SHP02498,ORD102497,SUP025,SKU049,LOC09,LOC24,2026-05-19,2026-06-12,2026-06-22,Ocean,162,4100.54,7,2.0,34,37.5,Normal,Delivered,55990.44,late
SHP02499,ORD102498,SUP025,SKU054,LOC14,LOC17,2025-03-02,2025-03-24,2025-04-01,Ocean,449,12218.95,6,4.0,30,32.3,Priority,Delivered,283107.97,late
SHP02500,ORD102499,SUP032,SKU008,LOC08,LOC25,2026-06-05,2026-06-11,2026-06-20,Air,211,6501.35,5,2.0,15,99.3,Normal,Delivered,260435.19,late
SHP02501,ORD102500,SUP038,SKU002,LOC02,LOC15,2026-10-31,2026-11-22,2026-11-27,Ocean,493,14804.24,4,4.0,27,71.1,Normal,Delivered,345479.61,late
SHP02502,ORD102501,SUP033,SKU008,LOC04,LOC23,2025-03-09,2025-03-25,2025-03-30,Ocean,159,997.58,3,2.0,21,53.8,Normal,Delivered,196252.11,late
SHP02503,ORD102502,SUP006,SKU041,LOC03,LOC15,2025-10-13,2025-10-20,2025-10-22,Air,38,2232.01,0,3.0,9,42.0,Normal,Delivered,37418.22,late
SHP02504,ORD102503,SUP013,SKU035,LOC01,LOC23,2025-11-20,2025-12-21,2025-12-23,Ocean,285,1986.23,2,2.0,33,40.1,Normal,Delivered,280953.0,late
SHP02505,ORD102504,SUP037,SKU006,LOC12,LOC23,2025-04-01,2025-04-05,2025-04-13,Air,270,16612.62,4,5.0,12,38.9,Normal,Delivered,380524.5,late
SHP02506,ORD102505,SUP022,SKU015,LOC02,LOC23,2025-05-19,2025-05-27,2025-06-01,Air,56,5295.5,2,3.0,13,16.0,Normal,Delivered,97481.44,late
SHP02507,ORD102506,SUP035,SKU033,LOC13,LOC20,2025-04-30,2025-05-09,2025-05-13,Air,68,9907.84,3,3.0,13,16.0,Priority,Delivered,110782.88,late
SHP02508,ORD102507,SUP023,SKU044,LOC05,LOC20,2025-05-08,2025-05-17,2025-05-24,Air,108,12503.78,7,0.0,16,66.5,Priority,Delivered,168000.48,late
SHP02509,ORD102508,SUP002,SKU021,LOC11,LOC21,2025-10-06,2025-10-19,2025-10-24,Rail,414,18536.12,0,5.0,18,43.6,Critical,Delivered,198703.44,late
SHP02510,ORD102509,SUP019,SKU057,LOC08,LOC17,2025-11-17,2025-11-25,2025-12-04,Air,129,12133.23,8,2.0,17,56.2,Priority,Delivered,171002.4,late
SHP02511,ORD102510,SUP033,SKU060,LOC13,LOC15,2025-06-14,2025-07-01,2025-07-17,Rail,288,3223.78,10,6.0,33,60.0,Normal,Delivered,442854.72,late
SHP02512,ORD102511,SUP027,SKU046,LOC14,LOC16,2025-07-19,2025-08-09,2025-08-14,Ocean,37,1312.13,4,4.0,26,47.3,Priority,Delivered,10587.55,late
SHP02513,ORD102512,SUP006,SKU028,LOC09,LOC22,2025-05-13,2025-05-19,2025-05-21,Air,345,23916.23,2,1.0,8,44.7,Normal,Delivered,321001.8,late
SHP02514,ORD102513,SUP009,SKU053,LOC09,LOC17,2026-07-04,2026-07-12,2026-07-13,Air,263,30205.52,3,1.0,9,30.5,Normal,Delivered,205050.58,late
SHP02515,ORD102514,SUP035,SKU044,LOC12,LOC25,2025-05-27,2025-06-20,2025-06-20,Ocean,188,5025.06,0,0.0,24,16.0,Normal,Delivered,292445.28,on_time
SHP02516,ORD102515,SUP040,SKU032,LOC08,LOC16,2026-09-19,2026-10-20,2026-10-28,Ocean,86,3713.98,7,3.0,39,44.8,Normal,Delivered,11712.34,late
SHP02517,ORD102516,SUP031,SKU027,LOC03,LOC16,2026-01-07,2026-01-31,2026-02-02,Ocean,83,2391.17,3,0.0,26,27.9,Normal,Delivered,102890.95,late
SHP02518,ORD102517,SUP004,SKU050,LOC11,LOC25,2026-07-08,2026-07-27,2026-08-01,Ocean,10,279.18,3,3.0,24,44.7,Normal,Delivered,8628.0,late
SHP02519,ORD102518,SUP025,SKU034,LOC12,LOC18,2026-03-16,2026-03-29,2026-04-09,Rail,116,6548.19,5,2.0,24,36.0,Normal,Delivered,163905.68,late
SHP02520,ORD102519,SUP034,SKU011,LOC08,LOC19,2025-07-03,2025-07-25,2025-08-04,Ocean,306,1661.95,7,5.0,32,81.8,Priority,Delivered,511898.22,late
SHP02521,ORD102520,SUP026,SKU060,LOC06,LOC24,2026-02-19,2026-03-11,2026-03-16,Ocean,220,1110.41,6,1.0,25,52.8,Priority,Delivered,338291.8,late
SHP02522,ORD102521,SUP024,SKU005,LOC12,LOC24,2025-07-09,2025-07-27,2025-07-27,Ocean,404,10001.08,0,3.0,18,67.9,Normal,Delivered,638263.44,on_time
SHP02523,ORD102522,SUP019,SKU042,LOC12,LOC15,2025-03-23,2025-04-11,2025-04-18,Ocean,17,578.56,5,3.0,26,53.2,Normal,Delivered,24764.07,late
SHP02524,ORD102523,SUP010,SKU040,LOC05,LOC24,2025-06-25,2025-07-16,2025-07-20,Ocean,329,3510.27,6,2.0,25,27.4,Normal,Delivered,562672.25,late
SHP02525,ORD102524,SUP012,SKU036,LOC09,LOC22,2025-07-10,2025-08-07,2025-08-16,Ocean,311,13073.85,9,3.0,37,60.6,Normal,Delivered,266592.31,late
SHP02526,ORD102525,SUP030,SKU004,LOC07,LOC20,2025-04-04,2025-04-28,2025-04-28,Ocean,336,1866.47,1,0.0,24,45.8,Normal,Delivered,505209.6,on_time
SHP02527,ORD102526,SUP003,SKU030,LOC07,LOC16,2025-01-17,2025-02-18,2025-02-26,Ocean,300,3626.44,4,4.0,40,74.1,Priority,Delivered,314253.0,late
SHP02528,ORD102527,SUP004,SKU054,LOC14,LOC24,2026-10-14,2026-10-21,2026-10-19,Air,17,2399.74,0,1.0,5,36.6,Priority,Delivered,10719.01,on_time
SHP02529,ORD102528,SUP016,SKU015,LOC02,LOC16,2025-12-21,2026-01-14,2026-01-24,Ocean,196,3974.7,4,7.0,34,41.8,Priority,Delivered,341185.04,late
SHP02530,ORD102529,SUP031,SKU042,LOC04,LOC24,2025-10-05,2025-10-16,2025-10-22,Air,80,10319.19,6,4.0,17,19.4,Normal,Delivered,116536.8,late
SHP02531,ORD102530,SUP027,SKU052,LOC03,LOC17,2026-10-04,2026-10-30,2026-11-02,Ocean,153,5795.59,1,4.0,29,41.1,Normal,Delivered,39034.89,late
SHP02532,ORD102531,SUP024,SKU058,LOC05,LOC23,2025-06-05,2025-06-20,2025-07-01,Ocean,419,17828.88,5,5.0,26,82.5,Priority,Delivered,592646.17,late
SHP02533,ORD102532,SUP022,SKU031,LOC10,LOC19,2025-10-05,2025-10-23,2025-10-26,Rail,50,1600.23,2,3.0,21,16.0,Priority,Delivered,48209.5,late
SHP02534,ORD102533,SUP005,SKU019,LOC04,LOC21,2026-08-08,2026-08-28,2026-09-08,Ocean,213,9131.28,7,1.0,31,53.9,Normal,Delivered,235034.85,late
SHP02535,ORD102534,SUP014,SKU042,LOC07,LOC17,2026-03-13,2026-04-05,2026-04-11,Ocean,107,3388.71,3,2.0,29,38.1,Critical,Delivered,155867.97,late
SHP02536,ORD102535,SUP004,SKU030,LOC01,LOC23,2025-10-03,2025-10-11,2025-10-11,Air,211,12351.62,4,0.0,8,29.9,Priority,Delivered,221024.61,on_time
SHP02537,ORD102536,SUP031,SKU038,LOC13,LOC18,2025-06-26,2025-07-13,2025-07-16,Ocean,319,6410.28,5,1.0,20,19.8,Priority,Delivered,144558.04,late
SHP02538,ORD102537,SUP031,SKU045,LOC05,LOC23,2025-01-25,2025-01-31,2025-02-09,Air,66,1160.77,4,6.0,15,22.6,Normal,Delivered,87029.58,late
SHP02539,ORD102538,SUP011,SKU043,LOC14,LOC25,2025-02-28,2025-03-07,2025-03-16,Air,398,21683.54,7,0.0,16,37.5,Normal,Delivered,531226.52,late
SHP02540,ORD102539,SUP012,SKU015,LOC08,LOC18,2025-04-22,2025-05-09,2025-05-18,Rail,133,5057.4,6,5.0,26,61.2,Normal,Delivered,231518.42,late
SHP02541,ORD102540,SUP013,SKU046,LOC02,LOC22,2026-06-27,2026-07-09,2026-07-14,Rail,300,26773.64,5,2.0,17,31.3,Normal,Delivered,85845.0,late
SHP02542,ORD102541,SUP036,SKU033,LOC12,LOC17,2026-03-18,2026-04-09,2026-04-18,Ocean,300,13014.01,7,2.0,31,64.1,Normal,Delivered,488748.0,late
SHP02543,ORD102542,SUP020,SKU056,LOC11,LOC18,2025-10-27,2025-11-05,2025-11-11,Air,364,14588.12,8,1.0,15,70.7,Normal,Delivered,110787.04,late
SHP02544,ORD102543,SUP031,SKU040,LOC11,LOC23,2026-06-25,2026-07-20,2026-07-20,Ocean,219,3447.99,2,0.0,25,29.8,Normal,Delivered,374544.75,on_time
SHP02545,ORD102544,SUP018,SKU054,LOC11,LOC20,2025-04-21,2025-04-30,2025-05-09,Air,432,65210.72,7,2.0,18,36.7,Normal,Delivered,272388.96,late
SHP02546,ORD102545,SUP028,SKU059,LOC09,LOC23,2025-05-26,2025-06-01,2025-06-11,Air,355,61633.82,2,6.0,16,52.6,Priority,Delivered,463157.85,late
SHP02547,ORD102546,SUP022,SKU060,LOC05,LOC19,2025-09-28,2025-10-25,2025-10-30,Ocean,227,1126.04,1,5.0,32,16.0,Normal,Delivered,349055.63,late
SHP02548,ORD102547,SUP012,SKU045,LOC13,LOC17,2026-09-26,2026-10-25,2026-10-29,Ocean,28,119.04,3,3.0,33,43.6,Priority,Delivered,36921.64,late
SHP02549,ORD102548,SUP036,SKU036,LOC04,LOC17,2026-02-28,2026-03-19,2026-03-24,Ocean,128,4863.71,3,0.0,24,81.7,Normal,Delivered,109722.88,late
SHP02550,ORD102549,SUP029,SKU008,LOC13,LOC24,2026-08-11,2026-09-09,2026-09-19,Ocean,299,2009.16,2,5.0,39,52.5,Priority,Delivered,369052.71,late
SHP02551,ORD102550,SUP031,SKU024,LOC10,LOC17,2025-06-21,2025-07-12,2025-07-17,Ocean,286,4347.8,1,3.0,26,12.9,Normal,Delivered,85085.0,late
SHP02552,ORD102551,SUP038,SKU029,LOC05,LOC17,2026-08-09,2026-08-19,2026-08-31,Rail,353,2339.89,7,4.0,22,84.5,Normal,Delivered,128326.09,late
SHP02553,ORD102552,SUP010,SKU047,LOC01,LOC25,2025-02-20,2025-03-15,2025-03-24,Ocean,457,9934.29,4,9.0,32,10.5,Priority,Delivered,648259.07,late
SHP02554,ORD102553,SUP004,SKU036,LOC09,LOC22,2025-06-07,2025-06-12,2025-06-20,Air,97,13697.87,6,2.0,13,27.1,Normal,Delivered,83149.37,late
SHP02555,ORD102554,SUP024,SKU027,LOC10,LOC19,2025-12-27,2026-01-17,2026-01-22,Rail,87,3663.51,7,2.0,26,63.7,Normal,Delivered,107849.55,late
SHP02556,ORD102555,SUP014,SKU009,LOC06,LOC23,2025-02-04,2025-02-09,2025-02-12,Air,425,57214.2,3,1.0,8,36.2,Normal,Delivered,452565.5,late
SHP02557,ORD102556,SUP018,SKU043,LOC08,LOC25,2026-08-16,2026-09-12,2026-09-19,Ocean,32,390.08,5,3.0,34,45.6,Priority,Delivered,42711.68,late
SHP02558,ORD102557,SUP010,SKU026,LOC01,LOC19,2026-08-22,2026-09-09,2026-09-08,Rail,57,203.2,3,2.0,17,29.4,Normal,Delivered,8106.54,on_time
SHP02559,ORD102558,SUP016,SKU003,LOC09,LOC24,2026-01-09,2026-01-18,2026-01-16,Air,30,1303.79,0,1.0,7,38.6,Normal,Delivered,50673.3,on_time
SHP02560,ORD102559,SUP016,SKU018,LOC11,LOC25,2025-07-31,2025-08-04,2025-08-11,Air,437,79121.51,5,3.0,11,42.8,Normal,Delivered,198083.36,late
SHP02561,ORD102560,SUP015,SKU053,LOC05,LOC24,2025-03-10,2025-03-29,2025-04-02,Rail,280,15039.03,6,3.0,23,52.3,Critical,Delivered,218304.8,late
SHP02562,ORD102561,SUP030,SKU008,LOC13,LOC24,2026-03-04,2026-03-09,2026-03-14,Air,30,926.48,2,3.0,10,54.4,Normal,Delivered,37028.7,late
SHP02563,ORD102562,SUP024,SKU025,LOC12,LOC15,2026-01-06,2026-02-01,2026-02-06,Ocean,203,2978.65,3,1.0,31,66.6,Normal,Delivered,63861.77,late
SHP02564,ORD102563,SUP019,SKU031,LOC01,LOC25,2026-06-09,2026-06-28,2026-07-01,Rail,97,2706.42,3,4.0,22,65.4,Normal,Delivered,93526.43,late
SHP02565,ORD102564,SUP005,SKU006,LOC11,LOC22,2026-02-20,2026-03-14,2026-03-19,Ocean,75,841.31,3,1.0,27,47.0,Normal,Delivered,105701.25,late
SHP02566,ORD102565,SUP023,SKU010,LOC03,LOC24,2025-03-30,2025-04-07,2025-04-13,Air,20,3524.24,4,3.0,14,40.1,Normal,Delivered,26010.8,late
SHP02567,ORD102566,SUP008,SKU057,LOC08,LOC16,2025-03-26,2025-04-19,2025-04-24,Ocean,334,6555.3,4,3.0,29,22.4,Critical,Delivered,442750.4,late
SHP02568,ORD102567,SUP013,SKU036,LOC05,LOC18,2026-06-23,2026-07-11,2026-07-17,Ocean,359,12077.09,3,4.0,24,50.1,Normal,Delivered,307738.39,late
SHP02569,ORD102568,SUP017,SKU013,LOC13,LOC15,2025-04-20,2025-05-17,2025-05-17,Ocean,116,1672.67,2,0.0,27,27.0,Normal,Delivered,193492.64,on_time
SHP02570,ORD102569,SUP006,SKU011,LOC06,LOC17,2026-10-10,2026-10-29,2026-10-31,Ocean,478,2991.05,1,1.0,21,43.6,Normal,Delivered,799631.86,late
SHP02571,ORD102570,SUP016,SKU026,LOC07,LOC25,2025-03-15,2025-04-03,2025-04-07,Rail,168,589.86,4,3.0,23,46.9,Normal,Delivered,23892.96,late
SHP02572,ORD102571,SUP011,SKU044,LOC11,LOC19,2026-05-18,2026-06-14,2026-06-21,Ocean,168,4376.42,5,4.0,34,40.5,Normal,Delivered,261334.08,late
SHP02573,ORD102572,SUP034,SKU044,LOC04,LOC17,2026-11-04,2026-11-15,2026-11-25,Air,297,39476.46,8,3.0,21,70.7,Normal,Delivered,462001.32,late
SHP02574,ORD102573,SUP035,SKU012,LOC08,LOC20,2025-11-01,2025-11-19,2025-11-20,Ocean,385,4830.6,0,0.0,19,16.0,Normal,Delivered,347447.1,late
SHP02575,ORD102574,SUP001,SKU044,LOC13,LOC20,2025-02-09,2025-02-24,2025-02-28,Rail,212,11509.34,3,0.0,19,25.7,Priority,Delivered,329778.72,late
SHP02576,ORD102575,SUP025,SKU054,LOC05,LOC20,2026-08-28,2026-09-28,2026-10-05,Ocean,13,408.64,7,2.0,38,42.7,Normal,Delivered,8196.89,late
SHP02577,ORD102576,SUP026,SKU014,LOC10,LOC25,2025-05-10,2025-06-07,2025-06-13,Ocean,92,1825.65,3,7.0,34,35.0,Normal,Delivered,106501.96,late
SHP02578,ORD102577,SUP016,SKU002,LOC08,LOC24,2025-12-30,2026-01-20,2026-01-30,Ocean,101,2945.55,7,0.0,31,50.7,Normal,Delivered,70777.77,late
SHP02579,ORD102578,SUP019,SKU058,LOC07,LOC15,2026-11-11,2026-11-27,2026-12-02,Ocean,244,9294.81,4,3.0,21,50.6,Normal,Delivered,345120.92,late
SHP02580,ORD102579,SUP032,SKU032,LOC10,LOC21,2026-05-29,2026-06-10,2026-06-19,Rail,308,19600.62,8,5.0,21,95.8,Priority,Delivered,41946.52,late
SHP02581,ORD102580,SUP016,SKU047,LOC02,LOC24,2025-02-01,2025-02-22,2025-02-26,Rail,471,28951.82,4,3.0,25,35.5,Normal,Delivered,668118.21,late
SHP02582,ORD102581,SUP003,SKU020,LOC04,LOC21,2026-07-21,2026-08-07,2026-08-23,Ocean,460,6241.42,11,3.0,33,61.0,Normal,Delivered,364513.2,late
SHP02583,ORD102582,SUP015,SKU018,LOC13,LOC25,2025-04-22,2025-05-14,2025-05-19,Ocean,267,9372.46,2,1.0,27,25.6,Critical,Delivered,121025.76,late
SHP02584,ORD102583,SUP011,SKU014,LOC13,LOC20,2026-06-02,2026-06-30,2026-07-11,Ocean,202,4537.77,8,5.0,39,64.5,Priority,Delivered,233841.26,late
SHP02585,ORD102584,SUP016,SKU014,LOC09,LOC23,2026-03-05,2026-03-22,2026-03-25,Ocean,34,1006.18,4,2.0,20,41.2,Normal,Delivered,39359.42,late
SHP02586,ORD102585,SUP010,SKU029,LOC10,LOC18,2025-07-18,2025-07-29,2025-08-06,Air,356,3503.72,9,1.0,19,16.5,Normal,Delivered,129416.68,late
SHP02587,ORD102586,SUP006,SKU007,LOC02,LOC22,2025-10-20,2025-11-14,2025-11-21,Ocean,218,1539.67,3,2.0,32,37.4,Normal,Delivered,15142.28,late
SHP02588,ORD102587,SUP040,SKU051,LOC14,LOC16,2025-03-23,2025-03-29,2025-04-04,Air,347,66009.69,4,0.0,12,65.8,Critical,Delivered,315329.31,late
SHP02589,ORD102588,SUP006,SKU031,LOC09,LOC24,2026-11-12,2026-11-28,2026-12-03,Rail,306,9792.78,10,0.0,21,30.2,Normal,Delivered,295042.14,late
SHP02590,ORD102589,SUP029,SKU055,LOC11,LOC15,2025-06-14,2025-07-02,2025-07-19,Ocean,89,1309.11,10,7.0,35,39.2,Normal,Delivered,60890.24,late
SHP02591,ORD102590,SUP029,SKU031,LOC02,LOC22,2025-08-01,2025-08-30,2025-09-06,Ocean,65,1086.52,5,4.0,36,56.7,Normal,Delivered,62672.35,late
SHP02592,ORD102591,SUP025,SKU019,LOC01,LOC15,2025-12-13,2026-01-11,2026-01-15,Ocean,129,5646.08,3,1.0,33,37.4,Normal,Delivered,142345.05,late
SHP02593,ORD102592,SUP037,SKU031,LOC13,LOC23,2026-04-09,2026-04-28,2026-05-06,Ocean,132,1926.1,7,2.0,27,43.3,Normal,Delivered,127273.08,late
SHP02594,ORD102593,SUP001,SKU010,LOC12,LOC20,2025-12-15,2026-01-13,2026-01-21,Ocean,479,15036.58,8,1.0,37,26.0,Normal,Delivered,622958.66,late
SHP02595,ORD102594,SUP013,SKU050,LOC06,LOC18,2025-12-15,2025-12-23,2025-12-27,Air,200,23283.87,6,1.0,12,45.5,Normal,Delivered,172560.0,late
SHP02596,ORD102595,SUP008,SKU044,LOC09,LOC23,2026-02-07,2026-03-06,2026-03-06,Ocean,365,8823.56,0,1.0,27,28.8,Normal,Delivered,567779.4,on_time
SHP02597,ORD102596,SUP024,SKU009,LOC07,LOC21,2026-08-15,2026-08-25,2026-09-01,Air,294,36989.24,4,4.0,17,59.5,Normal,Delivered,313068.84,late
SHP02598,ORD102597,SUP026,SKU035,LOC03,LOC22,2025-09-30,2025-10-11,2025-10-15,Rail,117,1268.53,1,4.0,15,41.2,Priority,Delivered,115338.6,late
SHP02599,ORD102598,SUP036,SKU033,LOC08,LOC18,2026-07-29,2026-08-08,2026-08-15,Rail,361,26735.52,5,4.0,17,77.1,Normal,Delivered,588126.76,late
SHP02600,ORD102599,SUP016,SKU013,LOC05,LOC19,2026-06-27,2026-07-05,2026-07-12,Air,276,19095.67,3,5.0,15,27.8,Critical,Delivered,460379.04,late
SHP02601,ORD102600,SUP010,SKU008,LOC02,LOC18,2026-10-26,2026-11-18,2026-11-24,Ocean,432,2254.22,2,1.0,29,28.9,Normal,Delivered,533213.28,late
SHP02602,ORD102601,SUP037,SKU046,LOC01,LOC22,2026-09-23,2026-10-23,2026-10-26,Ocean,295,12414.73,0,3.0,33,32.2,Normal,Delivered,84414.25,late
SHP02603,ORD102602,SUP027,SKU016,LOC10,LOC16,2026-07-05,2026-07-25,2026-08-09,Ocean,311,12035.35,9,6.0,35,57.9,Normal,Delivered,453018.15,late
SHP02604,ORD102603,SUP031,SKU032,LOC04,LOC17,2025-06-20,2025-06-30,2025-07-01,Rail,218,12714.44,3,0.0,11,15.4,Priority,Delivered,29689.42,late
SHP02605,ORD102604,SUP018,SKU015,LOC08,LOC21,2026-06-19,2026-07-06,2026-07-14,Rail,277,10021.65,9,3.0,25,42.8,Normal,Delivered,482184.98,late
SHP02606,ORD102605,SUP018,SKU040,LOC04,LOC25,2026-05-24,2026-06-24,2026-06-26,Ocean,92,1126.62,4,0.0,33,45.8,Normal,Delivered,157343.0,late
SHP02607,ORD102606,SUP016,SKU003,LOC07,LOC16,2025-07-19,2025-08-11,2025-08-18,Ocean,126,1459.79,6,4.0,30,40.9,Normal,Delivered,212827.86,late
SHP02608,ORD102607,SUP030,SKU022,LOC04,LOC22,2026-04-13,2026-05-14,2026-05-22,Ocean,269,8091.22,1,5.0,39,34.7,Priority,Delivered,397603.52,late
SHP02609,ORD102608,SUP009,SKU033,LOC03,LOC22,2025-06-24,2025-07-13,2025-07-13,Ocean,378,13568.16,3,1.0,19,29.2,Normal,Delivered,615822.48,on_time
SHP02610,ORD102609,SUP040,SKU027,LOC13,LOC25,2025-12-27,2026-01-13,2026-01-30,Rail,143,7681.14,9,8.0,34,53.5,Normal,Delivered,177269.95,late
SHP02611,ORD102610,SUP008,SKU037,LOC02,LOC15,2026-07-04,2026-08-01,2026-08-12,Ocean,28,405.68,5,6.0,39,38.8,Normal,Delivered,8128.12,late
SHP02612,ORD102611,SUP019,SKU011,LOC06,LOC25,2025-05-11,2025-06-10,2025-06-19,Ocean,374,1991.48,6,3.0,39,63.9,Normal,Delivered,625653.38,late
SHP02613,ORD102612,SUP013,SKU027,LOC14,LOC23,2025-08-21,2025-09-20,2025-09-23,Ocean,59,1490.51,2,2.0,33,31.6,Normal,Delivered,73139.35,late
SHP02614,ORD102613,SUP026,SKU046,LOC01,LOC23,2026-07-03,2026-08-03,2026-08-13,Ocean,259,9057.29,7,4.0,41,27.6,Normal,Delivered,74112.85,late
SHP02615,ORD102614,SUP028,SKU021,LOC03,LOC16,2025-11-10,2025-12-10,2025-12-12,Ocean,298,5387.36,5,0.0,32,66.8,Normal,Delivered,143028.08,late
SHP02616,ORD102615,SUP037,SKU010,LOC03,LOC20,2026-10-25,2026-11-09,2026-11-13,Rail,77,6062.82,4,3.0,19,29.5,Normal,Delivered,100141.58,late
SHP02617,ORD102616,SUP032,SKU051,LOC05,LOC20,2025-01-06,2025-01-27,2025-02-05,Ocean,203,7525.46,5,3.0,30,93.6,Critical,Delivered,184472.19,late
SHP02618,ORD102617,SUP010,SKU047,LOC04,LOC15,2026-05-14,2026-05-21,2026-05-25,Air,150,21186.72,5,3.0,11,33.7,Normal,Delivered,212776.5,late
SHP02619,ORD102618,SUP009,SKU041,LOC01,LOC19,2026-07-16,2026-08-17,2026-08-17,Ocean,472,7180.66,3,0.0,32,25.3,Priority,Delivered,464773.68,on_time
SHP02620,ORD102619,SUP036,SKU048,LOC03,LOC15,2026-09-26,2026-10-14,2026-10-21,Ocean,54,2138.53,4,3.0,25,55.8,Normal,Delivered,26443.26,late
SHP02621,ORD102620,SUP020,SKU047,LOC03,LOC19,2025-04-19,2025-05-24,2025-05-25,Ocean,213,4996.77,3,4.0,36,56.5,Priority,Delivered,302142.63,late
SHP02622,ORD102621,SUP004,SKU045,LOC04,LOC20,2026-11-11,2026-11-27,2026-11-25,Ocean,226,1212.27,0,0.0,14,17.0,Normal,Delivered,298010.38,on_time
SHP02623,ORD102622,SUP033,SKU031,LOC04,LOC24,2025-09-28,2025-10-26,2025-11-03,Ocean,219,3519.47,4,6.0,36,55.0,Normal,Delivered,211157.61,late
SHP02624,ORD102623,SUP026,SKU002,LOC04,LOC21,2025-08-31,2025-09-26,2025-09-30,Ocean,17,525.52,5,2.0,30,37.3,Normal,Delivered,11913.09,late
SHP02625,ORD102624,SUP002,SKU036,LOC07,LOC24,2025-09-03,2025-09-11,2025-09-07,Air,42,7403.9,1,0.0,4,47.0,Normal,Delivered,36002.82,on_time
SHP02626,ORD102625,SUP032,SKU017,LOC07,LOC23,2026-03-17,2026-03-22,2026-04-02,Air,18,126.59,3,7.0,16,91.3,Normal,Delivered,4257.9,late
SHP02627,ORD102626,SUP025,SKU047,LOC03,LOC19,2026-03-31,2026-04-12,2026-04-19,Rail,99,6240.43,3,4.0,19,33.1,Normal,Delivered,140432.49,late
SHP02628,ORD102627,SUP025,SKU029,LOC12,LOC18,2025-11-24,2025-12-18,2025-12-25,Ocean,202,632.51,6,0.0,31,48.2,Normal,Delivered,73433.06,late
SHP02629,ORD102628,SUP035,SKU055,LOC05,LOC25,2025-02-19,2025-02-24,2025-02-28,Air,469,24882.92,3,1.0,9,16.0,Normal,Delivered,320871.04,late
SHP02630,ORD102629,SUP020,SKU036,LOC10,LOC18,2026-11-12,2026-11-18,2026-11-29,Air,427,80386.38,7,5.0,17,55.3,Normal,Delivered,366028.67,late
SHP02631,ORD102630,SUP019,SKU034,LOC13,LOC18,2025-06-03,2025-06-23,2025-07-04,Ocean,178,5000.64,9,4.0,31,47.3,Normal,Delivered,251510.44,late
SHP02632,ORD102631,SUP025,SKU056,LOC05,LOC23,2025-03-06,2025-03-26,2025-04-01,Ocean,469,2934.45,8,3.0,26,43.8,Priority,Delivered,142744.84,late
SHP02633,ORD102632,SUP008,SKU029,LOC08,LOC18,2026-02-17,2026-03-21,2026-03-28,Ocean,381,1189.31,1,7.0,39,39.9,Priority,Delivered,138504.93,late
SHP02634,ORD102633,SUP007,SKU023,LOC11,LOC25,2025-10-12,2025-10-19,2025-10-22,Air,89,12819.76,0,0.0,10,56.2,Priority,Delivered,26836.17,late
SHP02635,ORD102634,SUP034,SKU023,LOC12,LOC15,2026-03-01,2026-03-30,2026-04-13,Ocean,120,2917.97,11,2.0,43,65.6,Normal,Delivered,36183.6,late
SHP02636,ORD102635,SUP009,SKU053,LOC14,LOC25,2026-08-28,2026-09-22,2026-09-27,Ocean,294,8677.02,4,0.0,30,22.4,Normal,Delivered,229220.04,late
SHP02637,ORD102636,SUP021,SKU046,LOC09,LOC19,2025-03-09,2025-03-26,2025-03-27,Rail,303,24488.03,1,3.0,18,51.1,Normal,Delivered,86703.45,late
SHP02638,ORD102637,SUP011,SKU010,LOC13,LOC15,2025-07-15,2025-08-14,2025-08-15,Ocean,281,11829.97,1,0.0,31,58.4,Normal,Delivered,365451.74,late
SHP02639,ORD102638,SUP010,SKU030,LOC06,LOC20,2025-12-23,2026-01-11,2026-01-15,Rail,273,7304.48,1,3.0,23,32.3,Normal,Delivered,285970.23,late
SHP02640,ORD102639,SUP024,SKU023,LOC11,LOC17,2026-06-28,2026-07-05,2026-07-09,Air,345,36372.69,5,3.0,11,73.0,Normal,Delivered,104027.85,late
SHP02641,ORD102640,SUP033,SKU039,LOC08,LOC21,2026-02-19,2026-03-02,2026-03-09,Rail,89,2119.64,5,1.0,18,68.4,Normal,Delivered,63275.44,late
SHP02642,ORD102641,SUP018,SKU004,LOC08,LOC17,2025-09-22,2025-09-28,2025-10-09,Air,332,7789.92,5,3.0,17,29.7,Normal,Delivered,499195.2,late
SHP02643,ORD102642,SUP006,SKU043,LOC12,LOC25,2026-02-25,2026-03-27,2026-03-30,Ocean,171,1772.76,8,0.0,33,52.7,Normal,Delivered,228240.54,late
SHP02644,ORD102643,SUP010,SKU045,LOC07,LOC16,2026-11-08,2026-11-12,2026-11-16,Air,371,7503.08,0,4.0,8,38.2,Priority,Delivered,489211.73,late
SHP02645,ORD102644,SUP007,SKU014,LOC07,LOC20,2025-11-28,2025-12-05,2025-12-18,Air,30,3437.59,8,5.0,20,46.4,Critical,Delivered,34728.9,late
SHP02646,ORD102645,SUP036,SKU010,LOC12,LOC25,2026-09-02,2026-09-11,2026-09-20,Air,197,34838.58,4,3.0,18,65.1,Normal,Delivered,256206.38,late
SHP02647,ORD102646,SUP013,SKU038,LOC13,LOC16,2026-06-23,2026-07-11,2026-07-16,Ocean,466,8847.5,6,0.0,23,42.0,Normal,Delivered,211172.56,late
SHP02648,ORD102647,SUP015,SKU016,LOC03,LOC24,2025-07-27,2025-08-27,2025-09-07,Ocean,153,6524.77,7,5.0,42,46.8,Normal,Delivered,222867.45,late
SHP02649,ORD102648,SUP003,SKU057,LOC04,LOC21,2025-06-22,2025-07-21,2025-07-29,Ocean,357,6358.59,6,4.0,37,68.3,Normal,Delivered,473239.2,late
SHP02650,ORD102649,SUP018,SKU047,LOC02,LOC15,2026-06-16,2026-07-17,2026-07-20,Ocean,273,7700.3,4,2.0,34,40.1,Normal,Delivered,387253.23,late
SHP02651,ORD102650,SUP037,SKU058,LOC01,LOC20,2025-05-24,2025-06-24,2025-06-27,Ocean,295,13147.13,2,3.0,34,37.2,Critical,Delivered,417256.85,late
SHP02652,ORD102651,SUP017,SKU033,LOC14,LOC23,2025-08-21,2025-09-06,2025-09-10,Rail,83,7130.29,6,0.0,20,27.0,Priority,Delivered,135220.28,late
SHP02653,ORD102652,SUP027,SKU057,LOC07,LOC24,2025-06-12,2025-06-24,2025-06-24,Air,452,35550.65,2,0.0,12,51.0,Normal,Delivered,599171.2,on_time
SHP02654,ORD102653,SUP008,SKU001,LOC09,LOC23,2026-02-23,2026-03-06,2026-03-09,Air,333,40803.4,4,1.0,14,21.0,Normal,Delivered,199620.18,late
SHP02655,ORD102654,SUP006,SKU018,LOC13,LOC18,2025-07-22,2025-08-10,2025-08-19,Ocean,391,14726.58,4,5.0,28,49.7,Normal,Delivered,177232.48,late
SHP02656,ORD102655,SUP030,SKU001,LOC02,LOC18,2026-03-31,2026-04-30,2026-05-05,Ocean,273,5343.13,6,0.0,35,36.0,Critical,Delivered,163652.58,late
SHP02657,ORD102656,SUP003,SKU041,LOC14,LOC22,2026-10-08,2026-11-03,2026-11-09,Ocean,73,1041.71,1,1.0,32,68.0,Normal,Delivered,71882.37,late
SHP02658,ORD102657,SUP018,SKU031,LOC12,LOC16,2026-07-27,2026-08-26,2026-09-04,Ocean,215,3266.08,7,4.0,39,28.9,Normal,Delivered,207300.85,late
SHP02659,ORD102658,SUP013,SKU018,LOC05,LOC17,2026-10-17,2026-11-15,2026-11-18,Ocean,207,5864.98,3,4.0,32,45.5,Normal,Delivered,93828.96,late
SHP02660,ORD102659,SUP001,SKU019,LOC01,LOC25,2025-01-17,2025-02-14,2025-02-12,Ocean,208,7333.45,1,0.0,26,35.1,Normal,Delivered,229517.6,on_time
SHP02661,ORD102660,SUP022,SKU039,LOC08,LOC17,2025-11-11,2025-11-26,2025-12-02,Ocean,290,4668.31,3,1.0,21,16.0,Normal,Delivered,206178.4,late
SHP02662,ORD102661,SUP039,SKU011,LOC13,LOC23,2025-06-01,2025-06-22,2025-06-27,Ocean,16,79.25,2,3.0,26,27.6,Normal,Delivered,26765.92,late
SHP02663,ORD102662,SUP003,SKU031,LOC12,LOC15,2026-09-26,2026-10-25,2026-11-07,Ocean,58,826.44,6,3.0,42,69.0,Normal,Delivered,55923.02,late
SHP02664,ORD102663,SUP033,SKU037,LOC09,LOC18,2026-05-07,2026-05-23,2026-05-30,Ocean,416,5950.61,6,3.0,23,46.3,Normal,Delivered,120760.64,late
SHP02665,ORD102664,SUP022,SKU015,LOC08,LOC19,2025-08-09,2025-08-30,2025-08-31,Ocean,288,4333.75,0,3.0,22,16.0,Priority,Delivered,501333.12,late
SHP02666,ORD102665,SUP029,SKU014,LOC02,LOC15,2026-01-24,2026-02-02,2026-02-15,Air,125,14283.95,8,6.0,22,57.0,Critical,Delivered,144703.75,late
SHP02667,ORD102666,SUP004,SKU022,LOC08,LOC24,2026-02-22,2026-03-24,2026-03-24,Ocean,158,5086.48,0,2.0,30,31.6,Normal,Delivered,233536.64,on_time
SHP02668,ORD102667,SUP035,SKU036,LOC14,LOC17,2025-12-08,2025-12-30,2026-01-04,Ocean,82,3591.96,4,3.0,27,16.0,Normal,Delivered,70291.22,late
SHP02669,ORD102668,SUP001,SKU016,LOC06,LOC19,2025-11-24,2025-12-11,2025-12-15,Ocean,204,8859.22,0,4.0,21,35.9,Normal,Delivered,297156.6,late
SHP02670,ORD102669,SUP037,SKU023,LOC08,LOC21,2025-02-08,2025-02-21,2025-03-04,Rail,317,16624.03,4,4.0,24,43.3,Normal,Delivered,95585.01,late
SHP02671,ORD102670,SUP027,SKU033,LOC11,LOC20,2025-11-09,2025-11-18,2025-11-27,Air,50,9543.38,10,5.0,18,43.6,Priority,Delivered,81458.0,late
SHP02672,ORD102671,SUP014,SKU012,LOC02,LOC24,2025-08-29,2025-09-08,2025-09-16,Air,363,26641.56,10,1.0,18,31.7,Normal,Delivered,327592.98,late
SHP02673,ORD102672,SUP001,SKU035,LOC13,LOC18,2026-07-19,2026-08-13,2026-08-16,Ocean,207,1656.05,3,5.0,28,35.6,Normal,Delivered,204060.6,late
SHP02674,ORD102673,SUP025,SKU009,LOC10,LOC20,2026-08-20,2026-08-27,2026-09-01,Air,301,48056.97,2,3.0,12,42.1,Normal,Delivered,320522.86,late
SHP02675,ORD102674,SUP004,SKU009,LOC05,LOC21,2026-06-02,2026-06-22,2026-06-28,Rail,458,27888.34,4,0.0,26,25.0,Normal,Delivered,487705.88,late
SHP02676,ORD102675,SUP025,SKU015,LOC02,LOC25,2025-01-22,2025-02-10,2025-02-16,Ocean,338,5495.06,2,5.0,25,51.2,Normal,Delivered,588370.12,late
SHP02677,ORD102676,SUP031,SKU018,LOC04,LOC19,2026-08-04,2026-08-08,2026-08-14,Air,55,7359.4,2,5.0,10,21.1,Normal,Delivered,24930.4,late
SHP02678,ORD102677,SUP011,SKU002,LOC04,LOC17,2025-10-01,2025-10-26,2025-11-08,Ocean,199,5410.09,8,3.0,38,51.1,Normal,Delivered,139453.23,late
SHP02679,ORD102678,SUP010,SKU058,LOC05,LOC18,2025-10-15,2025-10-25,2025-11-03,Air,116,25527.64,9,1.0,19,20.2,Normal,Delivered,164073.88,late
SHP02680,ORD102679,SUP009,SKU019,LOC13,LOC19,2026-10-15,2026-11-01,2026-11-01,Ocean,374,12280.9,1,2.0,17,12.8,Normal,Delivered,412690.3,on_time
SHP02681,ORD102680,SUP009,SKU049,LOC13,LOC16,2026-08-22,2026-09-22,2026-09-26,Ocean,82,2490.8,2,0.0,35,26.1,Normal,Delivered,28340.84,late
SHP02682,ORD102681,SUP005,SKU055,LOC06,LOC20,2025-02-05,2025-02-19,2025-02-26,Rail,165,3293.11,2,3.0,21,52.8,Normal,Delivered,112886.4,late
SHP02683,ORD102682,SUP010,SKU049,LOC04,LOC22,2025-09-06,2025-09-24,2025-09-25,Rail,298,13620.85,3,0.0,19,18.6,Normal,Delivered,102994.76,late
SHP02684,ORD102683,SUP027,SKU050,LOC10,LOC19,2026-06-02,2026-06-27,2026-07-03,Ocean,469,10767.25,3,3.0,31,52.0,Normal,Delivered,404653.2,late
SHP02685,ORD102684,SUP013,SKU007,LOC04,LOC24,2026-01-07,2026-01-22,2026-01-27,Rail,330,4776.08,6,1.0,20,35.0,Normal,Delivered,22921.8,late
SHP02686,ORD102685,SUP032,SKU023,LOC06,LOC16,2025-06-27,2025-07-27,2025-08-03,Ocean,433,13396.58,2,4.0,37,83.9,Critical,Delivered,130562.49,late
SHP02687,ORD102686,SUP033,SKU045,LOC05,LOC23,2025-12-29,2026-01-30,2026-01-30,Ocean,12,65.14,3,0.0,32,60.0,Normal,Delivered,15823.56,on_time
SHP02688,ORD102687,SUP031,SKU035,LOC09,LOC15,2026-08-21,2026-09-10,2026-09-12,Rail,91,1046.31,4,0.0,22,10.9,Normal,Delivered,89707.8,late
SHP02689,ORD102688,SUP022,SKU001,LOC02,LOC24,2025-06-04,2025-06-20,2025-06-22,Ocean,215,4987.62,2,2.0,18,16.0,Normal,Delivered,128883.9,late
SHP02690,ORD102689,SUP013,SKU035,LOC08,LOC24,2026-05-30,2026-06-19,2026-06-23,Ocean,399,2382.7,3,0.0,24,38.7,Normal,Delivered,393334.2,late
SHP02691,ORD102690,SUP038,SKU049,LOC05,LOC21,2026-05-22,2026-05-30,2026-06-07,Air,73,7309.43,5,3.0,16,72.8,Priority,Delivered,25230.26,late
SHP02692,ORD102691,SUP009,SKU050,LOC06,LOC18,2026-09-04,2026-10-04,2026-10-10,Ocean,173,5213.43,5,3.0,36,34.2,Critical,Delivered,149264.4,late
SHP02693,ORD102692,SUP019,SKU024,LOC14,LOC25,2025-07-25,2025-08-25,2025-08-27,Ocean,126,1747.8,2,3.0,33,67.4,Normal,Delivered,37485.0,late
SHP02694,ORD102693,SUP019,SKU015,LOC07,LOC20,2025-05-29,2025-06-26,2025-07-05,Ocean,397,7165.35,4,3.0,37,49.2,Normal,Delivered,691073.78,late
SHP02695,ORD102694,SUP030,SKU019,LOC12,LOC24,2026-01-13,2026-01-24,2026-01-29,Air,107,18630.72,7,3.0,16,37.3,Normal,Delivered,118069.15,late
SHP02696,ORD102695,SUP022,SKU018,LOC10,LOC25,2026-01-02,2026-01-31,2026-02-08,Ocean,264,10440.53,5,1.0,37,16.0,Normal,Delivered,119665.92,late
SHP02697,ORD102696,SUP032,SKU021,LOC04,LOC22,2025-10-10,2025-11-05,2025-11-14,Ocean,286,6471.24,8,3.0,35,93.2,Normal,Delivered,137268.56,late
SHP02698,ORD102697,SUP037,SKU019,LOC09,LOC23,2026-06-22,2026-07-04,2026-07-05,Air,122,25270.1,4,0.0,13,31.1,Normal,Delivered,134620.9,late
SHP02699,ORD102698,SUP016,SKU028,LOC11,LOC21,2026-07-06,2026-07-25,2026-08-05,Ocean,329,4168.68,4,1.0,30,38.4,Normal,Delivered,306114.76,late
SHP02700,ORD102699,SUP035,SKU003,LOC13,LOC20,2025-06-19,2025-07-09,2025-07-09,Ocean,111,1491.1,1,0.0,20,16.0,Normal,Delivered,187491.21,on_time
SHP_DUPLICATE_01,ORD102000,SUP013,SKU045,LOC02,LOC19,2026-06-10,2026-06-29,2026-07-04,Rail,109,1242.42,4,5.0,24,36.6,Priority,Delivered,143730.67,late
